2026-04-13 14:31:54,321 - semo.validator - INFO - Tag Exists '.xdg-volume-info': False
2026-04-13 14:31:54,322 - semo.validator - INFO - Tag Exists 'autorun.inf': False
2026-04-13 14:31:54,322 - semo.validator - INFO - Tag Exists '.Trash': False
2026-04-13 14:31:54,324 - semo.validator - INFO - Tag Exists '.Trash-1000': False
2026-04-13 14:31:54,324 - semo.validator - INFO - Tag Exists 'tag2': True
2026-04-13 14:31:54,325 - semo.validator - INFO - Tag Exists 'tag1': True
2026-04-13 14:31:55,836 - semo.validator - INFO - Tag Exists '.git': False
2026-04-13 14:31:55,837 - semo.validator - INFO - Tag Exists 'tag2': True
2026-04-13 14:31:55,838 - semo.validator - INFO - Tag Exists '.gitignore': False
2026-04-13 14:31:55,839 - semo.validator - INFO - Tag Exists '.git': False
2026-04-13 14:31:55,839 - semo.validator - INFO - Tag Exists 'tag2': True
2026-04-13 14:31:55,840 - semo.validator - INFO - Tag Exists 'tag2': True
2026-04-13 14:31:55,840 - semo.validator - INFO - Approval for list for tag operation for tag (tag2): True
2026-04-13 14:31:55,841 - semo.validator - INFO - Tag Exists 'tag2': True
2026-04-13 14:31:55,841 - semo.validator - INFO - Approval for list for tag operation for tag (tag2): True
2026-04-13 14:31:55,842 - semo.validator - INFO - Tag Exists 'tag2': True
2026-04-13 14:31:55,842 - semo.validator - INFO - Approval for list for tag operation for tag (tag2): True
2026-04-13 14:31:55,843 - semo.validator - INFO - Tag Exists 'tag1': True
2026-04-13 14:31:55,843 - semo.validator - INFO - Tag Exists '.git': False
2026-04-13 14:31:55,843 - semo.validator - INFO - Tag Exists 'tag1': True
2026-04-13 14:31:55,844 - semo.validator - INFO - Tag Exists 'tag1': True
2026-04-13 14:31:55,844 - semo.validator - INFO - Approval for list for tag operation for tag (tag1): True
2026-04-13 14:31:55,845 - semo.validator - INFO - Tag Exists 'tag1': True
2026-04-13 14:31:55,845 - semo.validator - INFO - Approval for list for tag operation for tag (tag1): True
2026-04-13 14:31:55,846 - semo.validator - INFO - Tag Exists 'tag1': True
2026-04-13 14:31:55,846 - semo.validator - INFO - Approval for list for tag operation for tag (tag1): True
2026-04-13 14:31:58,851 - semo.validator - INFO - Tag Exists 'tag2': True
2026-04-13 14:31:58,852 - semo.validator - INFO - Tag Exists 'tag2': True
2026-04-13 14:31:58,852 - semo.validator - INFO - Approval for list for tag operation for tag (tag2): True
2026-04-13 14:31:58,854 - semo.validator - INFO - Tag Exists 'tag2': True
2026-04-13 14:31:58,854 - semo.validator - INFO - Approval for list for tag operation for tag (tag2): True
2026-04-13 14:32:00,878 - semo.validator - INFO - Tag Exists '.git': False
2026-04-13 14:32:00,879 - semo.validator - INFO - Tag Exists 'tag2': True
2026-04-13 14:32:00,879 - semo.validator - INFO - Tag Exists '.gitignore': False
2026-04-13 14:32:00,879 - semo.validator - INFO - Tag Exists '.git': False
2026-04-13 14:32:00,880 - semo.validator - INFO - Tag Exists 'tag2': True
2026-04-13 14:32:00,880 - semo.validator - INFO - Tag Exists 'tag2': True
2026-04-13 14:32:00,880 - semo.validator - INFO - Approval for list for tag operation for tag (tag2): True
2026-04-13 14:32:00,881 - semo.validator - INFO - Tag Exists 'tag2': True
2026-04-13 14:32:00,881 - semo.validator - INFO - Approval for list for tag operation for tag (tag2): True
2026-04-13 14:32:00,882 - semo.validator - INFO - Tag Exists 'tag2': True
2026-04-13 14:32:00,882 - semo.validator - INFO - Approval for list for tag operation for tag (tag2): True
2026-04-13 14:32:00,882 - semo.validator - INFO - Tag Exists 'tag1': True
2026-04-13 14:32:00,883 - semo.validator - INFO - Tag Exists '.git': False
2026-04-13 14:32:00,883 - semo.validator - INFO - Tag Exists 'tag1': True
2026-04-13 14:32:00,883 - semo.validator - INFO - Tag Exists 'tag1': True
2026-04-13 14:32:00,884 - semo.validator - INFO - Approval for list for tag operation for tag (tag1): True
2026-04-13 14:32:00,885 - semo.validator - INFO - Tag Exists 'tag1': True
2026-04-13 14:32:00,885 - semo.validator - INFO - Approval for list for tag operation for tag (tag1): True
2026-04-13 14:32:00,885 - semo.validator - INFO - Tag Exists 'tag1': True
2026-04-13 14:32:00,885 - semo.validator - INFO - Approval for list for tag operation for tag (tag1): True
2026-04-13 14:38:01,171 - semo.validator - INFO - Tag Exists '.Trash': False
2026-04-13 14:38:01,172 - semo.validator - INFO - Tag Exists '.xdg-volume-info': False
2026-04-13 14:38:01,172 - semo.validator - INFO - Tag Exists 'autorun.inf': False
2026-04-13 14:38:01,173 - semo.validator - INFO - Tag Exists '.Trash-1000': False
2026-04-13 14:38:01,173 - semo.validator - INFO - Tag Exists 'tag1': True
2026-04-13 14:38:01,174 - semo.validator - INFO - Tag Exists 'tag2': True
2026-04-13 14:38:02,336 - semo.validator - INFO - Tag Exists '.git': False
2026-04-13 14:38:02,337 - semo.validator - INFO - Tag Exists 'tag1': True
2026-04-13 14:38:02,338 - semo.validator - INFO - Tag Exists '.gitignore': False
2026-04-13 14:38:02,338 - semo.validator - INFO - Tag Exists '.git': False
2026-04-13 14:38:02,338 - semo.validator - INFO - Tag Exists 'tag1': True
2026-04-13 14:38:02,339 - semo.validator - INFO - Tag Exists 'tag1': True
2026-04-13 14:38:02,339 - semo.validator - INFO - Approval for list for tag operation for tag (tag1): True
2026-04-13 14:38:02,339 - semo.backend - INFO - Approved - List files for tag operation (tag1) : True
2026-04-13 14:38:02,340 - semo.validator - INFO - Tag Exists 'tag1': True
2026-04-13 14:38:02,340 - semo.validator - INFO - Approval for list for tag operation for tag (tag1): True
2026-04-13 14:38:02,340 - semo.backend - INFO - Approved - List direct subtags operation (tag1) : True
2026-04-13 14:38:02,340 - semo.validator - INFO - Tag Exists 'tag1': True
2026-04-13 14:38:02,340 - semo.validator - INFO - Approval for list for tag operation for tag (tag1): True
2026-04-13 14:38:02,340 - semo.backend - INFO - Approved - List files for tag operation (tag1) : True
2026-04-13 14:38:02,341 - semo.validator - INFO - Tag Exists 'tag2': True
2026-04-13 14:38:02,341 - semo.validator - INFO - Tag Exists '.git': False
2026-04-13 14:38:02,342 - semo.validator - INFO - Tag Exists 'tag2': True
2026-04-13 14:38:02,342 - semo.validator - INFO - Tag Exists 'tag2': True
2026-04-13 14:38:02,342 - semo.validator - INFO - Approval for list for tag operation for tag (tag2): True
2026-04-13 14:38:02,342 - semo.backend - INFO - Approved - List files for tag operation (tag2) : True
2026-04-13 14:38:02,343 - semo.validator - INFO - Tag Exists 'tag2': True
2026-04-13 14:38:02,343 - semo.validator - INFO - Approval for list for tag operation for tag (tag2): True
2026-04-13 14:38:02,343 - semo.backend - INFO - Approved - List direct subtags operation (tag2) : True
2026-04-13 14:38:02,344 - semo.validator - INFO - Tag Exists 'tag2': True
2026-04-13 14:38:02,344 - semo.validator - INFO - Approval for list for tag operation for tag (tag2): True
2026-04-13 14:38:02,344 - semo.backend - INFO - Approved - List files for tag operation (tag2) : True
2026-04-13 14:38:04,928 - semo.validator - INFO - Tag Exists 'tag2': True
2026-04-13 14:38:04,930 - semo.validator - INFO - Tag Exists 'tag2': True
2026-04-13 14:38:04,930 - semo.validator - INFO - Approval for list for tag operation for tag (tag2): True
2026-04-13 14:38:04,930 - semo.backend - INFO - Approved - List direct subtags operation (tag2) : True
2026-04-13 14:38:04,932 - semo.validator - INFO - Tag Exists 'tag2': True
2026-04-13 14:38:04,932 - semo.validator - INFO - Approval for list for tag operation for tag (tag2): True
2026-04-13 14:38:04,932 - semo.backend - INFO - Approved - List files for tag operation (tag2) : True
2026-04-13 14:40:23,280 - semo.validator - INFO - Tag Exists '.Trash': False
2026-04-13 14:40:23,281 - semo.validator - INFO - Tag Exists '.Trash-1000': False
2026-04-13 14:40:23,282 - semo.validator - INFO - Tag Exists '.xdg-volume-info': False
2026-04-13 14:40:23,282 - semo.validator - INFO - Tag Exists 'autorun.inf': False
2026-04-13 14:40:23,284 - semo.validator - INFO - Tag Exists 'tag1': True
2026-04-13 14:40:23,284 - semo.validator - INFO - Tag Exists 'tag2': True
2026-04-13 14:40:24,384 - semo.validator - INFO - Tag Exists '.git': False
2026-04-13 14:40:24,385 - semo.validator - INFO - Tag Exists 'tag1': True
2026-04-13 14:40:24,385 - semo.validator - INFO - Tag Exists '.gitignore': False
2026-04-13 14:40:24,386 - semo.validator - INFO - Tag Exists '.git': False
2026-04-13 14:40:24,386 - semo.validator - INFO - Tag Exists 'tag1': True
2026-04-13 14:40:24,387 - semo.validator - INFO - Tag Exists 'tag1': True
2026-04-13 14:40:24,387 - semo.validator - INFO - Approval for list for tag operation for tag (tag1): True
2026-04-13 14:40:24,387 - semo.backend - INFO - Approved - List files for tag operation (tag1) : True
2026-04-13 14:40:24,388 - semo.validator - INFO - Tag Exists 'tag1': True
2026-04-13 14:40:24,388 - semo.validator - INFO - Approval for list for tag operation for tag (tag1): True
2026-04-13 14:40:24,388 - semo.backend - INFO - Approved - List direct subtags operation (tag1) : True
2026-04-13 14:40:24,389 - semo.validator - INFO - Tag Exists 'tag1': True
2026-04-13 14:40:24,389 - semo.validator - INFO - Approval for list for tag operation for tag (tag1): True
2026-04-13 14:40:24,389 - semo.backend - INFO - Approved - List files for tag operation (tag1) : True
2026-04-13 14:40:24,390 - semo.validator - INFO - Tag Exists 'tag2': True
2026-04-13 14:40:24,391 - semo.validator - INFO - Tag Exists '.git': False
2026-04-13 14:40:24,391 - semo.validator - INFO - Tag Exists 'tag2': True
2026-04-13 14:40:24,391 - semo.validator - INFO - Tag Exists 'tag2': True
2026-04-13 14:40:24,391 - semo.validator - INFO - Approval for list for tag operation for tag (tag2): True
2026-04-13 14:40:24,391 - semo.backend - INFO - Approved - List files for tag operation (tag2) : True
2026-04-13 14:40:24,392 - semo.validator - INFO - Tag Exists 'tag2': True
2026-04-13 14:40:24,392 - semo.validator - INFO - Approval for list for tag operation for tag (tag2): True
2026-04-13 14:40:24,392 - semo.backend - INFO - Approved - List direct subtags operation (tag2) : True
2026-04-13 14:40:24,393 - semo.validator - INFO - Tag Exists 'tag2': True
2026-04-13 14:40:24,393 - semo.validator - INFO - Approval for list for tag operation for tag (tag2): True
2026-04-13 14:40:24,393 - semo.backend - INFO - Approved - List files for tag operation (tag2) : True
2026-04-13 14:40:26,937 - semo.validator - INFO - Tag Exists 'tag2': True
2026-04-13 14:40:26,939 - semo.validator - INFO - Tag Exists 'tag2': True
2026-04-13 14:40:26,939 - semo.validator - INFO - Approval for list for tag operation for tag (tag2): True
2026-04-13 14:40:26,939 - semo.backend - INFO - Approved - List direct subtags operation (tag2) : True
2026-04-13 14:40:26,942 - semo.validator - INFO - Tag Exists 'tag2': True
2026-04-13 14:40:26,942 - semo.validator - INFO - Approval for list for tag operation for tag (tag2): True
2026-04-13 14:40:26,942 - semo.backend - INFO - Approved - List files for tag operation (tag2) : True
2026-04-13 14:40:29,441 - semo.validator - INFO - Tag Exists '.git': False
2026-04-13 14:40:29,443 - semo.validator - INFO - Tag Exists 'tag1': True
2026-04-13 14:40:29,444 - semo.validator - INFO - Tag Exists '.gitignore': False
2026-04-13 14:40:29,444 - semo.validator - INFO - Tag Exists '.git': False
2026-04-13 14:40:29,445 - semo.validator - INFO - Tag Exists 'tag1': True
2026-04-13 14:40:29,446 - semo.validator - INFO - Tag Exists 'tag1': True
2026-04-13 14:40:29,446 - semo.validator - INFO - Approval for list for tag operation for tag (tag1): True
2026-04-13 14:40:29,446 - semo.backend - INFO - Approved - List files for tag operation (tag1) : True
2026-04-13 14:40:29,446 - semo.validator - INFO - Tag Exists 'tag1': True
2026-04-13 14:40:29,447 - semo.validator - INFO - Approval for list for tag operation for tag (tag1): True
2026-04-13 14:40:29,447 - semo.backend - INFO - Approved - List direct subtags operation (tag1) : True
2026-04-13 14:40:29,447 - semo.validator - INFO - Tag Exists 'tag1': True
2026-04-13 14:40:29,447 - semo.validator - INFO - Approval for list for tag operation for tag (tag1): True
2026-04-13 14:40:29,447 - semo.backend - INFO - Approved - List files for tag operation (tag1) : True
2026-04-13 14:40:29,448 - semo.validator - INFO - Tag Exists 'tag2': True
2026-04-13 14:40:29,448 - semo.validator - INFO - Tag Exists '.git': False
2026-04-13 14:40:29,449 - semo.validator - INFO - Tag Exists 'tag2': True
2026-04-13 14:40:29,449 - semo.validator - INFO - Tag Exists 'tag2': True
2026-04-13 14:40:29,449 - semo.validator - INFO - Approval for list for tag operation for tag (tag2): True
2026-04-13 14:40:29,449 - semo.backend - INFO - Approved - List files for tag operation (tag2) : True
2026-04-13 14:40:29,450 - semo.validator - INFO - Tag Exists 'tag2': True
2026-04-13 14:40:29,450 - semo.validator - INFO - Approval for list for tag operation for tag (tag2): True
2026-04-13 14:40:29,450 - semo.backend - INFO - Approved - List direct subtags operation (tag2) : True
2026-04-13 14:40:29,451 - semo.validator - INFO - Tag Exists 'tag2': True
2026-04-13 14:40:29,451 - semo.validator - INFO - Approval for list for tag operation for tag (tag2): True
2026-04-13 14:40:29,451 - semo.backend - INFO - Approved - List files for tag operation (tag2) : True
2026-04-13 14:48:06,868 - semo.validator - INFO - Tag Exists '.Trash': False
2026-04-13 14:48:06,869 - semo.validator - INFO - Tag Exists '.xdg-volume-info': False
2026-04-13 14:48:06,870 - semo.validator - INFO - Tag Exists 'autorun.inf': False
2026-04-13 14:48:06,871 - semo.validator - INFO - Tag Exists '.Trash-1000': False
2026-04-13 14:48:07,997 - semo.validator - INFO - Tag Exists '.git': False
2026-04-13 14:48:13,055 - semo.validator - INFO - Tag Exists '.git': False
2026-04-13 14:48:18,108 - semo.validator - INFO - Tag Exists '.git': False
2026-04-13 14:48:23,147 - semo.validator - INFO - Tag Exists '.git': False
2026-04-13 14:48:28,194 - semo.validator - INFO - Tag Exists '.git': False
2026-04-13 14:48:33,259 - semo.validator - INFO - Tag Exists '.git': False
2026-04-13 14:48:38,297 - semo.validator - INFO - Tag Exists '.git': False
2026-04-13 14:50:17,830 - semo.validator - INFO - Tag Exists '.Trash': False
2026-04-13 14:50:17,831 - semo.validator - INFO - Tag Exists '.Trash-1000': False
2026-04-13 14:50:17,832 - semo.validator - INFO - Tag Exists '.xdg-volume-info': False
2026-04-13 14:50:17,832 - semo.validator - INFO - Tag Exists 'autorun.inf': False
2026-04-13 14:50:21,937 - semo.validator - INFO - Tag Exists '.git': False
2026-04-13 14:50:21,939 - semo.validator - INFO - Tag Exists '.gitignore': False
2026-04-13 14:50:21,939 - semo.validator - INFO - Tag Exists 'tag2': True
2026-04-13 14:50:21,940 - semo.validator - INFO - Tag Exists '.git': False
2026-04-13 14:50:21,940 - semo.validator - INFO - Tag Exists 'tag2': True
2026-04-13 14:50:21,941 - semo.validator - INFO - Tag Exists 'tag2': True
2026-04-13 14:50:21,941 - semo.validator - INFO - Approval for list for tag operation for tag (tag2): True
2026-04-13 14:50:21,941 - semo.backend - INFO - Approved - List files for tag operation (tag2) : True
2026-04-13 14:50:21,942 - semo.validator - INFO - Tag Exists 'tag2': True
2026-04-13 14:50:21,942 - semo.validator - INFO - Approval for list for tag operation for tag (tag2): True
2026-04-13 14:50:21,942 - semo.backend - INFO - Approved - List direct subtags operation (tag2) : True
2026-04-13 14:50:21,943 - semo.validator - INFO - Tag Exists 'tag2': True
2026-04-13 14:50:21,943 - semo.validator - INFO - Approval for list for tag operation for tag (tag2): True
2026-04-13 14:50:21,943 - semo.backend - INFO - Approved - List files for tag operation (tag2) : True
2026-04-13 14:50:21,944 - semo.validator - INFO - Tag Exists 'tag1': True
2026-04-13 14:50:21,944 - semo.validator - INFO - Tag Exists '.git': False
2026-04-13 14:50:21,945 - semo.validator - INFO - Tag Exists 'tag1': True
2026-04-13 14:50:21,945 - semo.validator - INFO - Tag Exists 'tag1': True
2026-04-13 14:50:21,945 - semo.validator - INFO - Approval for list for tag operation for tag (tag1): True
2026-04-13 14:50:21,945 - semo.backend - INFO - Approved - List files for tag operation (tag1) : True
2026-04-13 14:50:21,947 - semo.validator - INFO - Tag Exists 'tag1': True
2026-04-13 14:50:21,947 - semo.validator - INFO - Approval for list for tag operation for tag (tag1): True
2026-04-13 14:50:21,947 - semo.backend - INFO - Approved - List direct subtags operation (tag1) : True
2026-04-13 14:50:21,947 - semo.validator - INFO - Tag Exists 'tag1': True
2026-04-13 14:50:21,948 - semo.validator - INFO - Approval for list for tag operation for tag (tag1): True
2026-04-13 14:50:21,948 - semo.backend - INFO - Approved - List files for tag operation (tag1) : True
2026-04-13 14:50:23,841 - semo.validator - INFO - Tag Exists 'tag2': True
2026-04-13 14:50:23,842 - semo.validator - INFO - Tag Exists 'tag1': True
2026-04-13 14:50:27,000 - semo.validator - INFO - Tag Exists '.git': False
2026-04-13 14:50:27,003 - semo.validator - INFO - Tag Exists '.gitignore': False
2026-04-13 14:50:27,004 - semo.validator - INFO - Tag Exists 'tag2': True
2026-04-13 14:50:27,004 - semo.validator - INFO - Tag Exists '.git': False
2026-04-13 14:50:27,005 - semo.validator - INFO - Tag Exists 'tag2': True
2026-04-13 14:50:27,006 - semo.validator - INFO - Tag Exists 'tag2': True
2026-04-13 14:50:27,006 - semo.validator - INFO - Approval for list for tag operation for tag (tag2): True
2026-04-13 14:50:27,006 - semo.backend - INFO - Approved - List files for tag operation (tag2) : True
2026-04-13 14:50:27,008 - semo.validator - INFO - Tag Exists 'tag2': True
2026-04-13 14:50:27,008 - semo.validator - INFO - Approval for list for tag operation for tag (tag2): True
2026-04-13 14:50:27,008 - semo.backend - INFO - Approved - List direct subtags operation (tag2) : True
2026-04-13 14:50:27,009 - semo.validator - INFO - Tag Exists 'tag2': True
2026-04-13 14:50:27,009 - semo.validator - INFO - Approval for list for tag operation for tag (tag2): True
2026-04-13 14:50:27,009 - semo.backend - INFO - Approved - List files for tag operation (tag2) : True
2026-04-13 14:50:27,010 - semo.validator - INFO - Tag Exists 'tag1': True
2026-04-13 14:50:27,010 - semo.validator - INFO - Tag Exists '.git': False
2026-04-13 14:50:27,011 - semo.validator - INFO - Tag Exists 'tag1': True
2026-04-13 14:50:27,011 - semo.validator - INFO - Tag Exists 'tag1': True
2026-04-13 14:50:27,011 - semo.validator - INFO - Approval for list for tag operation for tag (tag1): True
2026-04-13 14:50:27,011 - semo.backend - INFO - Approved - List files for tag operation (tag1) : True
2026-04-13 14:50:27,012 - semo.validator - INFO - Tag Exists 'tag1': True
2026-04-13 14:50:27,012 - semo.validator - INFO - Approval for list for tag operation for tag (tag1): True
2026-04-13 14:50:27,012 - semo.backend - INFO - Approved - List direct subtags operation (tag1) : True
2026-04-13 14:50:27,013 - semo.validator - INFO - Tag Exists 'tag1': True
2026-04-13 14:50:27,013 - semo.validator - INFO - Approval for list for tag operation for tag (tag1): True
2026-04-13 14:50:27,013 - semo.backend - INFO - Approved - List files for tag operation (tag1) : True
2026-04-13 14:50:29,150 - semo.validator - INFO - Tag Exists 'tag2': True
2026-04-13 14:50:29,152 - semo.validator - INFO - Tag Exists 'tag2': True
2026-04-13 14:50:29,153 - semo.validator - INFO - Approval for list for tag operation for tag (tag2): True
2026-04-13 14:50:29,153 - semo.backend - INFO - Approved - List direct subtags operation (tag2) : True
2026-04-13 14:50:29,155 - semo.validator - INFO - Tag Exists 'tag2': True
2026-04-13 14:50:29,156 - semo.validator - INFO - Approval for list for tag operation for tag (tag2): True
2026-04-13 14:50:29,156 - semo.backend - INFO - Approved - List files for tag operation (tag2) : True
2026-04-13 14:50:32,050 - semo.validator - INFO - Tag Exists '.git': False
2026-04-13 14:50:32,051 - semo.validator - INFO - Tag Exists '.gitignore': False
2026-04-13 14:50:32,052 - semo.validator - INFO - Tag Exists 'tag2': True
2026-04-13 14:50:32,052 - semo.validator - INFO - Tag Exists '.git': False
2026-04-13 14:50:32,052 - semo.validator - INFO - Tag Exists 'tag2': True
2026-04-13 14:50:32,053 - semo.validator - INFO - Tag Exists 'tag2': True
2026-04-13 14:50:32,053 - semo.validator - INFO - Approval for list for tag operation for tag (tag2): True
2026-04-13 14:50:32,053 - semo.backend - INFO - Approved - List files for tag operation (tag2) : True
2026-04-13 14:50:32,055 - semo.validator - INFO - Tag Exists 'tag2': True
2026-04-13 14:50:32,055 - semo.validator - INFO - Approval for list for tag operation for tag (tag2): True
2026-04-13 14:50:32,055 - semo.backend - INFO - Approved - List direct subtags operation (tag2) : True
2026-04-13 14:50:32,056 - semo.validator - INFO - Tag Exists 'tag2': True
2026-04-13 14:50:32,056 - semo.validator - INFO - Approval for list for tag operation for tag (tag2): True
2026-04-13 14:50:32,056 - semo.backend - INFO - Approved - List files for tag operation (tag2) : True
2026-04-13 14:50:32,057 - semo.validator - INFO - Tag Exists 'tag1': True
2026-04-13 14:50:32,058 - semo.validator - INFO - Tag Exists '.git': False
2026-04-13 14:50:32,058 - semo.validator - INFO - Tag Exists 'tag1': True
2026-04-13 14:50:32,060 - semo.validator - INFO - Tag Exists 'tag1': True
2026-04-13 14:50:32,060 - semo.validator - INFO - Approval for list for tag operation for tag (tag1): True
2026-04-13 14:50:32,060 - semo.backend - INFO - Approved - List files for tag operation (tag1) : True
2026-04-13 14:50:32,061 - semo.validator - INFO - Tag Exists 'tag1': True
2026-04-13 14:50:32,061 - semo.validator - INFO - Approval for list for tag operation for tag (tag1): True
2026-04-13 14:50:32,061 - semo.backend - INFO - Approved - List direct subtags operation (tag1) : True
2026-04-13 14:50:32,061 - semo.validator - INFO - Tag Exists 'tag1': True
2026-04-13 14:50:32,061 - semo.validator - INFO - Approval for list for tag operation for tag (tag1): True
2026-04-13 14:50:32,061 - semo.backend - INFO - Approved - List files for tag operation (tag1) : True
2026-04-15 16:39:09,425 - semo.validator - INFO - Tag Exists '.xdg-volume-info': False
2026-04-15 16:39:09,433 - semo.validator - INFO - Tag Exists 'autorun.inf': False
2026-04-15 16:39:09,434 - semo.validator - INFO - Tag Exists '.Trash': False
2026-04-15 16:39:09,434 - semo.validator - INFO - Tag Exists '1000': False
2026-04-15 16:39:09,435 - semo.validator - INFO - Tag Exists '.Trash': False
2026-04-15 16:39:09,435 - semo.validator - INFO - Tag Exists 'files': False
2026-04-15 16:39:09,435 - semo.validator - INFO - Tag Exists '1000': False
2026-04-15 16:39:09,436 - semo.validator - INFO - Tag Exists 'files': False
2026-04-15 16:39:09,436 - semo.validator - INFO - Approval for list for tag operation for tag (files): False
2026-04-15 16:39:09,436 - semo.backend - INFO - Approved - List direct subtags operation (files) : False
2026-04-15 16:39:09,436 - semo.backend - INFO - ["Tag 'files' does not exist."]
2026-04-15 16:39:09,437 - semo.validator - INFO - Tag Exists 'files': False
2026-04-15 16:39:09,437 - semo.validator - INFO - Approval for list for tag operation for tag (files): False
2026-04-15 16:39:09,437 - semo.backend - INFO - Approved - List files for tag operation (files) : False
2026-04-15 16:39:09,437 - semo.backend - INFO - ["Tag 'files' does not exist."]
2026-04-15 16:39:09,438 - semo.validator - INFO - Tag Exists '.Trash-1000': False
2026-04-15 16:39:09,438 - semo.validator - INFO - Tag Exists 'files': False
2026-04-15 16:39:09,439 - semo.validator - INFO - Tag Exists '.Trash-1000': False
2026-04-15 16:39:09,440 - semo.validator - INFO - Tag Exists 'files': False
2026-04-15 16:39:09,440 - semo.validator - INFO - Approval for list for tag operation for tag (files): False
2026-04-15 16:39:09,440 - semo.backend - INFO - Approved - List direct subtags operation (files) : False
2026-04-15 16:39:09,440 - semo.backend - INFO - ["Tag 'files' does not exist."]
2026-04-15 16:39:09,441 - semo.validator - INFO - Tag Exists 'files': False
2026-04-15 16:39:09,441 - semo.validator - INFO - Approval for list for tag operation for tag (files): False
2026-04-15 16:39:09,441 - semo.backend - INFO - Approved - List files for tag operation (files) : False
2026-04-15 16:39:09,441 - semo.backend - INFO - ["Tag 'files' does not exist."]
2026-04-15 16:39:10,551 - semo.validator - INFO - Tag Exists '.git': False
2026-04-15 16:39:10,552 - semo.validator - INFO - Tag Exists 'HEAD': False
2026-04-15 16:39:10,552 - semo.validator - INFO - Tag Exists '.git': False
2026-04-15 16:39:10,553 - semo.validator - INFO - Tag Exists '.gitignore': False
2026-04-15 16:39:10,553 - semo.validator - INFO - Tag Exists 'tag2': True
2026-04-15 16:39:10,554 - semo.validator - INFO - Tag Exists '.git': False
2026-04-15 16:39:10,554 - semo.validator - INFO - Tag Exists 'tag2': True
2026-04-15 16:39:10,554 - semo.validator - INFO - Tag Exists 'tag2': True
2026-04-15 16:39:10,555 - semo.validator - INFO - Approval for list for tag operation for tag (tag2): True
2026-04-15 16:39:10,555 - semo.backend - INFO - Approved - List files for tag operation (tag2) : True
2026-04-15 16:39:10,555 - semo.validator - INFO - Tag Exists 'HEAD': False
2026-04-15 16:39:10,556 - semo.validator - INFO - Tag Exists '.git': False
2026-04-15 16:39:10,556 - semo.validator - INFO - Tag Exists 'tag2': True
2026-04-15 16:39:10,556 - semo.validator - INFO - Approval for list for tag operation for tag (tag2): True
2026-04-15 16:39:10,556 - semo.backend - INFO - Approved - List direct subtags operation (tag2) : True
2026-04-15 16:39:10,557 - semo.validator - INFO - Tag Exists 'tag2': True
2026-04-15 16:39:10,557 - semo.validator - INFO - Approval for list for tag operation for tag (tag2): True
2026-04-15 16:39:10,557 - semo.backend - INFO - Approved - List files for tag operation (tag2) : True
2026-04-15 16:39:10,558 - semo.validator - INFO - Tag Exists 'tag1': True
2026-04-15 16:39:10,559 - semo.validator - INFO - Tag Exists '.git': False
2026-04-15 16:39:10,560 - semo.validator - INFO - Tag Exists 'tag1': True
2026-04-15 16:39:10,560 - semo.validator - INFO - Tag Exists 'tag1': True
2026-04-15 16:39:10,560 - semo.validator - INFO - Approval for list for tag operation for tag (tag1): True
2026-04-15 16:39:10,560 - semo.backend - INFO - Approved - List files for tag operation (tag1) : True
2026-04-15 16:39:10,561 - semo.validator - INFO - Tag Exists 'HEAD': False
2026-04-15 16:39:10,561 - semo.validator - INFO - Tag Exists '.git': False
2026-04-15 16:39:10,562 - semo.validator - INFO - Tag Exists 'tag1': True
2026-04-15 16:39:10,562 - semo.validator - INFO - Approval for list for tag operation for tag (tag1): True
2026-04-15 16:39:10,562 - semo.backend - INFO - Approved - List direct subtags operation (tag1) : True
2026-04-15 16:39:10,562 - semo.validator - INFO - Tag Exists 'tag1': True
2026-04-15 16:39:10,562 - semo.validator - INFO - Approval for list for tag operation for tag (tag1): True
2026-04-15 16:39:10,562 - semo.backend - INFO - Approved - List files for tag operation (tag1) : True
2026-04-15 16:39:13,031 - semo.validator - INFO - Tag Exists 'tag2': True
2026-04-15 16:39:13,031 - semo.validator - INFO - Tag Exists 'tag1': True
2026-04-15 16:39:46,379 - semo.validator - INFO - Tag Exists '.xdg-volume-info': False
2026-04-15 16:39:46,380 - semo.validator - INFO - Tag Exists 'autorun.inf': False
2026-04-15 16:39:46,380 - semo.validator - INFO - Tag Exists '.Trash': False
2026-04-15 16:39:46,380 - semo.validator - INFO - Tag Exists '1000': False
2026-04-15 16:39:46,381 - semo.validator - INFO - Tag Exists '.Trash': False
2026-04-15 16:39:46,381 - semo.validator - INFO - Tag Exists 'files': False
2026-04-15 16:39:46,381 - semo.validator - INFO - Tag Exists '1000': False
2026-04-15 16:39:46,382 - semo.validator - INFO - Tag Exists 'files': False
2026-04-15 16:39:46,382 - semo.validator - INFO - Approval for list for tag operation for tag (files): False
2026-04-15 16:39:46,382 - semo.backend - INFO - Approved - List direct subtags operation (files) : False
2026-04-15 16:39:46,382 - semo.backend - INFO - ["Tag 'files' does not exist."]
2026-04-15 16:39:46,383 - semo.validator - INFO - Tag Exists 'files': False
2026-04-15 16:39:46,383 - semo.validator - INFO - Approval for list for tag operation for tag (files): False
2026-04-15 16:39:46,383 - semo.backend - INFO - Approved - List files for tag operation (files) : False
2026-04-15 16:39:46,383 - semo.backend - INFO - ["Tag 'files' does not exist."]
2026-04-15 16:39:46,384 - semo.validator - INFO - Tag Exists '.Trash-1000': False
2026-04-15 16:39:46,384 - semo.validator - INFO - Tag Exists 'files': False
2026-04-15 16:39:46,384 - semo.validator - INFO - Tag Exists '.Trash-1000': False
2026-04-15 16:39:46,385 - semo.validator - INFO - Tag Exists 'files': False
2026-04-15 16:39:46,385 - semo.validator - INFO - Approval for list for tag operation for tag (files): False
2026-04-15 16:39:46,385 - semo.backend - INFO - Approved - List direct subtags operation (files) : False
2026-04-15 16:39:46,385 - semo.backend - INFO - ["Tag 'files' does not exist."]
2026-04-15 16:39:46,386 - semo.validator - INFO - Tag Exists 'files': False
2026-04-15 16:39:46,386 - semo.validator - INFO - Approval for list for tag operation for tag (files): False
2026-04-15 16:39:46,386 - semo.backend - INFO - Approved - List files for tag operation (files) : False
2026-04-15 16:39:46,386 - semo.backend - INFO - ["Tag 'files' does not exist."]
2026-04-15 16:39:47,504 - semo.validator - INFO - Tag Exists '.git': False
2026-04-15 16:39:47,505 - semo.validator - INFO - Tag Exists 'HEAD': False
2026-04-15 16:39:47,505 - semo.validator - INFO - Tag Exists '.git': False
2026-04-15 16:39:47,507 - semo.validator - INFO - Tag Exists '.gitignore': False
2026-04-15 16:39:47,507 - semo.validator - INFO - Tag Exists 'tag2': True
2026-04-15 16:39:47,507 - semo.validator - INFO - Tag Exists '.git': False
2026-04-15 16:39:47,508 - semo.validator - INFO - Tag Exists 'tag2': True
2026-04-15 16:39:47,508 - semo.validator - INFO - Tag Exists 'tag2': True
2026-04-15 16:39:47,508 - semo.validator - INFO - Approval for list for tag operation for tag (tag2): True
2026-04-15 16:39:47,509 - semo.backend - INFO - Approved - List files for tag operation (tag2) : True
2026-04-15 16:39:47,509 - semo.validator - INFO - Tag Exists 'HEAD': False
2026-04-15 16:39:47,509 - semo.validator - INFO - Tag Exists '.git': False
2026-04-15 16:39:47,510 - semo.validator - INFO - Tag Exists 'tag2': True
2026-04-15 16:39:47,510 - semo.validator - INFO - Approval for list for tag operation for tag (tag2): True
2026-04-15 16:39:47,510 - semo.backend - INFO - Approved - List direct subtags operation (tag2) : True
2026-04-15 16:39:47,511 - semo.validator - INFO - Tag Exists 'tag2': True
2026-04-15 16:39:47,511 - semo.validator - INFO - Approval for list for tag operation for tag (tag2): True
2026-04-15 16:39:47,512 - semo.backend - INFO - Approved - List files for tag operation (tag2) : True
2026-04-15 16:39:47,512 - semo.validator - INFO - Tag Exists 'tag1': True
2026-04-15 16:39:47,513 - semo.validator - INFO - Tag Exists '.git': False
2026-04-15 16:39:47,514 - semo.validator - INFO - Tag Exists 'tag1': True
2026-04-15 16:39:47,514 - semo.validator - INFO - Tag Exists 'tag1': True
2026-04-15 16:39:47,514 - semo.validator - INFO - Approval for list for tag operation for tag (tag1): True
2026-04-15 16:39:47,514 - semo.backend - INFO - Approved - List files for tag operation (tag1) : True
2026-04-15 16:39:47,515 - semo.validator - INFO - Tag Exists 'HEAD': False
2026-04-15 16:39:47,515 - semo.validator - INFO - Tag Exists '.git': False
2026-04-15 16:39:47,516 - semo.validator - INFO - Tag Exists 'tag1': True
2026-04-15 16:39:47,516 - semo.validator - INFO - Approval for list for tag operation for tag (tag1): True
2026-04-15 16:39:47,516 - semo.backend - INFO - Approved - List direct subtags operation (tag1) : True
2026-04-15 16:39:47,516 - semo.validator - INFO - Tag Exists 'tag1': True
2026-04-15 16:39:47,516 - semo.validator - INFO - Approval for list for tag operation for tag (tag1): True
2026-04-15 16:39:47,516 - semo.backend - INFO - Approved - List files for tag operation (tag1) : True
2026-04-15 16:39:49,442 - semo.validator - INFO - Tag Exists 'tag2': True
2026-04-15 16:39:49,443 - semo.validator - INFO - Tag Exists 'tag1': True
2026-04-15 16:40:31,357 - semo.validator - INFO - Tag Exists '.Trash': False
2026-04-15 16:40:31,357 - semo.validator - INFO - Tag Exists '1000': False
2026-04-15 16:40:31,357 - semo.validator - INFO - Tag Exists '.xdg-volume-info': False
2026-04-15 16:40:31,358 - semo.validator - INFO - Tag Exists '.Trash': False
2026-04-15 16:40:31,358 - semo.validator - INFO - Tag Exists 'autorun.inf': False
2026-04-15 16:40:31,358 - semo.validator - INFO - Tag Exists 'files': False
2026-04-15 16:40:31,358 - semo.validator - INFO - Tag Exists '1000': False
2026-04-15 16:40:31,359 - semo.validator - INFO - Tag Exists 'files': False
2026-04-15 16:40:31,359 - semo.validator - INFO - Approval for list for tag operation for tag (files): False
2026-04-15 16:40:31,359 - semo.backend - INFO - Approved - List direct subtags operation (files) : False
2026-04-15 16:40:31,359 - semo.backend - INFO - ["Tag 'files' does not exist."]
2026-04-15 16:40:31,360 - semo.validator - INFO - Tag Exists 'files': False
2026-04-15 16:40:31,360 - semo.validator - INFO - Approval for list for tag operation for tag (files): False
2026-04-15 16:40:31,360 - semo.backend - INFO - Approved - List files for tag operation (files) : False
2026-04-15 16:40:31,360 - semo.backend - INFO - ["Tag 'files' does not exist."]
2026-04-15 16:40:31,360 - semo.validator - INFO - Tag Exists '.Trash-1000': False
2026-04-15 16:40:31,360 - semo.validator - INFO - Tag Exists 'files': False
2026-04-15 16:40:31,361 - semo.validator - INFO - Tag Exists '.Trash-1000': False
2026-04-15 16:40:31,361 - semo.validator - INFO - Tag Exists 'files': False
2026-04-15 16:40:31,361 - semo.validator - INFO - Approval for list for tag operation for tag (files): False
2026-04-15 16:40:31,361 - semo.backend - INFO - Approved - List direct subtags operation (files) : False
2026-04-15 16:40:31,361 - semo.backend - INFO - ["Tag 'files' does not exist."]
2026-04-15 16:40:31,362 - semo.validator - INFO - Tag Exists 'files': False
2026-04-15 16:40:31,362 - semo.validator - INFO - Approval for list for tag operation for tag (files): False
2026-04-15 16:40:31,362 - semo.backend - INFO - Approved - List files for tag operation (files) : False
2026-04-15 16:40:31,362 - semo.backend - INFO - ["Tag 'files' does not exist."]
2026-04-15 16:40:32,468 - semo.validator - INFO - Tag Exists '.git': False
2026-04-15 16:40:32,468 - semo.validator - INFO - Tag Exists 'HEAD': False
2026-04-15 16:40:32,469 - semo.validator - INFO - Tag Exists '.git': False
2026-04-15 16:40:32,469 - semo.validator - INFO - Tag Exists '.gitignore': False
2026-04-15 16:40:32,471 - semo.validator - INFO - Tag Exists 'tag1': True
2026-04-15 16:40:32,471 - semo.validator - INFO - Tag Exists '.git': False
2026-04-15 16:40:32,471 - semo.validator - INFO - Tag Exists 'tag1': True
2026-04-15 16:40:32,472 - semo.validator - INFO - Tag Exists 'tag1': True
2026-04-15 16:40:32,472 - semo.validator - INFO - Approval for list for tag operation for tag (tag1): True
2026-04-15 16:40:32,472 - semo.backend - INFO - Approved - List files for tag operation (tag1) : True
2026-04-15 16:40:32,473 - semo.validator - INFO - Tag Exists 'HEAD': False
2026-04-15 16:40:32,473 - semo.validator - INFO - Tag Exists '.git': False
2026-04-15 16:40:32,474 - semo.validator - INFO - Tag Exists 'tag1': True
2026-04-15 16:40:32,474 - semo.validator - INFO - Approval for list for tag operation for tag (tag1): True
2026-04-15 16:40:32,474 - semo.backend - INFO - Approved - List direct subtags operation (tag1) : True
2026-04-15 16:40:32,474 - semo.validator - INFO - Tag Exists 'tag1': True
2026-04-15 16:40:32,474 - semo.validator - INFO - Approval for list for tag operation for tag (tag1): True
2026-04-15 16:40:32,474 - semo.backend - INFO - Approved - List files for tag operation (tag1) : True
2026-04-15 16:40:32,475 - semo.validator - INFO - Tag Exists 'tag2': True
2026-04-15 16:40:32,475 - semo.validator - INFO - Tag Exists '.git': False
2026-04-15 16:40:32,476 - semo.validator - INFO - Tag Exists 'tag2': True
2026-04-15 16:40:32,477 - semo.validator - INFO - Tag Exists 'tag2': True
2026-04-15 16:40:32,477 - semo.validator - INFO - Approval for list for tag operation for tag (tag2): True
2026-04-15 16:40:32,477 - semo.backend - INFO - Approved - List files for tag operation (tag2) : True
2026-04-15 16:40:32,478 - semo.validator - INFO - Tag Exists 'HEAD': False
2026-04-15 16:40:32,478 - semo.validator - INFO - Tag Exists '.git': False
2026-04-15 16:40:32,479 - semo.validator - INFO - Tag Exists 'tag2': True
2026-04-15 16:40:32,479 - semo.validator - INFO - Approval for list for tag operation for tag (tag2): True
2026-04-15 16:40:32,479 - semo.backend - INFO - Approved - List direct subtags operation (tag2) : True
2026-04-15 16:40:32,479 - semo.validator - INFO - Tag Exists 'tag2': True
2026-04-15 16:40:32,479 - semo.validator - INFO - Approval for list for tag operation for tag (tag2): True
2026-04-15 16:40:32,479 - semo.backend - INFO - Approved - List files for tag operation (tag2) : True
2026-04-15 16:40:37,517 - semo.validator - INFO - Tag Exists '.git': False
2026-04-15 16:40:37,517 - semo.validator - INFO - Tag Exists 'HEAD': False
2026-04-15 16:40:37,517 - semo.validator - INFO - Tag Exists '.git': False
2026-04-15 16:40:37,518 - semo.validator - INFO - Tag Exists '.gitignore': False
2026-04-15 16:40:37,519 - semo.validator - INFO - Tag Exists 'tag1': True
2026-04-15 16:40:37,519 - semo.validator - INFO - Tag Exists '.git': False
2026-04-15 16:40:37,519 - semo.validator - INFO - Tag Exists 'tag1': True
2026-04-15 16:40:37,520 - semo.validator - INFO - Tag Exists 'tag1': True
2026-04-15 16:40:37,520 - semo.validator - INFO - Approval for list for tag operation for tag (tag1): True
2026-04-15 16:40:37,520 - semo.backend - INFO - Approved - List files for tag operation (tag1) : True
2026-04-15 16:40:37,520 - semo.validator - INFO - Tag Exists 'HEAD': False
2026-04-15 16:40:37,520 - semo.validator - INFO - Tag Exists '.git': False
2026-04-15 16:40:37,521 - semo.validator - INFO - Tag Exists 'tag1': True
2026-04-15 16:40:37,521 - semo.validator - INFO - Approval for list for tag operation for tag (tag1): True
2026-04-15 16:40:37,521 - semo.backend - INFO - Approved - List direct subtags operation (tag1) : True
2026-04-15 16:40:37,522 - semo.validator - INFO - Tag Exists 'tag1': True
2026-04-15 16:40:37,522 - semo.validator - INFO - Approval for list for tag operation for tag (tag1): True
2026-04-15 16:40:37,522 - semo.backend - INFO - Approved - List files for tag operation (tag1) : True
2026-04-15 16:40:37,523 - semo.validator - INFO - Tag Exists 'tag2': True
2026-04-15 16:40:37,523 - semo.validator - INFO - Tag Exists '.git': False
2026-04-15 16:40:37,523 - semo.validator - INFO - Tag Exists 'tag2': True
2026-04-15 16:40:37,523 - semo.validator - INFO - Tag Exists 'tag2': True
2026-04-15 16:40:37,524 - semo.validator - INFO - Approval for list for tag operation for tag (tag2): True
2026-04-15 16:40:37,524 - semo.backend - INFO - Approved - List files for tag operation (tag2) : True
2026-04-15 16:40:37,524 - semo.validator - INFO - Tag Exists 'HEAD': False
2026-04-15 16:40:37,524 - semo.validator - INFO - Tag Exists '.git': False
2026-04-15 16:40:37,525 - semo.validator - INFO - Tag Exists 'tag2': True
2026-04-15 16:40:37,525 - semo.validator - INFO - Approval for list for tag operation for tag (tag2): True
2026-04-15 16:40:37,525 - semo.backend - INFO - Approved - List direct subtags operation (tag2) : True
2026-04-15 16:40:37,526 - semo.validator - INFO - Tag Exists 'tag2': True
2026-04-15 16:40:37,526 - semo.validator - INFO - Approval for list for tag operation for tag (tag2): True
2026-04-15 16:40:37,526 - semo.backend - INFO - Approved - List files for tag operation (tag2) : True
2026-04-15 16:40:42,562 - semo.validator - INFO - Tag Exists '.git': False
2026-04-15 16:40:42,562 - semo.validator - INFO - Tag Exists 'HEAD': False
2026-04-15 16:40:42,562 - semo.validator - INFO - Tag Exists '.git': False
2026-04-15 16:40:42,563 - semo.validator - INFO - Tag Exists '.gitignore': False
2026-04-15 16:40:42,563 - semo.validator - INFO - Tag Exists 'tag1': True
2026-04-15 16:40:42,564 - semo.validator - INFO - Tag Exists '.git': False
2026-04-15 16:40:42,564 - semo.validator - INFO - Tag Exists 'tag1': True
2026-04-15 16:40:42,566 - semo.validator - INFO - Tag Exists 'tag1': True
2026-04-15 16:40:42,566 - semo.validator - INFO - Approval for list for tag operation for tag (tag1): True
2026-04-15 16:40:42,566 - semo.backend - INFO - Approved - List files for tag operation (tag1) : True
2026-04-15 16:40:42,566 - semo.validator - INFO - Tag Exists 'HEAD': False
2026-04-15 16:40:42,567 - semo.validator - INFO - Tag Exists '.git': False
2026-04-15 16:40:42,567 - semo.validator - INFO - Tag Exists 'tag1': True
2026-04-15 16:40:42,567 - semo.validator - INFO - Approval for list for tag operation for tag (tag1): True
2026-04-15 16:40:42,567 - semo.backend - INFO - Approved - List direct subtags operation (tag1) : True
2026-04-15 16:40:42,568 - semo.validator - INFO - Tag Exists 'tag1': True
2026-04-15 16:40:42,568 - semo.validator - INFO - Approval for list for tag operation for tag (tag1): True
2026-04-15 16:40:42,568 - semo.backend - INFO - Approved - List files for tag operation (tag1) : True
2026-04-15 16:40:42,568 - semo.validator - INFO - Tag Exists 'tag2': True
2026-04-15 16:40:42,569 - semo.validator - INFO - Tag Exists '.git': False
2026-04-15 16:40:42,569 - semo.validator - INFO - Tag Exists 'tag2': True
2026-04-15 16:40:42,569 - semo.validator - INFO - Tag Exists 'tag2': True
2026-04-15 16:40:42,569 - semo.validator - INFO - Approval for list for tag operation for tag (tag2): True
2026-04-15 16:40:42,569 - semo.backend - INFO - Approved - List files for tag operation (tag2) : True
2026-04-15 16:40:42,570 - semo.validator - INFO - Tag Exists 'HEAD': False
2026-04-15 16:40:42,570 - semo.validator - INFO - Tag Exists '.git': False
2026-04-15 16:40:42,570 - semo.validator - INFO - Tag Exists 'tag2': True
2026-04-15 16:40:42,570 - semo.validator - INFO - Approval for list for tag operation for tag (tag2): True
2026-04-15 16:40:42,570 - semo.backend - INFO - Approved - List direct subtags operation (tag2) : True
2026-04-15 16:40:42,571 - semo.validator - INFO - Tag Exists 'tag2': True
2026-04-15 16:40:42,571 - semo.validator - INFO - Approval for list for tag operation for tag (tag2): True
2026-04-15 16:40:42,571 - semo.backend - INFO - Approved - List files for tag operation (tag2) : True
2026-04-15 16:40:47,632 - semo.validator - INFO - Tag Exists '.git': False
2026-04-15 16:40:47,632 - semo.validator - INFO - Tag Exists 'HEAD': False
2026-04-15 16:40:47,632 - semo.validator - INFO - Tag Exists '.git': False
2026-04-15 16:40:47,634 - semo.validator - INFO - Tag Exists '.gitignore': False
2026-04-15 16:40:47,634 - semo.validator - INFO - Tag Exists 'tag1': True
2026-04-15 16:40:47,634 - semo.validator - INFO - Tag Exists '.git': False
2026-04-15 16:40:47,635 - semo.validator - INFO - Tag Exists 'tag1': True
2026-04-15 16:40:47,635 - semo.validator - INFO - Tag Exists 'tag1': True
2026-04-15 16:40:47,635 - semo.validator - INFO - Approval for list for tag operation for tag (tag1): True
2026-04-15 16:40:47,635 - semo.backend - INFO - Approved - List files for tag operation (tag1) : True
2026-04-15 16:40:47,636 - semo.validator - INFO - Tag Exists 'HEAD': False
2026-04-15 16:40:47,636 - semo.validator - INFO - Tag Exists '.git': False
2026-04-15 16:40:47,637 - semo.validator - INFO - Tag Exists 'tag1': True
2026-04-15 16:40:47,637 - semo.validator - INFO - Approval for list for tag operation for tag (tag1): True
2026-04-15 16:40:47,637 - semo.backend - INFO - Approved - List direct subtags operation (tag1) : True
2026-04-15 16:40:47,638 - semo.validator - INFO - Tag Exists 'tag1': True
2026-04-15 16:40:47,638 - semo.validator - INFO - Approval for list for tag operation for tag (tag1): True
2026-04-15 16:40:47,638 - semo.backend - INFO - Approved - List files for tag operation (tag1) : True
2026-04-15 16:40:47,639 - semo.validator - INFO - Tag Exists 'tag2': True
2026-04-15 16:40:47,639 - semo.validator - INFO - Tag Exists '.git': False
2026-04-15 16:40:47,639 - semo.validator - INFO - Tag Exists 'tag2': True
2026-04-15 16:40:47,640 - semo.validator - INFO - Tag Exists 'tag2': True
2026-04-15 16:40:47,640 - semo.validator - INFO - Approval for list for tag operation for tag (tag2): True
2026-04-15 16:40:47,640 - semo.backend - INFO - Approved - List files for tag operation (tag2) : True
2026-04-15 16:40:47,641 - semo.validator - INFO - Tag Exists 'HEAD': False
2026-04-15 16:40:47,641 - semo.validator - INFO - Tag Exists '.git': False
2026-04-15 16:40:47,641 - semo.validator - INFO - Tag Exists 'tag2': True
2026-04-15 16:40:47,641 - semo.validator - INFO - Approval for list for tag operation for tag (tag2): True
2026-04-15 16:40:47,641 - semo.backend - INFO - Approved - List direct subtags operation (tag2) : True
2026-04-15 16:40:47,644 - semo.validator - INFO - Tag Exists 'tag2': True
2026-04-15 16:40:47,644 - semo.validator - INFO - Approval for list for tag operation for tag (tag2): True
2026-04-15 16:40:47,644 - semo.backend - INFO - Approved - List files for tag operation (tag2) : True
2026-04-15 16:40:52,695 - semo.validator - INFO - Tag Exists '.git': False
2026-04-15 16:40:52,695 - semo.validator - INFO - Tag Exists 'HEAD': False
2026-04-15 16:40:52,696 - semo.validator - INFO - Tag Exists '.git': False
2026-04-15 16:40:52,697 - semo.validator - INFO - Tag Exists '.gitignore': False
2026-04-15 16:40:52,697 - semo.validator - INFO - Tag Exists 'tag1': True
2026-04-15 16:40:52,697 - semo.validator - INFO - Tag Exists '.git': False
2026-04-15 16:40:52,697 - semo.validator - INFO - Tag Exists 'tag1': True
2026-04-15 16:40:52,698 - semo.validator - INFO - Tag Exists 'tag1': True
2026-04-15 16:40:52,698 - semo.validator - INFO - Approval for list for tag operation for tag (tag1): True
2026-04-15 16:40:52,698 - semo.backend - INFO - Approved - List files for tag operation (tag1) : True
2026-04-15 16:40:52,699 - semo.validator - INFO - Tag Exists 'HEAD': False
2026-04-15 16:40:52,699 - semo.validator - INFO - Tag Exists '.git': False
2026-04-15 16:40:52,699 - semo.validator - INFO - Tag Exists 'tag1': True
2026-04-15 16:40:52,699 - semo.validator - INFO - Approval for list for tag operation for tag (tag1): True
2026-04-15 16:40:52,699 - semo.backend - INFO - Approved - List direct subtags operation (tag1) : True
2026-04-15 16:40:52,700 - semo.validator - INFO - Tag Exists 'tag1': True
2026-04-15 16:40:52,700 - semo.validator - INFO - Approval for list for tag operation for tag (tag1): True
2026-04-15 16:40:52,700 - semo.backend - INFO - Approved - List files for tag operation (tag1) : True
2026-04-15 16:40:52,700 - semo.validator - INFO - Tag Exists 'tag2': True
2026-04-15 16:40:52,701 - semo.validator - INFO - Tag Exists '.git': False
2026-04-15 16:40:52,701 - semo.validator - INFO - Tag Exists 'tag2': True
2026-04-15 16:40:52,701 - semo.validator - INFO - Tag Exists 'tag2': True
2026-04-15 16:40:52,701 - semo.validator - INFO - Approval for list for tag operation for tag (tag2): True
2026-04-15 16:40:52,701 - semo.backend - INFO - Approved - List files for tag operation (tag2) : True
2026-04-15 16:40:52,702 - semo.validator - INFO - Tag Exists 'HEAD': False
2026-04-15 16:40:52,702 - semo.validator - INFO - Tag Exists '.git': False
2026-04-15 16:40:52,702 - semo.validator - INFO - Tag Exists 'tag2': True
2026-04-15 16:40:52,702 - semo.validator - INFO - Approval for list for tag operation for tag (tag2): True
2026-04-15 16:40:52,702 - semo.backend - INFO - Approved - List direct subtags operation (tag2) : True
2026-04-15 16:40:52,703 - semo.validator - INFO - Tag Exists 'tag2': True
2026-04-15 16:40:52,703 - semo.validator - INFO - Approval for list for tag operation for tag (tag2): True
2026-04-15 16:40:52,703 - semo.backend - INFO - Approved - List files for tag operation (tag2) : True
2026-04-15 16:40:53,894 - semo.validator - INFO - Tag Exists 'tag1': True
2026-04-15 16:40:53,896 - semo.validator - INFO - Tag Exists 'tag1': True
2026-04-15 16:40:53,897 - semo.validator - INFO - Approval for list for tag operation for tag (tag1): True
2026-04-15 16:40:53,897 - semo.backend - INFO - Approved - List direct subtags operation (tag1) : True
2026-04-15 16:40:53,900 - semo.validator - INFO - Tag Exists 'tag1': True
2026-04-15 16:40:53,900 - semo.validator - INFO - Approval for list for tag operation for tag (tag1): True
2026-04-15 16:40:53,900 - semo.backend - INFO - Approved - List files for tag operation (tag1) : True
2026-04-16 10:53:26,073 - semo.validator - INFO - Tag Exists 'tag1': True
2026-04-16 10:53:26,081 - semo.validator - INFO - Tag Exists 'tag3': False
2026-04-16 10:53:26,081 - semo.validator - INFO - Approval for subtag operation for superior tag 'tag1' and inferior tag 'tag3': False
2026-04-16 10:53:26,081 - semo.backend - INFO - Assign subtag operation not approved for superior tag 'tag1' and inferior tag 'tag3'
2026-04-16 10:54:11,514 - semo.validator - INFO - Tag Exists 'tag3': False
2026-04-16 10:54:11,514 - semo.validator - INFO - Tag 'tag3' does not exist. Creating tag record.
2026-04-16 10:54:11,532 - semo.validator - INFO - File Exists (3874604374702157863, 36208028): False
2026-04-16 10:54:11,532 - semo.validator - INFO - File (3874604374702157863, 36208028) not in database. Creating file record.
2026-04-16 10:54:11,554 - semo.validator - INFO - File (3874604374702157863, 36208028) has tag 'tag3': False
2026-04-16 10:54:11,554 - semo.validator - INFO - Approval for tag operation for file (3874604374702157863, 36208028) and tag 'tag3': True
2026-04-16 10:54:11,570 - semo.backend - INFO - Tagged file (/home/mercury/Documents/Motherboard/Semester/BC_THESIS/semo_root/test/data/file2) with tag 'tag3'
2026-04-16 11:22:13,406 - semo.validator - INFO - Tag Exists 'tag1': True
2026-04-16 11:22:13,414 - semo.validator - INFO - Approval for list for tag operation for tag (tag1): True
2026-04-16 11:22:21,645 - semo.validator - INFO - Tag Exists 'tag1': True
2026-04-16 11:22:21,646 - semo.validator - INFO - Tag Exists 'tag3': True
2026-04-16 11:22:21,647 - semo.validator - INFO - Approval for subtag operation for superior tag 'tag1' and inferior tag 'tag3': True
2026-04-16 11:22:21,667 - semo.backend - INFO - Assigned inferior tag 'tag3' to superior tag 'tag1'
2026-04-16 11:22:21,668 - semo.validator - INFO - File Exists (3874604374702157863, 36208028): True
2026-04-16 11:22:21,668 - semo.validator - INFO - File (3874604374702157863, 36208028) has tag 'tag1': False
2026-04-16 11:22:21,668 - semo.validator - INFO - Approval for direct untag operation for file (3874604374702157863, 36208028) and tag 'tag1': False
2026-04-16 11:22:21,668 - semo.backend - INFO - Untagged file (/home/mercury/Documents/Motherboard/Semester/BC_THESIS/semo_root/test/data/file2) from subtag 'tag1'
2026-04-16 11:22:28,412 - semo.validator - INFO - Tag Exists 'tag1': True
2026-04-16 11:22:28,413 - semo.validator - INFO - Approval for list for tag operation for tag (tag1): True
2026-04-16 11:22:28,413 - semo.validator - INFO - Tag Exists 'tag3': True
2026-04-16 11:22:28,413 - semo.validator - INFO - Approval for list for tag operation for tag (tag3): True
2026-04-16 11:26:10,805 - semo.validator - INFO - Tag Exists 'tag1': True
2026-04-16 11:26:10,805 - semo.validator - INFO - Approval for list for tag operation for tag (tag1): True
2026-04-16 11:26:10,805 - semo.backend - INFO - Approved - List direct subtags operation (tag1) : True
2026-04-16 11:26:11,953 - semo.validator - INFO - Tag Exists 'tag2': True
2026-04-16 11:26:11,953 - semo.validator - INFO - Approval for list for tag operation for tag (tag2): True
2026-04-16 11:26:11,953 - semo.backend - INFO - Approved - List direct subtags operation (tag2) : True
2026-04-16 11:26:11,960 - semo.validator - INFO - Tag Exists 'tag1': True
2026-04-16 11:26:11,961 - semo.validator - INFO - Approval for list for tag operation for tag (tag1): True
2026-04-16 11:26:11,961 - semo.backend - INFO - Approved - List direct subtags operation (tag1) : True
2026-04-16 11:26:11,969 - semo.validator - INFO - Tag Exists 'tag3': True
2026-04-16 11:26:11,970 - semo.validator - INFO - Approval for list for tag operation for tag (tag3): True
2026-04-16 11:26:11,970 - semo.backend - INFO - Approved - List direct subtags operation (tag3) : True
2026-04-16 11:26:16,817 - semo.validator - INFO - Tag Exists 'tag3': True
2026-04-16 11:26:16,817 - semo.validator - INFO - Approval for list for tag operation for tag (tag3): True
2026-04-16 11:26:16,817 - semo.backend - INFO - Approved - List direct subtags operation (tag3) : True
2026-04-16 11:26:17,092 - semo.validator - INFO - Tag Exists 'tag2': True
2026-04-16 11:26:17,092 - semo.validator - INFO - Approval for list for tag operation for tag (tag2): True
2026-04-16 11:26:17,092 - semo.backend - INFO - Approved - List direct subtags operation (tag2) : True
2026-04-16 11:26:17,100 - semo.validator - INFO - Tag Exists 'tag1': True
2026-04-16 11:26:17,100 - semo.validator - INFO - Approval for list for tag operation for tag (tag1): True
2026-04-16 11:26:17,100 - semo.backend - INFO - Approved - List direct subtags operation (tag1) : True
2026-04-16 11:26:17,105 - semo.validator - INFO - Tag Exists 'tag3': True
2026-04-16 11:26:17,105 - semo.validator - INFO - Approval for list for tag operation for tag (tag3): True
2026-04-16 11:26:17,105 - semo.backend - INFO - Approved - List direct subtags operation (tag3) : True
2026-04-16 11:27:59,392 - semo.validator - INFO - Tag Exists 'tag1': True
2026-04-16 11:27:59,393 - semo.validator - INFO - Approval for list for tag operation for tag (tag1): True
2026-04-16 11:27:59,393 - semo.backend - INFO - Approved - List direct subtags operation (tag1) : True
2026-04-16 11:28:00,539 - semo.validator - INFO - Tag Exists 'tag2': True
2026-04-16 11:28:00,539 - semo.validator - INFO - Approval for list for tag operation for tag (tag2): True
2026-04-16 11:28:00,539 - semo.backend - INFO - Approved - List direct subtags operation (tag2) : True
2026-04-16 11:28:00,547 - semo.validator - INFO - Tag Exists 'tag1': True
2026-04-16 11:28:00,548 - semo.validator - INFO - Approval for list for tag operation for tag (tag1): True
2026-04-16 11:28:00,548 - semo.backend - INFO - Approved - List direct subtags operation (tag1) : True
2026-04-16 11:28:00,556 - semo.validator - INFO - Tag Exists 'tag3': True
2026-04-16 11:28:00,556 - semo.validator - INFO - Approval for list for tag operation for tag (tag3): True
2026-04-16 11:28:00,556 - semo.backend - INFO - Approved - List direct subtags operation (tag3) : True
2026-04-16 11:28:02,841 - semo.validator - INFO - Tag Exists 'tag3': True
2026-04-16 11:28:02,841 - semo.validator - INFO - Approval for list for tag operation for tag (tag3): True
2026-04-16 11:28:02,841 - semo.backend - INFO - Approved - List direct subtags operation (tag3) : True
2026-04-16 11:47:55,545 - semo.validator - INFO - Tag Exists 'tag1': True
2026-04-16 11:47:55,546 - semo.validator - INFO - Approval for list for tag operation for tag (tag1): True
2026-04-16 11:47:55,546 - semo.backend - INFO - Approved - List direct subtags operation (tag1) : True
2026-04-16 11:47:55,548 - semo.validator - INFO - Tag Exists 'tag1': True
2026-04-16 11:47:55,548 - semo.validator - INFO - Approval for list for tag operation for tag (tag1): True
2026-04-16 11:47:55,548 - semo.backend - INFO - Approved - List files for tag direct operation (tag1) : True
2026-04-16 11:47:55,561 - semo.validator - INFO - Tag Exists 'tag3': True
2026-04-16 11:47:55,561 - semo.validator - INFO - Approval for list for tag operation for tag (tag3): True
2026-04-16 11:47:55,561 - semo.backend - INFO - Approved - List direct subtags operation (tag3) : True
2026-04-16 11:47:55,563 - semo.validator - INFO - Tag Exists 'tag3': True
2026-04-16 11:47:55,564 - semo.validator - INFO - Approval for list for tag operation for tag (tag3): True
2026-04-16 11:47:55,564 - semo.backend - INFO - Approved - List files for tag direct operation (tag3) : True
2026-04-16 11:47:55,571 - semo.validator - INFO - Tag Exists 'tag2': True
2026-04-16 11:47:55,571 - semo.validator - INFO - Approval for list for tag operation for tag (tag2): True
2026-04-16 11:47:55,572 - semo.backend - INFO - Approved - List direct subtags operation (tag2) : True
2026-04-16 11:47:55,574 - semo.validator - INFO - Tag Exists 'tag2': True
2026-04-16 11:47:55,574 - semo.validator - INFO - Approval for list for tag operation for tag (tag2): True
2026-04-16 11:47:55,574 - semo.backend - INFO - Approved - List files for tag direct operation (tag2) : True
2026-04-16 11:48:00,082 - semo.validator - INFO - Tag Exists 'tag1': True
2026-04-16 11:48:00,082 - semo.validator - INFO - Approval for list for tag operation for tag (tag1): True
2026-04-16 11:48:00,082 - semo.backend - INFO - Approved - List direct subtags operation (tag1) : True
2026-04-16 11:48:00,085 - semo.validator - INFO - Tag Exists 'tag1': True
2026-04-16 11:48:00,085 - semo.validator - INFO - Approval for list for tag operation for tag (tag1): True
2026-04-16 11:48:00,085 - semo.backend - INFO - Approved - List files for tag direct operation (tag1) : True
2026-04-16 11:48:00,678 - semo.validator - INFO - Tag Exists 'tag1': True
2026-04-16 11:48:00,678 - semo.validator - INFO - Approval for list for tag operation for tag (tag1): True
2026-04-16 11:48:00,678 - semo.backend - INFO - Approved - List direct subtags operation (tag1) : True
2026-04-16 11:48:00,680 - semo.validator - INFO - Tag Exists 'tag1': True
2026-04-16 11:48:00,680 - semo.validator - INFO - Approval for list for tag operation for tag (tag1): True
2026-04-16 11:48:00,680 - semo.backend - INFO - Approved - List files for tag direct operation (tag1) : True
2026-04-16 11:48:00,686 - semo.validator - INFO - Tag Exists 'tag3': True
2026-04-16 11:48:00,686 - semo.validator - INFO - Approval for list for tag operation for tag (tag3): True
2026-04-16 11:48:00,686 - semo.backend - INFO - Approved - List direct subtags operation (tag3) : True
2026-04-16 11:48:00,688 - semo.validator - INFO - Tag Exists 'tag3': True
2026-04-16 11:48:00,688 - semo.validator - INFO - Approval for list for tag operation for tag (tag3): True
2026-04-16 11:48:00,688 - semo.backend - INFO - Approved - List files for tag direct operation (tag3) : True
2026-04-16 11:48:00,694 - semo.validator - INFO - Tag Exists 'tag2': True
2026-04-16 11:48:00,695 - semo.validator - INFO - Approval for list for tag operation for tag (tag2): True
2026-04-16 11:48:00,695 - semo.backend - INFO - Approved - List direct subtags operation (tag2) : True
2026-04-16 11:48:00,697 - semo.validator - INFO - Tag Exists 'tag2': True
2026-04-16 11:48:00,697 - semo.validator - INFO - Approval for list for tag operation for tag (tag2): True
2026-04-16 11:48:00,697 - semo.backend - INFO - Approved - List files for tag direct operation (tag2) : True
2026-04-16 11:48:05,792 - semo.validator - INFO - Tag Exists 'tag1': True
2026-04-16 11:48:05,792 - semo.validator - INFO - Approval for list for tag operation for tag (tag1): True
2026-04-16 11:48:05,792 - semo.backend - INFO - Approved - List direct subtags operation (tag1) : True
2026-04-16 11:48:05,802 - semo.validator - INFO - Tag Exists 'tag1': True
2026-04-16 11:48:05,802 - semo.validator - INFO - Approval for list for tag operation for tag (tag1): True
2026-04-16 11:48:05,802 - semo.backend - INFO - Approved - List files for tag direct operation (tag1) : True
2026-04-16 11:48:05,810 - semo.validator - INFO - Tag Exists 'tag3': True
2026-04-16 11:48:05,810 - semo.validator - INFO - Approval for list for tag operation for tag (tag3): True
2026-04-16 11:48:05,810 - semo.backend - INFO - Approved - List direct subtags operation (tag3) : True
2026-04-16 11:48:05,812 - semo.validator - INFO - Tag Exists 'tag3': True
2026-04-16 11:48:05,812 - semo.validator - INFO - Approval for list for tag operation for tag (tag3): True
2026-04-16 11:48:05,812 - semo.backend - INFO - Approved - List files for tag direct operation (tag3) : True
2026-04-16 11:48:05,818 - semo.validator - INFO - Tag Exists 'tag2': True
2026-04-16 11:48:05,819 - semo.validator - INFO - Approval for list for tag operation for tag (tag2): True
2026-04-16 11:48:05,819 - semo.backend - INFO - Approved - List direct subtags operation (tag2) : True
2026-04-16 11:48:05,820 - semo.validator - INFO - Tag Exists 'tag2': True
2026-04-16 11:48:05,820 - semo.validator - INFO - Approval for list for tag operation for tag (tag2): True
2026-04-16 11:48:05,820 - semo.backend - INFO - Approved - List files for tag direct operation (tag2) : True
2026-04-16 11:48:31,418 - semo.validator - INFO - Tag Exists 'tag1': True
2026-04-16 11:48:31,418 - semo.validator - INFO - Approval for list for tag operation for tag (tag1): True
2026-04-16 11:48:31,418 - semo.backend - INFO - Approved - List direct subtags operation (tag1) : True
2026-04-16 11:48:31,422 - semo.validator - INFO - Tag Exists 'tag1': True
2026-04-16 11:48:31,422 - semo.validator - INFO - Approval for list for tag operation for tag (tag1): True
2026-04-16 11:48:31,422 - semo.backend - INFO - Approved - List files for tag direct operation (tag1) : True
2026-04-16 11:48:32,563 - semo.validator - INFO - Tag Exists 'tag2': True
2026-04-16 11:48:32,563 - semo.validator - INFO - Approval for list for tag operation for tag (tag2): True
2026-04-16 11:48:32,563 - semo.backend - INFO - Approved - List direct subtags operation (tag2) : True
2026-04-16 11:48:32,564 - semo.validator - INFO - Tag Exists 'tag2': True
2026-04-16 11:48:32,565 - semo.validator - INFO - Approval for list for tag operation for tag (tag2): True
2026-04-16 11:48:32,565 - semo.backend - INFO - Approved - List files for tag direct operation (tag2) : True
2026-04-16 11:48:32,572 - semo.validator - INFO - Tag Exists 'tag1': True
2026-04-16 11:48:32,572 - semo.validator - INFO - Approval for list for tag operation for tag (tag1): True
2026-04-16 11:48:32,572 - semo.backend - INFO - Approved - List direct subtags operation (tag1) : True
2026-04-16 11:48:32,575 - semo.validator - INFO - Tag Exists 'tag1': True
2026-04-16 11:48:32,575 - semo.validator - INFO - Approval for list for tag operation for tag (tag1): True
2026-04-16 11:48:32,575 - semo.backend - INFO - Approved - List files for tag direct operation (tag1) : True
2026-04-16 11:48:32,585 - semo.validator - INFO - Tag Exists 'tag3': True
2026-04-16 11:48:32,585 - semo.validator - INFO - Approval for list for tag operation for tag (tag3): True
2026-04-16 11:48:32,585 - semo.backend - INFO - Approved - List direct subtags operation (tag3) : True
2026-04-16 11:48:32,587 - semo.validator - INFO - Tag Exists 'tag3': True
2026-04-16 11:48:32,587 - semo.validator - INFO - Approval for list for tag operation for tag (tag3): True
2026-04-16 11:48:32,587 - semo.backend - INFO - Approved - List files for tag direct operation (tag3) : True
2026-04-16 11:48:37,682 - semo.validator - INFO - Tag Exists 'tag2': True
2026-04-16 11:48:37,683 - semo.validator - INFO - Approval for list for tag operation for tag (tag2): True
2026-04-16 11:48:37,683 - semo.backend - INFO - Approved - List direct subtags operation (tag2) : True
2026-04-16 11:48:37,684 - semo.validator - INFO - Tag Exists 'tag2': True
2026-04-16 11:48:37,684 - semo.validator - INFO - Approval for list for tag operation for tag (tag2): True
2026-04-16 11:48:37,685 - semo.backend - INFO - Approved - List files for tag direct operation (tag2) : True
2026-04-16 11:48:37,691 - semo.validator - INFO - Tag Exists 'tag1': True
2026-04-16 11:48:37,691 - semo.validator - INFO - Approval for list for tag operation for tag (tag1): True
2026-04-16 11:48:37,692 - semo.backend - INFO - Approved - List direct subtags operation (tag1) : True
2026-04-16 11:48:37,693 - semo.validator - INFO - Tag Exists 'tag1': True
2026-04-16 11:48:37,694 - semo.validator - INFO - Approval for list for tag operation for tag (tag1): True
2026-04-16 11:48:37,694 - semo.backend - INFO - Approved - List files for tag direct operation (tag1) : True
2026-04-16 11:48:37,702 - semo.validator - INFO - Tag Exists 'tag3': True
2026-04-16 11:48:37,702 - semo.validator - INFO - Approval for list for tag operation for tag (tag3): True
2026-04-16 11:48:37,702 - semo.backend - INFO - Approved - List direct subtags operation (tag3) : True
2026-04-16 11:48:37,704 - semo.validator - INFO - Tag Exists 'tag3': True
2026-04-16 11:48:37,704 - semo.validator - INFO - Approval for list for tag operation for tag (tag3): True
2026-04-16 11:48:37,704 - semo.backend - INFO - Approved - List files for tag direct operation (tag3) : True
2026-04-16 11:50:10,082 - semo.validator - INFO - Tag Exists 'tag1': True
2026-04-16 11:50:10,082 - semo.validator - INFO - Approval for list for tag operation for tag (tag1): True
2026-04-16 11:50:10,083 - semo.backend - INFO - Approved - List direct subtags operation (tag1) : True
2026-04-16 11:50:11,227 - semo.validator - INFO - Tag Exists 'tag1': True
2026-04-16 11:50:11,227 - semo.validator - INFO - Approval for list for tag operation for tag (tag1): True
2026-04-16 11:50:11,228 - semo.backend - INFO - Approved - List direct subtags operation (tag1) : True
2026-04-16 11:50:11,235 - semo.validator - INFO - Tag Exists 'tag3': True
2026-04-16 11:50:11,235 - semo.validator - INFO - Approval for list for tag operation for tag (tag3): True
2026-04-16 11:50:11,235 - semo.backend - INFO - Approved - List direct subtags operation (tag3) : True
2026-04-16 11:50:11,252 - semo.validator - INFO - Tag Exists 'tag2': True
2026-04-16 11:50:11,252 - semo.validator - INFO - Approval for list for tag operation for tag (tag2): True
2026-04-16 11:50:11,253 - semo.backend - INFO - Approved - List direct subtags operation (tag2) : True
2026-04-16 11:50:16,351 - semo.validator - INFO - Tag Exists 'tag1': True
2026-04-16 11:50:16,351 - semo.validator - INFO - Approval for list for tag operation for tag (tag1): True
2026-04-16 11:50:16,351 - semo.backend - INFO - Approved - List direct subtags operation (tag1) : True
2026-04-16 11:50:16,358 - semo.validator - INFO - Tag Exists 'tag3': True
2026-04-16 11:50:16,359 - semo.validator - INFO - Approval for list for tag operation for tag (tag3): True
2026-04-16 11:50:16,359 - semo.backend - INFO - Approved - List direct subtags operation (tag3) : True
2026-04-16 11:50:16,372 - semo.validator - INFO - Tag Exists 'tag2': True
2026-04-16 11:50:16,373 - semo.validator - INFO - Approval for list for tag operation for tag (tag2): True
2026-04-16 11:50:16,373 - semo.backend - INFO - Approved - List direct subtags operation (tag2) : True
2026-04-16 11:51:27,734 - semo.validator - INFO - Tag Exists 'tag1': True
2026-04-16 11:51:27,734 - semo.validator - INFO - Approval for list for tag operation for tag (tag1): True
2026-04-16 11:51:27,734 - semo.backend - INFO - Approved - List direct subtags operation (tag1) : True
2026-04-16 11:51:52,552 - semo.validator - INFO - Tag Exists 'tag1': True
2026-04-16 11:51:52,552 - semo.validator - INFO - Approval for list for tag operation for tag (tag1): True
2026-04-16 11:51:52,553 - semo.backend - INFO - Approved - List direct subtags operation (tag1) : True
2026-04-16 11:51:52,555 - semo.validator - INFO - Tag Exists 'tag1': True
2026-04-16 11:51:52,555 - semo.validator - INFO - Approval for list for tag operation for tag (tag1): True
2026-04-16 11:51:52,555 - semo.backend - INFO - Approved - List files for tag direct operation (tag1) : True
2026-04-16 11:53:17,223 - semo.validator - INFO - Tag Exists 'tag1': True
2026-04-16 11:53:17,224 - semo.validator - INFO - Approval for list for tag operation for tag (tag1): True
2026-04-16 11:53:17,224 - semo.backend - INFO - Approved - List direct subtags operation (tag1) : True
2026-04-16 11:53:17,226 - semo.validator - INFO - Tag Exists 'tag1': True
2026-04-16 11:53:17,226 - semo.validator - INFO - Approval for list for tag operation for tag (tag1): True
2026-04-16 11:53:17,226 - semo.backend - INFO - Approved - List files for tag direct operation (tag1) : True
2026-04-16 11:54:20,310 - semo.validator - INFO - Tag Exists 'tag1': True
2026-04-16 11:54:20,310 - semo.validator - INFO - Approval for list for tag operation for tag (tag1): True
2026-04-16 11:54:20,310 - semo.backend - INFO - Approved - List direct subtags operation (tag1) : True
2026-04-16 11:54:20,312 - semo.validator - INFO - Tag Exists 'tag1': True
2026-04-16 11:54:20,312 - semo.validator - INFO - Approval for list for tag operation for tag (tag1): True
2026-04-16 11:54:20,312 - semo.backend - INFO - Approved - List files for tag direct operation (tag1) : True
2026-04-16 11:54:21,452 - semo.validator - INFO - Tag Exists 'tag2': True
2026-04-16 11:54:21,452 - semo.validator - INFO - Approval for list for tag operation for tag (tag2): True
2026-04-16 11:54:21,452 - semo.backend - INFO - Approved - List direct subtags operation (tag2) : True
2026-04-16 11:54:21,456 - semo.validator - INFO - Tag Exists 'tag2': True
2026-04-16 11:54:21,457 - semo.validator - INFO - Approval for list for tag operation for tag (tag2): True
2026-04-16 11:54:21,457 - semo.backend - INFO - Approved - List files for tag direct operation (tag2) : True
2026-04-16 11:54:21,462 - semo.validator - INFO - Tag Exists 'tag1': True
2026-04-16 11:54:21,462 - semo.validator - INFO - Approval for list for tag operation for tag (tag1): True
2026-04-16 11:54:21,462 - semo.backend - INFO - Approved - List direct subtags operation (tag1) : True
2026-04-16 11:54:21,464 - semo.validator - INFO - Tag Exists 'tag1': True
2026-04-16 11:54:21,464 - semo.validator - INFO - Approval for list for tag operation for tag (tag1): True
2026-04-16 11:54:21,464 - semo.backend - INFO - Approved - List files for tag direct operation (tag1) : True
2026-04-16 11:54:21,472 - semo.validator - INFO - Tag Exists 'tag3': True
2026-04-16 11:54:21,472 - semo.validator - INFO - Approval for list for tag operation for tag (tag3): True
2026-04-16 11:54:21,472 - semo.backend - INFO - Approved - List direct subtags operation (tag3) : True
2026-04-16 11:54:21,475 - semo.validator - INFO - Tag Exists 'tag3': True
2026-04-16 11:54:21,475 - semo.validator - INFO - Approval for list for tag operation for tag (tag3): True
2026-04-16 11:54:21,475 - semo.backend - INFO - Approved - List files for tag direct operation (tag3) : True
2026-04-16 11:57:48,075 - semo.validator - INFO - Tag Exists 'tag1': True
2026-04-16 11:57:48,076 - semo.validator - INFO - Approval for list for tag operation for tag (tag1): True
2026-04-16 11:57:48,076 - semo.backend - INFO - Approved - List files for tag operation (tag1) : True
2026-04-16 12:01:00,425 - semo.validator - INFO - Tag Exists 'tag1': True
2026-04-16 12:01:00,426 - semo.validator - INFO - Approval for list for tag operation for tag (tag1): True
2026-04-16 12:01:00,426 - semo.backend - INFO - Approved - List direct subtags operation (tag1) : True
2026-04-16 12:01:00,429 - semo.validator - INFO - Tag Exists 'tag1': True
2026-04-16 12:01:00,429 - semo.validator - INFO - Approval for list for tag operation for tag (tag1): True
2026-04-16 12:01:00,429 - semo.backend - INFO - Approved - List files for tag direct operation (tag1) : True
2026-04-16 12:01:13,424 - semo.validator - INFO - Tag Exists 'tag1': True
2026-04-16 12:01:13,424 - semo.validator - INFO - Approval for list for tag operation for tag (tag1): True
2026-04-16 12:01:13,424 - semo.backend - INFO - Approved - List direct subtags operation (tag1) : True
2026-04-16 12:01:13,426 - semo.validator - INFO - Tag Exists 'tag1': True
2026-04-16 12:01:13,426 - semo.validator - INFO - Approval for list for tag operation for tag (tag1): True
2026-04-16 12:01:13,426 - semo.backend - INFO - Approved - List files for tag direct operation (tag1) : True
2026-04-16 12:01:16,800 - semo.validator - INFO - Tag Exists 'tag1': True
2026-04-16 12:01:16,800 - semo.validator - INFO - Approval for list for tag operation for tag (tag1): True
2026-04-16 12:01:16,800 - semo.backend - INFO - Approved - List files for tag operation (tag1) : True
2026-04-16 12:12:38,215 - semo.validator - INFO - Tag Exists 'tag1': True
2026-04-16 12:12:38,216 - semo.validator - INFO - Approval for list for tag operation for tag (tag1): True
2026-04-16 12:12:38,216 - semo.backend - INFO - Approved - List direct subtags operation (tag1) : True
2026-04-16 12:12:38,218 - semo.validator - INFO - Tag Exists 'tag1': True
2026-04-16 12:12:38,219 - semo.validator - INFO - Approval for list for tag operation for tag (tag1): True
2026-04-16 12:12:38,219 - semo.backend - INFO - Approved - List files for tag direct operation (tag1) : True
2026-04-16 12:12:38,232 - semo.validator - INFO - Tag Exists 'tag3': True
2026-04-16 12:12:38,233 - semo.validator - INFO - Approval for list for tag operation for tag (tag3): True
2026-04-16 12:12:38,233 - semo.backend - INFO - Approved - List direct subtags operation (tag3) : True
2026-04-16 12:12:38,234 - semo.validator - INFO - Tag Exists 'tag3': True
2026-04-16 12:12:38,235 - semo.validator - INFO - Approval for list for tag operation for tag (tag3): True
2026-04-16 12:12:38,235 - semo.backend - INFO - Approved - List files for tag direct operation (tag3) : True
2026-04-16 12:12:38,249 - semo.validator - INFO - Tag Exists 'tag2': True
2026-04-16 12:12:38,249 - semo.validator - INFO - Approval for list for tag operation for tag (tag2): True
2026-04-16 12:12:38,249 - semo.backend - INFO - Approved - List direct subtags operation (tag2) : True
2026-04-16 12:12:38,250 - semo.validator - INFO - Tag Exists 'tag2': True
2026-04-16 12:12:38,250 - semo.validator - INFO - Approval for list for tag operation for tag (tag2): True
2026-04-16 12:12:38,250 - semo.backend - INFO - Approved - List files for tag direct operation (tag2) : True
2026-04-16 12:12:39,446 - semo.validator - INFO - Tag Exists 'tag1': True
2026-04-16 12:12:39,447 - semo.validator - INFO - Approval for list for tag operation for tag (tag1): True
2026-04-16 12:12:39,447 - semo.backend - INFO - Approved - List direct subtags operation (tag1) : True
2026-04-16 12:12:39,449 - semo.validator - INFO - Tag Exists 'tag1': True
2026-04-16 12:12:39,450 - semo.validator - INFO - Approval for list for tag operation for tag (tag1): True
2026-04-16 12:12:39,450 - semo.backend - INFO - Approved - List files for tag direct operation (tag1) : True
2026-04-16 12:12:39,461 - semo.validator - INFO - Tag Exists 'tag3': True
2026-04-16 12:12:39,462 - semo.validator - INFO - Approval for list for tag operation for tag (tag3): True
2026-04-16 12:12:39,462 - semo.backend - INFO - Approved - List direct subtags operation (tag3) : True
2026-04-16 12:12:39,465 - semo.validator - INFO - Tag Exists 'tag3': True
2026-04-16 12:12:39,465 - semo.validator - INFO - Approval for list for tag operation for tag (tag3): True
2026-04-16 12:12:39,465 - semo.backend - INFO - Approved - List files for tag direct operation (tag3) : True
2026-04-16 12:12:39,478 - semo.validator - INFO - Tag Exists 'tag2': True
2026-04-16 12:12:39,478 - semo.validator - INFO - Approval for list for tag operation for tag (tag2): True
2026-04-16 12:12:39,478 - semo.backend - INFO - Approved - List direct subtags operation (tag2) : True
2026-04-16 12:12:39,481 - semo.validator - INFO - Tag Exists 'tag2': True
2026-04-16 12:12:39,481 - semo.validator - INFO - Approval for list for tag operation for tag (tag2): True
2026-04-16 12:12:39,481 - semo.backend - INFO - Approved - List files for tag direct operation (tag2) : True
2026-04-16 12:13:12,880 - semo.validator - INFO - Tag Exists 'tag1': True
2026-04-16 12:13:12,880 - semo.validator - INFO - Approval for list for tag operation for tag (tag1): True
2026-04-16 12:13:12,881 - semo.backend - INFO - Approved - List direct subtags operation (tag1) : True
2026-04-16 12:13:12,882 - semo.validator - INFO - Tag Exists 'tag1': True
2026-04-16 12:13:12,883 - semo.validator - INFO - Approval for list for tag operation for tag (tag1): True
2026-04-16 12:13:12,883 - semo.backend - INFO - Approved - List files for tag direct operation (tag1) : True
2026-04-16 12:13:12,888 - semo.validator - INFO - Tag Exists 'tag1': True
2026-04-16 12:13:12,888 - semo.validator - INFO - Approval for list for tag operation for tag (tag1): True
2026-04-16 12:13:12,888 - semo.backend - INFO - Approved - List files for tag direct operation (tag1) : True
2026-04-16 12:14:41,796 - semo.validator - INFO - Tag Exists 'tag1': True
2026-04-16 12:14:41,797 - semo.validator - INFO - Approval for list for tag operation for tag (tag1): True
2026-04-16 12:14:41,797 - semo.backend - INFO - Approved - List direct subtags operation (tag1) : True
2026-04-16 12:14:41,799 - semo.validator - INFO - Tag Exists 'tag1': True
2026-04-16 12:14:41,799 - semo.validator - INFO - Approval for list for tag operation for tag (tag1): True
2026-04-16 12:14:41,800 - semo.backend - INFO - Approved - List files for tag direct operation (tag1) : True
2026-04-16 12:14:41,804 - semo.validator - INFO - Tag Exists 'tag1': True
2026-04-16 12:14:41,805 - semo.validator - INFO - Approval for list for tag operation for tag (tag1): True
2026-04-16 12:14:41,805 - semo.backend - INFO - Approved - List files for tag direct operation (tag1) : True
2026-04-16 12:17:28,557 - semo.validator - INFO - Tag Exists 'tag1': True
2026-04-16 12:17:28,558 - semo.validator - INFO - Approval for list for tag operation for tag (tag1): True
2026-04-16 12:17:28,558 - semo.backend - INFO - Approved - List direct subtags operation (tag1) : True
2026-04-16 12:17:28,561 - semo.validator - INFO - Tag Exists 'tag1': True
2026-04-16 12:17:28,562 - semo.validator - INFO - Approval for list for tag operation for tag (tag1): True
2026-04-16 12:17:28,562 - semo.backend - INFO - Approved - List files for tag direct operation (tag1) : True
2026-04-16 12:17:28,567 - semo.validator - INFO - Tag Exists 'tag1': True
2026-04-16 12:17:28,567 - semo.validator - INFO - Approval for list for tag operation for tag (tag1): True
2026-04-16 12:17:28,567 - semo.backend - INFO - Approved - List files for tag direct operation (tag1) : True
2026-04-16 12:18:11,847 - semo.validator - INFO - Tag Exists 'tag1': True
2026-04-16 12:18:11,847 - semo.validator - INFO - Approval for list for tag operation for tag (tag1): True
2026-04-16 12:18:11,848 - semo.backend - INFO - Approved - List direct subtags operation (tag1) : True
2026-04-16 12:18:11,850 - semo.validator - INFO - Tag Exists 'tag1': True
2026-04-16 12:18:11,850 - semo.validator - INFO - Approval for list for tag operation for tag (tag1): True
2026-04-16 12:18:11,850 - semo.backend - INFO - Approved - List files for tag direct operation (tag1) : True
2026-04-16 12:18:11,856 - semo.validator - INFO - Tag Exists 'tag1': True
2026-04-16 12:18:11,856 - semo.validator - INFO - Approval for list for tag operation for tag (tag1): True
2026-04-16 12:18:11,857 - semo.backend - INFO - Approved - List files for tag direct operation (tag1) : True
2026-04-16 12:18:34,502 - semo.validator - INFO - Tag Exists 'tag1': True
2026-04-16 12:18:34,503 - semo.validator - INFO - Approval for list for tag operation for tag (tag1): True
2026-04-16 12:18:34,503 - semo.backend - INFO - Approved - List direct subtags operation (tag1) : True
2026-04-16 12:18:34,505 - semo.validator - INFO - Tag Exists 'tag1': True
2026-04-16 12:18:34,505 - semo.validator - INFO - Approval for list for tag operation for tag (tag1): True
2026-04-16 12:18:34,505 - semo.backend - INFO - Approved - List files for tag direct operation (tag1) : True
2026-04-16 12:18:34,510 - semo.validator - INFO - Tag Exists 'tag1': True
2026-04-16 12:18:34,510 - semo.validator - INFO - Approval for list for tag operation for tag (tag1): True
2026-04-16 12:18:34,510 - semo.backend - INFO - Approved - List files for tag direct operation (tag1) : True
2026-04-16 12:18:53,499 - semo.validator - INFO - Tag Exists 'tag1': True
2026-04-16 12:18:53,500 - semo.validator - INFO - Approval for list for tag operation for tag (tag1): True
2026-04-16 12:18:53,500 - semo.backend - INFO - Approved - List direct subtags operation (tag1) : True
2026-04-16 12:18:53,502 - semo.validator - INFO - Tag Exists 'tag1': True
2026-04-16 12:18:53,503 - semo.validator - INFO - Approval for list for tag operation for tag (tag1): True
2026-04-16 12:18:53,503 - semo.backend - INFO - Approved - List files for tag direct operation (tag1) : True
2026-04-16 12:18:53,508 - semo.validator - INFO - Tag Exists 'tag1': True
2026-04-16 12:18:53,508 - semo.validator - INFO - Approval for list for tag operation for tag (tag1): True
2026-04-16 12:18:53,508 - semo.backend - INFO - Approved - List files for tag direct operation (tag1) : True
2026-04-16 12:19:37,499 - semo.validator - INFO - Tag Exists 'tag1': True
2026-04-16 12:19:37,499 - semo.validator - INFO - Approval for list for tag operation for tag (tag1): True
2026-04-16 12:19:37,500 - semo.backend - INFO - Approved - List direct subtags operation (tag1) : True
2026-04-16 12:19:37,502 - semo.validator - INFO - Tag Exists 'tag1': True
2026-04-16 12:19:37,502 - semo.validator - INFO - Approval for list for tag operation for tag (tag1): True
2026-04-16 12:19:37,502 - semo.backend - INFO - Approved - List files for tag direct operation (tag1) : True
2026-04-16 12:19:37,508 - semo.validator - INFO - Tag Exists 'tag1': True
2026-04-16 12:19:37,508 - semo.validator - INFO - Approval for list for tag operation for tag (tag1): True
2026-04-16 12:19:37,508 - semo.backend - INFO - Approved - List files for tag direct operation (tag1) : True
2026-04-16 12:20:40,570 - semo.validator - INFO - Tag Exists 'tag1': True
2026-04-16 12:20:40,571 - semo.validator - INFO - Approval for list for tag operation for tag (tag1): True
2026-04-16 12:20:40,571 - semo.backend - INFO - Approved - List direct subtags operation (tag1) : True
2026-04-16 12:20:40,573 - semo.validator - INFO - Tag Exists 'tag1': True
2026-04-16 12:20:40,573 - semo.validator - INFO - Approval for list for tag operation for tag (tag1): True
2026-04-16 12:20:40,573 - semo.backend - INFO - Approved - List files for tag direct operation (tag1) : True
2026-04-16 12:20:40,578 - semo.validator - INFO - Tag Exists 'tag1': True
2026-04-16 12:20:40,578 - semo.validator - INFO - Approval for list for tag operation for tag (tag1): True
2026-04-16 12:20:40,578 - semo.backend - INFO - Approved - List files for tag direct operation (tag1) : True
2026-04-16 12:21:58,310 - semo.validator - INFO - Tag Exists 'tag1': True
2026-04-16 12:21:58,310 - semo.validator - INFO - Approval for list for tag operation for tag (tag1): True
2026-04-16 12:21:58,311 - semo.backend - INFO - Approved - List direct subtags operation (tag1) : True
2026-04-16 12:21:58,313 - semo.validator - INFO - Tag Exists 'tag1': True
2026-04-16 12:21:58,313 - semo.validator - INFO - Approval for list for tag operation for tag (tag1): True
2026-04-16 12:21:58,313 - semo.backend - INFO - Approved - List files for tag direct operation (tag1) : True
2026-04-16 12:21:58,320 - semo.validator - INFO - Tag Exists 'tag1': True
2026-04-16 12:21:58,320 - semo.validator - INFO - Approval for list for tag operation for tag (tag1): True
2026-04-16 12:21:58,320 - semo.backend - INFO - Approved - List files for tag direct operation (tag1) : True
2026-04-16 12:22:13,291 - semo.validator - INFO - Tag Exists 'tag1': True
2026-04-16 12:22:13,292 - semo.validator - INFO - Approval for list for tag operation for tag (tag1): True
2026-04-16 12:22:13,292 - semo.backend - INFO - Approved - List direct subtags operation (tag1) : True
2026-04-16 12:22:13,294 - semo.validator - INFO - Tag Exists 'tag1': True
2026-04-16 12:22:13,294 - semo.validator - INFO - Approval for list for tag operation for tag (tag1): True
2026-04-16 12:22:13,294 - semo.backend - INFO - Approved - List files for tag direct operation (tag1) : True
2026-04-16 12:22:13,300 - semo.validator - INFO - Tag Exists 'tag1': True
2026-04-16 12:22:13,300 - semo.validator - INFO - Approval for list for tag operation for tag (tag1): True
2026-04-16 12:22:13,300 - semo.backend - INFO - Approved - List files for tag direct operation (tag1) : True
2026-04-16 12:22:15,967 - semo.validator - INFO - Tag Exists 'tag1': True
2026-04-16 12:22:15,967 - semo.validator - INFO - Approval for list for tag operation for tag (tag1): True
2026-04-16 12:22:15,967 - semo.backend - INFO - Approved - List files for tag direct operation (tag1) : True
2026-04-16 12:22:15,971 - semo.validator - INFO - Tag Exists 'tag1': True
2026-04-16 12:22:15,971 - semo.validator - INFO - Approval for list for tag operation for tag (tag1): True
2026-04-16 12:22:15,971 - semo.backend - INFO - Approved - List files for tag direct operation (tag1) : True
2026-04-16 12:22:15,973 - semo.validator - INFO - Tag Exists 'tag1': True
2026-04-16 12:22:15,973 - semo.validator - INFO - Approval for list for tag operation for tag (tag1): True
2026-04-16 12:22:15,973 - semo.backend - INFO - Approved - List direct subtags operation (tag1) : True
2026-04-16 12:22:15,975 - semo.validator - INFO - Tag Exists 'tag1': True
2026-04-16 12:22:15,975 - semo.validator - INFO - Approval for list for tag operation for tag (tag1): True
2026-04-16 12:22:15,975 - semo.backend - INFO - Approved - List files for tag direct operation (tag1) : True
2026-04-16 12:22:15,979 - semo.validator - INFO - Tag Exists 'tag1': True
2026-04-16 12:22:15,979 - semo.validator - INFO - Approval for list for tag operation for tag (tag1): True
2026-04-16 12:22:15,979 - semo.backend - INFO - Approved - List files for tag direct operation (tag1) : True
2026-04-16 12:22:15,983 - semo.validator - INFO - Tag Exists 'tag3': True
2026-04-16 12:22:15,983 - semo.validator - INFO - Approval for list for tag operation for tag (tag3): True
2026-04-16 12:22:15,983 - semo.backend - INFO - Approved - List files for tag direct operation (tag3) : True
2026-04-16 12:22:15,987 - semo.validator - INFO - Tag Exists 'tag3': True
2026-04-16 12:22:15,987 - semo.validator - INFO - Approval for list for tag operation for tag (tag3): True
2026-04-16 12:22:15,987 - semo.backend - INFO - Approved - List files for tag direct operation (tag3) : True
2026-04-16 12:22:15,990 - semo.validator - INFO - Tag Exists 'tag3': True
2026-04-16 12:22:15,990 - semo.validator - INFO - Approval for list for tag operation for tag (tag3): True
2026-04-16 12:22:15,990 - semo.backend - INFO - Approved - List direct subtags operation (tag3) : True
2026-04-16 12:22:15,992 - semo.validator - INFO - Tag Exists 'tag3': True
2026-04-16 12:22:15,992 - semo.validator - INFO - Approval for list for tag operation for tag (tag3): True
2026-04-16 12:22:15,992 - semo.backend - INFO - Approved - List files for tag direct operation (tag3) : True
2026-04-16 12:22:15,998 - semo.validator - INFO - Tag Exists 'tag3': True
2026-04-16 12:22:15,998 - semo.validator - INFO - Approval for list for tag operation for tag (tag3): True
2026-04-16 12:22:15,998 - semo.backend - INFO - Approved - List files for tag direct operation (tag3) : True
2026-04-16 12:22:16,001 - semo.validator - INFO - Tag Exists 'tag3': True
2026-04-16 12:22:16,001 - semo.validator - INFO - Approval for list for tag operation for tag (tag3): True
2026-04-16 12:22:16,001 - semo.backend - INFO - Approved - List files for tag direct operation (tag3) : True
2026-04-16 12:22:16,004 - semo.validator - INFO - Tag Exists 'tag1': True
2026-04-16 12:22:16,004 - semo.validator - INFO - Approval for list for tag operation for tag (tag1): True
2026-04-16 12:22:16,004 - semo.backend - INFO - Approved - List files for tag direct operation (tag1) : True
2026-04-16 12:22:16,010 - semo.validator - INFO - Tag Exists 'tag2': True
2026-04-16 12:22:16,010 - semo.validator - INFO - Approval for list for tag operation for tag (tag2): True
2026-04-16 12:22:16,010 - semo.backend - INFO - Approved - List files for tag direct operation (tag2) : True
2026-04-16 12:22:16,013 - semo.validator - INFO - Tag Exists 'tag2': True
2026-04-16 12:22:16,014 - semo.validator - INFO - Approval for list for tag operation for tag (tag2): True
2026-04-16 12:22:16,014 - semo.backend - INFO - Approved - List files for tag direct operation (tag2) : True
2026-04-16 12:22:16,015 - semo.validator - INFO - Tag Exists 'tag2': True
2026-04-16 12:22:16,016 - semo.validator - INFO - Approval for list for tag operation for tag (tag2): True
2026-04-16 12:22:16,016 - semo.backend - INFO - Approved - List direct subtags operation (tag2) : True
2026-04-16 12:22:16,017 - semo.validator - INFO - Tag Exists 'tag2': True
2026-04-16 12:22:16,017 - semo.validator - INFO - Approval for list for tag operation for tag (tag2): True
2026-04-16 12:22:16,017 - semo.backend - INFO - Approved - List files for tag direct operation (tag2) : True
2026-04-16 12:22:16,020 - semo.validator - INFO - Tag Exists 'tag2': True
2026-04-16 12:22:16,020 - semo.validator - INFO - Approval for list for tag operation for tag (tag2): True
2026-04-16 12:22:16,020 - semo.backend - INFO - Approved - List files for tag direct operation (tag2) : True
2026-04-16 12:22:16,024 - semo.validator - INFO - Tag Exists 'tag2': True
2026-04-16 12:22:16,024 - semo.validator - INFO - Approval for list for tag operation for tag (tag2): True
2026-04-16 12:22:16,024 - semo.backend - INFO - Approved - List files for tag direct operation (tag2) : True
2026-04-16 12:22:20,076 - semo.validator - INFO - Tag Exists 'tag3': True
2026-04-16 12:22:20,076 - semo.validator - INFO - Approval for list for tag operation for tag (tag3): True
2026-04-16 12:22:20,076 - semo.backend - INFO - Approved - List direct subtags operation (tag3) : True
2026-04-16 12:22:20,078 - semo.validator - INFO - Tag Exists 'tag3': True
2026-04-16 12:22:20,078 - semo.validator - INFO - Approval for list for tag operation for tag (tag3): True
2026-04-16 12:22:20,078 - semo.backend - INFO - Approved - List files for tag direct operation (tag3) : True
2026-04-16 12:22:20,086 - semo.validator - INFO - Tag Exists 'tag3': True
2026-04-16 12:22:20,086 - semo.validator - INFO - Approval for list for tag operation for tag (tag3): True
2026-04-16 12:22:20,086 - semo.backend - INFO - Approved - List files for tag direct operation (tag3) : True
2026-04-16 12:22:21,114 - semo.validator - INFO - Tag Exists 'tag1': True
2026-04-16 12:22:21,114 - semo.validator - INFO - Approval for list for tag operation for tag (tag1): True
2026-04-16 12:22:21,114 - semo.backend - INFO - Approved - List files for tag direct operation (tag1) : True
2026-04-16 12:22:21,117 - semo.validator - INFO - Tag Exists 'tag1': True
2026-04-16 12:22:21,117 - semo.validator - INFO - Approval for list for tag operation for tag (tag1): True
2026-04-16 12:22:21,117 - semo.backend - INFO - Approved - List files for tag direct operation (tag1) : True
2026-04-16 12:22:21,119 - semo.validator - INFO - Tag Exists 'tag1': True
2026-04-16 12:22:21,120 - semo.validator - INFO - Approval for list for tag operation for tag (tag1): True
2026-04-16 12:22:21,120 - semo.backend - INFO - Approved - List direct subtags operation (tag1) : True
2026-04-16 12:22:21,122 - semo.validator - INFO - Tag Exists 'tag1': True
2026-04-16 12:22:21,122 - semo.validator - INFO - Approval for list for tag operation for tag (tag1): True
2026-04-16 12:22:21,122 - semo.backend - INFO - Approved - List files for tag direct operation (tag1) : True
2026-04-16 12:22:21,126 - semo.validator - INFO - Tag Exists 'tag1': True
2026-04-16 12:22:21,127 - semo.validator - INFO - Approval for list for tag operation for tag (tag1): True
2026-04-16 12:22:21,127 - semo.backend - INFO - Approved - List files for tag direct operation (tag1) : True
2026-04-16 12:22:21,130 - semo.validator - INFO - Tag Exists 'tag3': True
2026-04-16 12:22:21,130 - semo.validator - INFO - Approval for list for tag operation for tag (tag3): True
2026-04-16 12:22:21,131 - semo.backend - INFO - Approved - List files for tag direct operation (tag3) : True
2026-04-16 12:22:21,135 - semo.validator - INFO - Tag Exists 'tag3': True
2026-04-16 12:22:21,135 - semo.validator - INFO - Approval for list for tag operation for tag (tag3): True
2026-04-16 12:22:21,135 - semo.backend - INFO - Approved - List files for tag direct operation (tag3) : True
2026-04-16 12:22:21,141 - semo.validator - INFO - Tag Exists 'tag3': True
2026-04-16 12:22:21,141 - semo.validator - INFO - Approval for list for tag operation for tag (tag3): True
2026-04-16 12:22:21,141 - semo.backend - INFO - Approved - List direct subtags operation (tag3) : True
2026-04-16 12:22:21,143 - semo.validator - INFO - Tag Exists 'tag3': True
2026-04-16 12:22:21,143 - semo.validator - INFO - Approval for list for tag operation for tag (tag3): True
2026-04-16 12:22:21,143 - semo.backend - INFO - Approved - List files for tag direct operation (tag3) : True
2026-04-16 12:22:21,147 - semo.validator - INFO - Tag Exists 'tag3': True
2026-04-16 12:22:21,147 - semo.validator - INFO - Approval for list for tag operation for tag (tag3): True
2026-04-16 12:22:21,147 - semo.backend - INFO - Approved - List files for tag direct operation (tag3) : True
2026-04-16 12:22:21,150 - semo.validator - INFO - Tag Exists 'tag3': True
2026-04-16 12:22:21,151 - semo.validator - INFO - Approval for list for tag operation for tag (tag3): True
2026-04-16 12:22:21,151 - semo.backend - INFO - Approved - List files for tag direct operation (tag3) : True
2026-04-16 12:22:21,154 - semo.validator - INFO - Tag Exists 'tag1': True
2026-04-16 12:22:21,154 - semo.validator - INFO - Approval for list for tag operation for tag (tag1): True
2026-04-16 12:22:21,154 - semo.backend - INFO - Approved - List files for tag direct operation (tag1) : True
2026-04-16 12:22:21,159 - semo.validator - INFO - Tag Exists 'tag2': True
2026-04-16 12:22:21,159 - semo.validator - INFO - Approval for list for tag operation for tag (tag2): True
2026-04-16 12:22:21,159 - semo.backend - INFO - Approved - List files for tag direct operation (tag2) : True
2026-04-16 12:22:21,162 - semo.validator - INFO - Tag Exists 'tag2': True
2026-04-16 12:22:21,162 - semo.validator - INFO - Approval for list for tag operation for tag (tag2): True
2026-04-16 12:22:21,162 - semo.backend - INFO - Approved - List files for tag direct operation (tag2) : True
2026-04-16 12:22:21,165 - semo.validator - INFO - Tag Exists 'tag2': True
2026-04-16 12:22:21,165 - semo.validator - INFO - Approval for list for tag operation for tag (tag2): True
2026-04-16 12:22:21,165 - semo.backend - INFO - Approved - List direct subtags operation (tag2) : True
2026-04-16 12:22:21,166 - semo.validator - INFO - Tag Exists 'tag2': True
2026-04-16 12:22:21,166 - semo.validator - INFO - Approval for list for tag operation for tag (tag2): True
2026-04-16 12:22:21,167 - semo.backend - INFO - Approved - List files for tag direct operation (tag2) : True
2026-04-16 12:22:21,169 - semo.validator - INFO - Tag Exists 'tag2': True
2026-04-16 12:22:21,169 - semo.validator - INFO - Approval for list for tag operation for tag (tag2): True
2026-04-16 12:22:21,169 - semo.backend - INFO - Approved - List files for tag direct operation (tag2) : True
2026-04-16 12:22:21,172 - semo.validator - INFO - Tag Exists 'tag2': True
2026-04-16 12:22:21,172 - semo.validator - INFO - Approval for list for tag operation for tag (tag2): True
2026-04-16 12:22:21,172 - semo.backend - INFO - Approved - List files for tag direct operation (tag2) : True
2026-04-16 12:22:26,262 - semo.validator - INFO - Tag Exists 'tag1': True
2026-04-16 12:22:26,262 - semo.validator - INFO - Approval for list for tag operation for tag (tag1): True
2026-04-16 12:22:26,262 - semo.backend - INFO - Approved - List files for tag direct operation (tag1) : True
2026-04-16 12:22:26,266 - semo.validator - INFO - Tag Exists 'tag1': True
2026-04-16 12:22:26,267 - semo.validator - INFO - Approval for list for tag operation for tag (tag1): True
2026-04-16 12:22:26,267 - semo.backend - INFO - Approved - List files for tag direct operation (tag1) : True
2026-04-16 12:22:26,269 - semo.validator - INFO - Tag Exists 'tag1': True
2026-04-16 12:22:26,269 - semo.validator - INFO - Approval for list for tag operation for tag (tag1): True
2026-04-16 12:22:26,269 - semo.backend - INFO - Approved - List direct subtags operation (tag1) : True
2026-04-16 12:22:26,271 - semo.validator - INFO - Tag Exists 'tag1': True
2026-04-16 12:22:26,271 - semo.validator - INFO - Approval for list for tag operation for tag (tag1): True
2026-04-16 12:22:26,271 - semo.backend - INFO - Approved - List files for tag direct operation (tag1) : True
2026-04-16 12:22:26,275 - semo.validator - INFO - Tag Exists 'tag1': True
2026-04-16 12:22:26,276 - semo.validator - INFO - Approval for list for tag operation for tag (tag1): True
2026-04-16 12:22:26,276 - semo.backend - INFO - Approved - List files for tag direct operation (tag1) : True
2026-04-16 12:22:26,278 - semo.validator - INFO - Tag Exists 'tag3': True
2026-04-16 12:22:26,279 - semo.validator - INFO - Approval for list for tag operation for tag (tag3): True
2026-04-16 12:22:26,279 - semo.backend - INFO - Approved - List files for tag direct operation (tag3) : True
2026-04-16 12:22:26,282 - semo.validator - INFO - Tag Exists 'tag3': True
2026-04-16 12:22:26,282 - semo.validator - INFO - Approval for list for tag operation for tag (tag3): True
2026-04-16 12:22:26,282 - semo.backend - INFO - Approved - List files for tag direct operation (tag3) : True
2026-04-16 12:22:26,284 - semo.validator - INFO - Tag Exists 'tag3': True
2026-04-16 12:22:26,284 - semo.validator - INFO - Approval for list for tag operation for tag (tag3): True
2026-04-16 12:22:26,284 - semo.backend - INFO - Approved - List direct subtags operation (tag3) : True
2026-04-16 12:22:26,287 - semo.validator - INFO - Tag Exists 'tag3': True
2026-04-16 12:22:26,287 - semo.validator - INFO - Approval for list for tag operation for tag (tag3): True
2026-04-16 12:22:26,287 - semo.backend - INFO - Approved - List files for tag direct operation (tag3) : True
2026-04-16 12:22:26,294 - semo.validator - INFO - Tag Exists 'tag3': True
2026-04-16 12:22:26,294 - semo.validator - INFO - Approval for list for tag operation for tag (tag3): True
2026-04-16 12:22:26,294 - semo.backend - INFO - Approved - List files for tag direct operation (tag3) : True
2026-04-16 12:22:26,298 - semo.validator - INFO - Tag Exists 'tag3': True
2026-04-16 12:22:26,298 - semo.validator - INFO - Approval for list for tag operation for tag (tag3): True
2026-04-16 12:22:26,298 - semo.backend - INFO - Approved - List files for tag direct operation (tag3) : True
2026-04-16 12:22:26,302 - semo.validator - INFO - Tag Exists 'tag1': True
2026-04-16 12:22:26,302 - semo.validator - INFO - Approval for list for tag operation for tag (tag1): True
2026-04-16 12:22:26,302 - semo.backend - INFO - Approved - List files for tag direct operation (tag1) : True
2026-04-16 12:22:26,307 - semo.validator - INFO - Tag Exists 'tag2': True
2026-04-16 12:22:26,307 - semo.validator - INFO - Approval for list for tag operation for tag (tag2): True
2026-04-16 12:22:26,307 - semo.backend - INFO - Approved - List files for tag direct operation (tag2) : True
2026-04-16 12:22:26,310 - semo.validator - INFO - Tag Exists 'tag2': True
2026-04-16 12:22:26,311 - semo.validator - INFO - Approval for list for tag operation for tag (tag2): True
2026-04-16 12:22:26,311 - semo.backend - INFO - Approved - List files for tag direct operation (tag2) : True
2026-04-16 12:22:26,313 - semo.validator - INFO - Tag Exists 'tag2': True
2026-04-16 12:22:26,313 - semo.validator - INFO - Approval for list for tag operation for tag (tag2): True
2026-04-16 12:22:26,313 - semo.backend - INFO - Approved - List direct subtags operation (tag2) : True
2026-04-16 12:22:26,314 - semo.validator - INFO - Tag Exists 'tag2': True
2026-04-16 12:22:26,315 - semo.validator - INFO - Approval for list for tag operation for tag (tag2): True
2026-04-16 12:22:26,315 - semo.backend - INFO - Approved - List files for tag direct operation (tag2) : True
2026-04-16 12:22:26,317 - semo.validator - INFO - Tag Exists 'tag2': True
2026-04-16 12:22:26,318 - semo.validator - INFO - Approval for list for tag operation for tag (tag2): True
2026-04-16 12:22:26,318 - semo.backend - INFO - Approved - List files for tag direct operation (tag2) : True
2026-04-16 12:22:26,321 - semo.validator - INFO - Tag Exists 'tag2': True
2026-04-16 12:22:26,322 - semo.validator - INFO - Approval for list for tag operation for tag (tag2): True
2026-04-16 12:22:26,322 - semo.backend - INFO - Approved - List files for tag direct operation (tag2) : True
2026-04-16 12:22:31,412 - semo.validator - INFO - Tag Exists 'tag1': True
2026-04-16 12:22:31,412 - semo.validator - INFO - Approval for list for tag operation for tag (tag1): True
2026-04-16 12:22:31,412 - semo.backend - INFO - Approved - List files for tag direct operation (tag1) : True
2026-04-16 12:22:31,415 - semo.validator - INFO - Tag Exists 'tag1': True
2026-04-16 12:22:31,415 - semo.validator - INFO - Approval for list for tag operation for tag (tag1): True
2026-04-16 12:22:31,415 - semo.backend - INFO - Approved - List files for tag direct operation (tag1) : True
2026-04-16 12:22:31,417 - semo.validator - INFO - Tag Exists 'tag1': True
2026-04-16 12:22:31,417 - semo.validator - INFO - Approval for list for tag operation for tag (tag1): True
2026-04-16 12:22:31,417 - semo.backend - INFO - Approved - List direct subtags operation (tag1) : True
2026-04-16 12:22:31,419 - semo.validator - INFO - Tag Exists 'tag1': True
2026-04-16 12:22:31,419 - semo.validator - INFO - Approval for list for tag operation for tag (tag1): True
2026-04-16 12:22:31,419 - semo.backend - INFO - Approved - List files for tag direct operation (tag1) : True
2026-04-16 12:22:31,424 - semo.validator - INFO - Tag Exists 'tag1': True
2026-04-16 12:22:31,425 - semo.validator - INFO - Approval for list for tag operation for tag (tag1): True
2026-04-16 12:22:31,425 - semo.backend - INFO - Approved - List files for tag direct operation (tag1) : True
2026-04-16 12:22:31,428 - semo.validator - INFO - Tag Exists 'tag3': True
2026-04-16 12:22:31,428 - semo.validator - INFO - Approval for list for tag operation for tag (tag3): True
2026-04-16 12:22:31,428 - semo.backend - INFO - Approved - List files for tag direct operation (tag3) : True
2026-04-16 12:22:31,431 - semo.validator - INFO - Tag Exists 'tag3': True
2026-04-16 12:22:31,431 - semo.validator - INFO - Approval for list for tag operation for tag (tag3): True
2026-04-16 12:22:31,431 - semo.backend - INFO - Approved - List files for tag direct operation (tag3) : True
2026-04-16 12:22:31,434 - semo.validator - INFO - Tag Exists 'tag3': True
2026-04-16 12:22:31,434 - semo.validator - INFO - Approval for list for tag operation for tag (tag3): True
2026-04-16 12:22:31,434 - semo.backend - INFO - Approved - List direct subtags operation (tag3) : True
2026-04-16 12:22:31,436 - semo.validator - INFO - Tag Exists 'tag3': True
2026-04-16 12:22:31,436 - semo.validator - INFO - Approval for list for tag operation for tag (tag3): True
2026-04-16 12:22:31,436 - semo.backend - INFO - Approved - List files for tag direct operation (tag3) : True
2026-04-16 12:22:31,440 - semo.validator - INFO - Tag Exists 'tag3': True
2026-04-16 12:22:31,440 - semo.validator - INFO - Approval for list for tag operation for tag (tag3): True
2026-04-16 12:22:31,440 - semo.backend - INFO - Approved - List files for tag direct operation (tag3) : True
2026-04-16 12:22:31,443 - semo.validator - INFO - Tag Exists 'tag3': True
2026-04-16 12:22:31,443 - semo.validator - INFO - Approval for list for tag operation for tag (tag3): True
2026-04-16 12:22:31,443 - semo.backend - INFO - Approved - List files for tag direct operation (tag3) : True
2026-04-16 12:22:31,449 - semo.validator - INFO - Tag Exists 'tag1': True
2026-04-16 12:22:31,449 - semo.validator - INFO - Approval for list for tag operation for tag (tag1): True
2026-04-16 12:22:31,449 - semo.backend - INFO - Approved - List files for tag direct operation (tag1) : True
2026-04-16 12:22:31,453 - semo.validator - INFO - Tag Exists 'tag2': True
2026-04-16 12:22:31,454 - semo.validator - INFO - Approval for list for tag operation for tag (tag2): True
2026-04-16 12:22:31,454 - semo.backend - INFO - Approved - List files for tag direct operation (tag2) : True
2026-04-16 12:22:31,457 - semo.validator - INFO - Tag Exists 'tag2': True
2026-04-16 12:22:31,457 - semo.validator - INFO - Approval for list for tag operation for tag (tag2): True
2026-04-16 12:22:31,457 - semo.backend - INFO - Approved - List files for tag direct operation (tag2) : True
2026-04-16 12:22:31,460 - semo.validator - INFO - Tag Exists 'tag2': True
2026-04-16 12:22:31,460 - semo.validator - INFO - Approval for list for tag operation for tag (tag2): True
2026-04-16 12:22:31,460 - semo.backend - INFO - Approved - List direct subtags operation (tag2) : True
2026-04-16 12:22:31,462 - semo.validator - INFO - Tag Exists 'tag2': True
2026-04-16 12:22:31,462 - semo.validator - INFO - Approval for list for tag operation for tag (tag2): True
2026-04-16 12:22:31,462 - semo.backend - INFO - Approved - List files for tag direct operation (tag2) : True
2026-04-16 12:22:31,465 - semo.validator - INFO - Tag Exists 'tag2': True
2026-04-16 12:22:31,465 - semo.validator - INFO - Approval for list for tag operation for tag (tag2): True
2026-04-16 12:22:31,465 - semo.backend - INFO - Approved - List files for tag direct operation (tag2) : True
2026-04-16 12:22:31,468 - semo.validator - INFO - Tag Exists 'tag2': True
2026-04-16 12:22:31,468 - semo.validator - INFO - Approval for list for tag operation for tag (tag2): True
2026-04-16 12:22:31,468 - semo.backend - INFO - Approved - List files for tag direct operation (tag2) : True
2026-04-16 12:22:36,561 - semo.validator - INFO - Tag Exists 'tag1': True
2026-04-16 12:22:36,562 - semo.validator - INFO - Approval for list for tag operation for tag (tag1): True
2026-04-16 12:22:36,562 - semo.backend - INFO - Approved - List files for tag direct operation (tag1) : True
2026-04-16 12:22:36,569 - semo.validator - INFO - Tag Exists 'tag1': True
2026-04-16 12:22:36,569 - semo.validator - INFO - Approval for list for tag operation for tag (tag1): True
2026-04-16 12:22:36,569 - semo.backend - INFO - Approved - List files for tag direct operation (tag1) : True
2026-04-16 12:22:36,572 - semo.validator - INFO - Tag Exists 'tag1': True
2026-04-16 12:22:36,572 - semo.validator - INFO - Approval for list for tag operation for tag (tag1): True
2026-04-16 12:22:36,572 - semo.backend - INFO - Approved - List direct subtags operation (tag1) : True
2026-04-16 12:22:36,574 - semo.validator - INFO - Tag Exists 'tag1': True
2026-04-16 12:22:36,574 - semo.validator - INFO - Approval for list for tag operation for tag (tag1): True
2026-04-16 12:22:36,574 - semo.backend - INFO - Approved - List files for tag direct operation (tag1) : True
2026-04-16 12:22:36,579 - semo.validator - INFO - Tag Exists 'tag1': True
2026-04-16 12:22:36,579 - semo.validator - INFO - Approval for list for tag operation for tag (tag1): True
2026-04-16 12:22:36,579 - semo.backend - INFO - Approved - List files for tag direct operation (tag1) : True
2026-04-16 12:22:36,583 - semo.validator - INFO - Tag Exists 'tag3': True
2026-04-16 12:22:36,583 - semo.validator - INFO - Approval for list for tag operation for tag (tag3): True
2026-04-16 12:22:36,583 - semo.backend - INFO - Approved - List files for tag direct operation (tag3) : True
2026-04-16 12:22:36,586 - semo.validator - INFO - Tag Exists 'tag3': True
2026-04-16 12:22:36,586 - semo.validator - INFO - Approval for list for tag operation for tag (tag3): True
2026-04-16 12:22:36,586 - semo.backend - INFO - Approved - List files for tag direct operation (tag3) : True
2026-04-16 12:22:36,588 - semo.validator - INFO - Tag Exists 'tag3': True
2026-04-16 12:22:36,588 - semo.validator - INFO - Approval for list for tag operation for tag (tag3): True
2026-04-16 12:22:36,588 - semo.backend - INFO - Approved - List direct subtags operation (tag3) : True
2026-04-16 12:22:36,589 - semo.validator - INFO - Tag Exists 'tag3': True
2026-04-16 12:22:36,590 - semo.validator - INFO - Approval for list for tag operation for tag (tag3): True
2026-04-16 12:22:36,590 - semo.backend - INFO - Approved - List files for tag direct operation (tag3) : True
2026-04-16 12:22:36,593 - semo.validator - INFO - Tag Exists 'tag3': True
2026-04-16 12:22:36,593 - semo.validator - INFO - Approval for list for tag operation for tag (tag3): True
2026-04-16 12:22:36,593 - semo.backend - INFO - Approved - List files for tag direct operation (tag3) : True
2026-04-16 12:22:36,597 - semo.validator - INFO - Tag Exists 'tag3': True
2026-04-16 12:22:36,597 - semo.validator - INFO - Approval for list for tag operation for tag (tag3): True
2026-04-16 12:22:36,597 - semo.backend - INFO - Approved - List files for tag direct operation (tag3) : True
2026-04-16 12:22:36,600 - semo.validator - INFO - Tag Exists 'tag1': True
2026-04-16 12:22:36,600 - semo.validator - INFO - Approval for list for tag operation for tag (tag1): True
2026-04-16 12:22:36,600 - semo.backend - INFO - Approved - List files for tag direct operation (tag1) : True
2026-04-16 12:22:36,607 - semo.validator - INFO - Tag Exists 'tag2': True
2026-04-16 12:22:36,607 - semo.validator - INFO - Approval for list for tag operation for tag (tag2): True
2026-04-16 12:22:36,607 - semo.backend - INFO - Approved - List files for tag direct operation (tag2) : True
2026-04-16 12:22:36,612 - semo.validator - INFO - Tag Exists 'tag2': True
2026-04-16 12:22:36,612 - semo.validator - INFO - Approval for list for tag operation for tag (tag2): True
2026-04-16 12:22:36,612 - semo.backend - INFO - Approved - List files for tag direct operation (tag2) : True
2026-04-16 12:22:36,614 - semo.validator - INFO - Tag Exists 'tag2': True
2026-04-16 12:22:36,614 - semo.validator - INFO - Approval for list for tag operation for tag (tag2): True
2026-04-16 12:22:36,614 - semo.backend - INFO - Approved - List direct subtags operation (tag2) : True
2026-04-16 12:22:36,616 - semo.validator - INFO - Tag Exists 'tag2': True
2026-04-16 12:22:36,616 - semo.validator - INFO - Approval for list for tag operation for tag (tag2): True
2026-04-16 12:22:36,616 - semo.backend - INFO - Approved - List files for tag direct operation (tag2) : True
2026-04-16 12:22:36,618 - semo.validator - INFO - Tag Exists 'tag2': True
2026-04-16 12:22:36,619 - semo.validator - INFO - Approval for list for tag operation for tag (tag2): True
2026-04-16 12:22:36,619 - semo.backend - INFO - Approved - List files for tag direct operation (tag2) : True
2026-04-16 12:22:36,621 - semo.validator - INFO - Tag Exists 'tag2': True
2026-04-16 12:22:36,621 - semo.validator - INFO - Approval for list for tag operation for tag (tag2): True
2026-04-16 12:22:36,621 - semo.backend - INFO - Approved - List files for tag direct operation (tag2) : True
2026-04-16 12:25:58,806 - semo.validator - INFO - Tag Exists 'tag3': True
2026-04-16 12:25:58,807 - semo.validator - INFO - Approval for list for tag operation for tag (tag3): True
2026-04-16 12:25:58,807 - semo.backend - INFO - Approved - List direct subtags operation (tag3) : True
2026-04-16 12:25:58,811 - semo.validator - INFO - Tag Exists 'tag3': True
2026-04-16 12:25:58,811 - semo.validator - INFO - Approval for list for tag operation for tag (tag3): True
2026-04-16 12:25:58,811 - semo.backend - INFO - Approved - List files for tag direct operation (tag3) : True
2026-04-16 12:25:58,816 - semo.validator - INFO - Tag Exists 'tag3': True
2026-04-16 12:25:58,816 - semo.validator - INFO - Approval for list for tag operation for tag (tag3): True
2026-04-16 12:25:58,816 - semo.backend - INFO - Approved - List files for tag direct operation (tag3) : True
2026-04-16 12:25:59,951 - semo.validator - INFO - Tag Exists 'tag2': True
2026-04-16 12:25:59,952 - semo.validator - INFO - Approval for list for tag operation for tag (tag2): True
2026-04-16 12:25:59,952 - semo.backend - INFO - Approved - List files for tag direct operation (tag2) : True
2026-04-16 12:25:59,956 - semo.validator - INFO - Tag Exists 'tag2': True
2026-04-16 12:25:59,957 - semo.validator - INFO - Approval for list for tag operation for tag (tag2): True
2026-04-16 12:25:59,957 - semo.backend - INFO - Approved - List files for tag direct operation (tag2) : True
2026-04-16 12:25:59,960 - semo.validator - INFO - Tag Exists 'tag2': True
2026-04-16 12:25:59,960 - semo.validator - INFO - Approval for list for tag operation for tag (tag2): True
2026-04-16 12:25:59,960 - semo.backend - INFO - Approved - List direct subtags operation (tag2) : True
2026-04-16 12:25:59,962 - semo.validator - INFO - Tag Exists 'tag2': True
2026-04-16 12:25:59,962 - semo.validator - INFO - Approval for list for tag operation for tag (tag2): True
2026-04-16 12:25:59,962 - semo.backend - INFO - Approved - List files for tag direct operation (tag2) : True
2026-04-16 12:25:59,966 - semo.validator - INFO - Tag Exists 'tag2': True
2026-04-16 12:25:59,966 - semo.validator - INFO - Approval for list for tag operation for tag (tag2): True
2026-04-16 12:25:59,966 - semo.backend - INFO - Approved - List files for tag direct operation (tag2) : True
2026-04-16 12:25:59,969 - semo.validator - INFO - Tag Exists 'tag2': True
2026-04-16 12:25:59,969 - semo.validator - INFO - Approval for list for tag operation for tag (tag2): True
2026-04-16 12:25:59,969 - semo.backend - INFO - Approved - List files for tag direct operation (tag2) : True
2026-04-16 12:25:59,975 - semo.validator - INFO - Tag Exists 'tag1': True
2026-04-16 12:25:59,975 - semo.validator - INFO - Approval for list for tag operation for tag (tag1): True
2026-04-16 12:25:59,975 - semo.backend - INFO - Approved - List files for tag direct operation (tag1) : True
2026-04-16 12:25:59,977 - semo.validator - INFO - Tag Exists 'tag1': True
2026-04-16 12:25:59,977 - semo.validator - INFO - Approval for list for tag operation for tag (tag1): True
2026-04-16 12:25:59,977 - semo.backend - INFO - Approved - List files for tag direct operation (tag1) : True
2026-04-16 12:25:59,979 - semo.validator - INFO - Tag Exists 'tag1': True
2026-04-16 12:25:59,979 - semo.validator - INFO - Approval for list for tag operation for tag (tag1): True
2026-04-16 12:25:59,979 - semo.backend - INFO - Approved - List direct subtags operation (tag1) : True
2026-04-16 12:25:59,983 - semo.validator - INFO - Tag Exists 'tag1': True
2026-04-16 12:25:59,983 - semo.validator - INFO - Approval for list for tag operation for tag (tag1): True
2026-04-16 12:25:59,983 - semo.backend - INFO - Approved - List files for tag direct operation (tag1) : True
2026-04-16 12:25:59,985 - semo.validator - INFO - Tag Exists 'tag1': True
2026-04-16 12:25:59,986 - semo.validator - INFO - Approval for list for tag operation for tag (tag1): True
2026-04-16 12:25:59,986 - semo.backend - INFO - Approved - List files for tag direct operation (tag1) : True
2026-04-16 12:25:59,987 - semo.validator - INFO - Tag Exists 'tag3': True
2026-04-16 12:25:59,988 - semo.validator - INFO - Approval for list for tag operation for tag (tag3): True
2026-04-16 12:25:59,988 - semo.backend - INFO - Approved - List files for tag direct operation (tag3) : True
2026-04-16 12:25:59,990 - semo.validator - INFO - Tag Exists 'tag3': True
2026-04-16 12:25:59,990 - semo.validator - INFO - Approval for list for tag operation for tag (tag3): True
2026-04-16 12:25:59,991 - semo.backend - INFO - Approved - List files for tag direct operation (tag3) : True
2026-04-16 12:25:59,992 - semo.validator - INFO - Tag Exists 'tag3': True
2026-04-16 12:25:59,992 - semo.validator - INFO - Approval for list for tag operation for tag (tag3): True
2026-04-16 12:25:59,992 - semo.backend - INFO - Approved - List direct subtags operation (tag3) : True
2026-04-16 12:25:59,993 - semo.validator - INFO - Tag Exists 'tag3': True
2026-04-16 12:25:59,993 - semo.validator - INFO - Approval for list for tag operation for tag (tag3): True
2026-04-16 12:25:59,993 - semo.backend - INFO - Approved - List files for tag direct operation (tag3) : True
2026-04-16 12:25:59,995 - semo.validator - INFO - Tag Exists 'tag3': True
2026-04-16 12:25:59,995 - semo.validator - INFO - Approval for list for tag operation for tag (tag3): True
2026-04-16 12:25:59,995 - semo.backend - INFO - Approved - List files for tag direct operation (tag3) : True
2026-04-16 12:25:59,997 - semo.validator - INFO - Tag Exists 'tag3': True
2026-04-16 12:25:59,997 - semo.validator - INFO - Approval for list for tag operation for tag (tag3): True
2026-04-16 12:25:59,997 - semo.backend - INFO - Approved - List files for tag direct operation (tag3) : True
2026-04-16 12:25:59,999 - semo.validator - INFO - Tag Exists 'tag1': True
2026-04-16 12:25:59,999 - semo.validator - INFO - Approval for list for tag operation for tag (tag1): True
2026-04-16 12:25:59,999 - semo.backend - INFO - Approved - List files for tag direct operation (tag1) : True
2026-04-16 12:26:04,099 - semo.validator - INFO - Tag Exists 'tag1': True
2026-04-16 12:26:04,099 - semo.validator - INFO - Approval for list for tag operation for tag (tag1): True
2026-04-16 12:26:04,099 - semo.backend - INFO - Approved - List direct subtags operation (tag1) : True
2026-04-16 12:26:04,101 - semo.validator - INFO - Tag Exists 'tag1': True
2026-04-16 12:26:04,107 - semo.validator - INFO - Approval for list for tag operation for tag (tag1): True
2026-04-16 12:26:04,107 - semo.backend - INFO - Approved - List files for tag direct operation (tag1) : True
2026-04-16 12:26:04,117 - semo.validator - INFO - Tag Exists 'tag1': True
2026-04-16 12:26:04,117 - semo.validator - INFO - Approval for list for tag operation for tag (tag1): True
2026-04-16 12:26:04,117 - semo.backend - INFO - Approved - List files for tag direct operation (tag1) : True
2026-04-16 12:26:05,086 - semo.validator - INFO - Tag Exists 'tag2': True
2026-04-16 12:26:05,086 - semo.validator - INFO - Approval for list for tag operation for tag (tag2): True
2026-04-16 12:26:05,086 - semo.backend - INFO - Approved - List files for tag direct operation (tag2) : True
2026-04-16 12:26:05,089 - semo.validator - INFO - Tag Exists 'tag2': True
2026-04-16 12:26:05,089 - semo.validator - INFO - Approval for list for tag operation for tag (tag2): True
2026-04-16 12:26:05,089 - semo.backend - INFO - Approved - List files for tag direct operation (tag2) : True
2026-04-16 12:26:05,091 - semo.validator - INFO - Tag Exists 'tag2': True
2026-04-16 12:26:05,091 - semo.validator - INFO - Approval for list for tag operation for tag (tag2): True
2026-04-16 12:26:05,091 - semo.backend - INFO - Approved - List direct subtags operation (tag2) : True
2026-04-16 12:26:05,093 - semo.validator - INFO - Tag Exists 'tag2': True
2026-04-16 12:26:05,093 - semo.validator - INFO - Approval for list for tag operation for tag (tag2): True
2026-04-16 12:26:05,093 - semo.backend - INFO - Approved - List files for tag direct operation (tag2) : True
2026-04-16 12:26:05,097 - semo.validator - INFO - Tag Exists 'tag2': True
2026-04-16 12:26:05,097 - semo.validator - INFO - Approval for list for tag operation for tag (tag2): True
2026-04-16 12:26:05,097 - semo.backend - INFO - Approved - List files for tag direct operation (tag2) : True
2026-04-16 12:26:05,100 - semo.validator - INFO - Tag Exists 'tag2': True
2026-04-16 12:26:05,100 - semo.validator - INFO - Approval for list for tag operation for tag (tag2): True
2026-04-16 12:26:05,100 - semo.backend - INFO - Approved - List files for tag direct operation (tag2) : True
2026-04-16 12:26:05,105 - semo.validator - INFO - Tag Exists 'tag1': True
2026-04-16 12:26:05,105 - semo.validator - INFO - Approval for list for tag operation for tag (tag1): True
2026-04-16 12:26:05,105 - semo.backend - INFO - Approved - List files for tag direct operation (tag1) : True
2026-04-16 12:26:05,113 - semo.validator - INFO - Tag Exists 'tag1': True
2026-04-16 12:26:05,113 - semo.validator - INFO - Approval for list for tag operation for tag (tag1): True
2026-04-16 12:26:05,114 - semo.backend - INFO - Approved - List files for tag direct operation (tag1) : True
2026-04-16 12:26:05,117 - semo.validator - INFO - Tag Exists 'tag1': True
2026-04-16 12:26:05,117 - semo.validator - INFO - Approval for list for tag operation for tag (tag1): True
2026-04-16 12:26:05,117 - semo.backend - INFO - Approved - List direct subtags operation (tag1) : True
2026-04-16 12:26:05,119 - semo.validator - INFO - Tag Exists 'tag1': True
2026-04-16 12:26:05,119 - semo.validator - INFO - Approval for list for tag operation for tag (tag1): True
2026-04-16 12:26:05,119 - semo.backend - INFO - Approved - List files for tag direct operation (tag1) : True
2026-04-16 12:26:05,124 - semo.validator - INFO - Tag Exists 'tag1': True
2026-04-16 12:26:05,124 - semo.validator - INFO - Approval for list for tag operation for tag (tag1): True
2026-04-16 12:26:05,124 - semo.backend - INFO - Approved - List files for tag direct operation (tag1) : True
2026-04-16 12:26:05,129 - semo.validator - INFO - Tag Exists 'tag3': True
2026-04-16 12:26:05,129 - semo.validator - INFO - Approval for list for tag operation for tag (tag3): True
2026-04-16 12:26:05,129 - semo.backend - INFO - Approved - List files for tag direct operation (tag3) : True
2026-04-16 12:26:05,133 - semo.validator - INFO - Tag Exists 'tag3': True
2026-04-16 12:26:05,133 - semo.validator - INFO - Approval for list for tag operation for tag (tag3): True
2026-04-16 12:26:05,133 - semo.backend - INFO - Approved - List files for tag direct operation (tag3) : True
2026-04-16 12:26:05,135 - semo.validator - INFO - Tag Exists 'tag3': True
2026-04-16 12:26:05,135 - semo.validator - INFO - Approval for list for tag operation for tag (tag3): True
2026-04-16 12:26:05,135 - semo.backend - INFO - Approved - List direct subtags operation (tag3) : True
2026-04-16 12:26:05,137 - semo.validator - INFO - Tag Exists 'tag3': True
2026-04-16 12:26:05,137 - semo.validator - INFO - Approval for list for tag operation for tag (tag3): True
2026-04-16 12:26:05,137 - semo.backend - INFO - Approved - List files for tag direct operation (tag3) : True
2026-04-16 12:26:05,141 - semo.validator - INFO - Tag Exists 'tag3': True
2026-04-16 12:26:05,141 - semo.validator - INFO - Approval for list for tag operation for tag (tag3): True
2026-04-16 12:26:05,141 - semo.backend - INFO - Approved - List files for tag direct operation (tag3) : True
2026-04-16 12:26:05,145 - semo.validator - INFO - Tag Exists 'tag3': True
2026-04-16 12:26:05,145 - semo.validator - INFO - Approval for list for tag operation for tag (tag3): True
2026-04-16 12:26:05,145 - semo.backend - INFO - Approved - List files for tag direct operation (tag3) : True
2026-04-16 12:26:05,149 - semo.validator - INFO - Tag Exists 'tag1': True
2026-04-16 12:26:05,149 - semo.validator - INFO - Approval for list for tag operation for tag (tag1): True
2026-04-16 12:26:05,149 - semo.backend - INFO - Approved - List files for tag direct operation (tag1) : True
2026-04-16 12:34:26,725 - semo.validator - INFO - Tag Exists 'tag1': True
2026-04-16 12:34:26,725 - semo.validator - INFO - Approval for list for tag operation for tag (tag1): True
2026-04-16 12:34:26,726 - semo.backend - INFO - Approved - List direct subtags operation (tag1) : True
2026-04-16 12:34:26,729 - semo.validator - INFO - Tag Exists 'tag1': True
2026-04-16 12:34:26,729 - semo.validator - INFO - Approval for list for tag operation for tag (tag1): True
2026-04-16 12:34:26,729 - semo.backend - INFO - Approved - List files for tag direct operation (tag1) : True
2026-04-16 12:34:26,735 - semo.validator - INFO - Tag Exists 'tag1': True
2026-04-16 12:34:26,735 - semo.validator - INFO - Approval for list for tag operation for tag (tag1): True
2026-04-16 12:34:26,735 - semo.backend - INFO - Approved - List files for tag direct operation (tag1) : True
2026-04-16 12:34:27,861 - semo.validator - INFO - Tag Exists 'tag1': True
2026-04-16 12:34:27,861 - semo.validator - INFO - Approval for list for tag operation for tag (tag1): True
2026-04-16 12:34:27,862 - semo.backend - INFO - Approved - List files for tag direct operation (tag1) : True
2026-04-16 12:34:27,865 - semo.validator - INFO - Tag Exists 'tag1': True
2026-04-16 12:34:27,866 - semo.validator - INFO - Approval for list for tag operation for tag (tag1): True
2026-04-16 12:34:27,866 - semo.backend - INFO - Approved - List files for tag direct operation (tag1) : True
2026-04-16 12:34:27,868 - semo.validator - INFO - Tag Exists 'tag1': True
2026-04-16 12:34:27,868 - semo.validator - INFO - Approval for list for tag operation for tag (tag1): True
2026-04-16 12:34:27,868 - semo.backend - INFO - Approved - List direct subtags operation (tag1) : True
2026-04-16 12:34:27,870 - semo.validator - INFO - Tag Exists 'tag1': True
2026-04-16 12:34:27,870 - semo.validator - INFO - Approval for list for tag operation for tag (tag1): True
2026-04-16 12:34:27,870 - semo.backend - INFO - Approved - List files for tag direct operation (tag1) : True
2026-04-16 12:34:27,874 - semo.validator - INFO - Tag Exists 'tag1': True
2026-04-16 12:34:27,874 - semo.validator - INFO - Approval for list for tag operation for tag (tag1): True
2026-04-16 12:34:27,874 - semo.backend - INFO - Approved - List files for tag direct operation (tag1) : True
2026-04-16 12:34:27,878 - semo.validator - INFO - Tag Exists 'tag3': True
2026-04-16 12:34:27,878 - semo.validator - INFO - Approval for list for tag operation for tag (tag3): True
2026-04-16 12:34:27,878 - semo.backend - INFO - Approved - List files for tag direct operation (tag3) : True
2026-04-16 12:34:27,880 - semo.validator - INFO - Tag Exists 'tag3': True
2026-04-16 12:34:27,880 - semo.validator - INFO - Approval for list for tag operation for tag (tag3): True
2026-04-16 12:34:27,880 - semo.backend - INFO - Approved - List files for tag direct operation (tag3) : True
2026-04-16 12:34:27,883 - semo.validator - INFO - Tag Exists 'tag3': True
2026-04-16 12:34:27,883 - semo.validator - INFO - Approval for list for tag operation for tag (tag3): True
2026-04-16 12:34:27,883 - semo.backend - INFO - Approved - List direct subtags operation (tag3) : True
2026-04-16 12:34:27,886 - semo.validator - INFO - Tag Exists 'tag3': True
2026-04-16 12:34:27,886 - semo.validator - INFO - Approval for list for tag operation for tag (tag3): True
2026-04-16 12:34:27,886 - semo.backend - INFO - Approved - List files for tag direct operation (tag3) : True
2026-04-16 12:34:27,892 - semo.validator - INFO - Tag Exists 'tag3': True
2026-04-16 12:34:27,893 - semo.validator - INFO - Approval for list for tag operation for tag (tag3): True
2026-04-16 12:34:27,893 - semo.backend - INFO - Approved - List files for tag direct operation (tag3) : True
2026-04-16 12:34:27,895 - semo.validator - INFO - Tag Exists 'tag3': True
2026-04-16 12:34:27,896 - semo.validator - INFO - Approval for list for tag operation for tag (tag3): True
2026-04-16 12:34:27,896 - semo.backend - INFO - Approved - List files for tag direct operation (tag3) : True
2026-04-16 12:34:27,899 - semo.validator - INFO - Tag Exists 'tag1': True
2026-04-16 12:34:27,900 - semo.validator - INFO - Approval for list for tag operation for tag (tag1): True
2026-04-16 12:34:27,900 - semo.backend - INFO - Approved - List files for tag direct operation (tag1) : True
2026-04-16 12:34:27,906 - semo.validator - INFO - Tag Exists 'tag2': True
2026-04-16 12:34:27,907 - semo.validator - INFO - Approval for list for tag operation for tag (tag2): True
2026-04-16 12:34:27,907 - semo.backend - INFO - Approved - List files for tag direct operation (tag2) : True
2026-04-16 12:34:27,910 - semo.validator - INFO - Tag Exists 'tag2': True
2026-04-16 12:34:27,910 - semo.validator - INFO - Approval for list for tag operation for tag (tag2): True
2026-04-16 12:34:27,911 - semo.backend - INFO - Approved - List files for tag direct operation (tag2) : True
2026-04-16 12:34:27,912 - semo.validator - INFO - Tag Exists 'tag2': True
2026-04-16 12:34:27,913 - semo.validator - INFO - Approval for list for tag operation for tag (tag2): True
2026-04-16 12:34:27,913 - semo.backend - INFO - Approved - List direct subtags operation (tag2) : True
2026-04-16 12:34:27,914 - semo.validator - INFO - Tag Exists 'tag2': True
2026-04-16 12:34:27,914 - semo.validator - INFO - Approval for list for tag operation for tag (tag2): True
2026-04-16 12:34:27,915 - semo.backend - INFO - Approved - List files for tag direct operation (tag2) : True
2026-04-16 12:34:27,919 - semo.validator - INFO - Tag Exists 'tag2': True
2026-04-16 12:34:27,919 - semo.validator - INFO - Approval for list for tag operation for tag (tag2): True
2026-04-16 12:34:27,920 - semo.backend - INFO - Approved - List files for tag direct operation (tag2) : True
2026-04-16 12:34:27,924 - semo.validator - INFO - Tag Exists 'tag2': True
2026-04-16 12:34:27,924 - semo.validator - INFO - Approval for list for tag operation for tag (tag2): True
2026-04-16 12:34:27,924 - semo.backend - INFO - Approved - List files for tag direct operation (tag2) : True
2026-04-16 12:35:17,858 - semo.validator - INFO - Tag Exists 'tag1': True
2026-04-16 12:35:17,859 - semo.validator - INFO - Approval for list for tag operation for tag (tag1): True
2026-04-16 12:35:17,859 - semo.backend - INFO - Approved - List direct subtags operation (tag1) : True
2026-04-16 12:35:17,862 - semo.validator - INFO - Tag Exists 'tag1': True
2026-04-16 12:35:17,862 - semo.validator - INFO - Approval for list for tag operation for tag (tag1): True
2026-04-16 12:35:17,862 - semo.backend - INFO - Approved - List files for tag direct operation (tag1) : True
2026-04-16 12:35:17,867 - semo.validator - INFO - Tag Exists 'tag1': True
2026-04-16 12:35:17,867 - semo.validator - INFO - Approval for list for tag operation for tag (tag1): True
2026-04-16 12:35:17,867 - semo.backend - INFO - Approved - List files for tag direct operation (tag1) : True
2026-04-16 12:35:18,995 - semo.validator - INFO - Tag Exists 'tag1': True
2026-04-16 12:35:18,995 - semo.validator - INFO - Approval for list for tag operation for tag (tag1): True
2026-04-16 12:35:18,995 - semo.backend - INFO - Approved - List files for tag direct operation (tag1) : True
2026-04-16 12:35:18,998 - semo.validator - INFO - Tag Exists 'tag1': True
2026-04-16 12:35:18,998 - semo.validator - INFO - Approval for list for tag operation for tag (tag1): True
2026-04-16 12:35:18,999 - semo.backend - INFO - Approved - List files for tag direct operation (tag1) : True
2026-04-16 12:35:19,001 - semo.validator - INFO - Tag Exists 'tag1': True
2026-04-16 12:35:19,001 - semo.validator - INFO - Approval for list for tag operation for tag (tag1): True
2026-04-16 12:35:19,001 - semo.backend - INFO - Approved - List direct subtags operation (tag1) : True
2026-04-16 12:35:19,004 - semo.validator - INFO - Tag Exists 'tag1': True
2026-04-16 12:35:19,004 - semo.validator - INFO - Approval for list for tag operation for tag (tag1): True
2026-04-16 12:35:19,004 - semo.backend - INFO - Approved - List files for tag direct operation (tag1) : True
2026-04-16 12:35:19,009 - semo.validator - INFO - Tag Exists 'tag1': True
2026-04-16 12:35:19,010 - semo.validator - INFO - Approval for list for tag operation for tag (tag1): True
2026-04-16 12:35:19,010 - semo.backend - INFO - Approved - List files for tag direct operation (tag1) : True
2026-04-16 12:35:19,014 - semo.validator - INFO - Tag Exists 'tag3': True
2026-04-16 12:35:19,014 - semo.validator - INFO - Approval for list for tag operation for tag (tag3): True
2026-04-16 12:35:19,014 - semo.backend - INFO - Approved - List files for tag direct operation (tag3) : True
2026-04-16 12:35:19,018 - semo.validator - INFO - Tag Exists 'tag3': True
2026-04-16 12:35:19,018 - semo.validator - INFO - Approval for list for tag operation for tag (tag3): True
2026-04-16 12:35:19,018 - semo.backend - INFO - Approved - List files for tag direct operation (tag3) : True
2026-04-16 12:35:19,021 - semo.validator - INFO - Tag Exists 'tag3': True
2026-04-16 12:35:19,021 - semo.validator - INFO - Approval for list for tag operation for tag (tag3): True
2026-04-16 12:35:19,021 - semo.backend - INFO - Approved - List direct subtags operation (tag3) : True
2026-04-16 12:35:19,024 - semo.validator - INFO - Tag Exists 'tag3': True
2026-04-16 12:35:19,024 - semo.validator - INFO - Approval for list for tag operation for tag (tag3): True
2026-04-16 12:35:19,024 - semo.backend - INFO - Approved - List files for tag direct operation (tag3) : True
2026-04-16 12:35:19,031 - semo.validator - INFO - Tag Exists 'tag3': True
2026-04-16 12:35:19,031 - semo.validator - INFO - Approval for list for tag operation for tag (tag3): True
2026-04-16 12:35:19,032 - semo.backend - INFO - Approved - List files for tag direct operation (tag3) : True
2026-04-16 12:35:19,035 - semo.validator - INFO - Tag Exists 'tag3': True
2026-04-16 12:35:19,035 - semo.validator - INFO - Approval for list for tag operation for tag (tag3): True
2026-04-16 12:35:19,035 - semo.backend - INFO - Approved - List files for tag direct operation (tag3) : True
2026-04-16 12:35:19,038 - semo.validator - INFO - Tag Exists 'tag1': True
2026-04-16 12:35:19,038 - semo.validator - INFO - Approval for list for tag operation for tag (tag1): True
2026-04-16 12:35:19,038 - semo.backend - INFO - Approved - List files for tag direct operation (tag1) : True
2026-04-16 12:35:19,043 - semo.validator - INFO - Tag Exists 'tag2': True
2026-04-16 12:35:19,043 - semo.validator - INFO - Approval for list for tag operation for tag (tag2): True
2026-04-16 12:35:19,043 - semo.backend - INFO - Approved - List files for tag direct operation (tag2) : True
2026-04-16 12:35:19,047 - semo.validator - INFO - Tag Exists 'tag2': True
2026-04-16 12:35:19,047 - semo.validator - INFO - Approval for list for tag operation for tag (tag2): True
2026-04-16 12:35:19,047 - semo.backend - INFO - Approved - List files for tag direct operation (tag2) : True
2026-04-16 12:35:19,049 - semo.validator - INFO - Tag Exists 'tag2': True
2026-04-16 12:35:19,049 - semo.validator - INFO - Approval for list for tag operation for tag (tag2): True
2026-04-16 12:35:19,049 - semo.backend - INFO - Approved - List direct subtags operation (tag2) : True
2026-04-16 12:35:19,052 - semo.validator - INFO - Tag Exists 'tag2': True
2026-04-16 12:35:19,052 - semo.validator - INFO - Approval for list for tag operation for tag (tag2): True
2026-04-16 12:35:19,052 - semo.backend - INFO - Approved - List files for tag direct operation (tag2) : True
2026-04-16 12:35:19,055 - semo.validator - INFO - Tag Exists 'tag2': True
2026-04-16 12:35:19,055 - semo.validator - INFO - Approval for list for tag operation for tag (tag2): True
2026-04-16 12:35:19,055 - semo.backend - INFO - Approved - List files for tag direct operation (tag2) : True
2026-04-16 12:35:19,058 - semo.validator - INFO - Tag Exists 'tag2': True
2026-04-16 12:35:19,058 - semo.validator - INFO - Approval for list for tag operation for tag (tag2): True
2026-04-16 12:35:19,058 - semo.backend - INFO - Approved - List files for tag direct operation (tag2) : True
2026-04-16 12:35:24,151 - semo.validator - INFO - Tag Exists 'tag1': True
2026-04-16 12:35:24,151 - semo.validator - INFO - Approval for list for tag operation for tag (tag1): True
2026-04-16 12:35:24,151 - semo.backend - INFO - Approved - List files for tag direct operation (tag1) : True
2026-04-16 12:35:24,154 - semo.validator - INFO - Tag Exists 'tag1': True
2026-04-16 12:35:24,154 - semo.validator - INFO - Approval for list for tag operation for tag (tag1): True
2026-04-16 12:35:24,154 - semo.backend - INFO - Approved - List files for tag direct operation (tag1) : True
2026-04-16 12:35:24,156 - semo.validator - INFO - Tag Exists 'tag1': True
2026-04-16 12:35:24,157 - semo.validator - INFO - Approval for list for tag operation for tag (tag1): True
2026-04-16 12:35:24,157 - semo.backend - INFO - Approved - List direct subtags operation (tag1) : True
2026-04-16 12:35:24,158 - semo.validator - INFO - Tag Exists 'tag1': True
2026-04-16 12:35:24,158 - semo.validator - INFO - Approval for list for tag operation for tag (tag1): True
2026-04-16 12:35:24,159 - semo.backend - INFO - Approved - List files for tag direct operation (tag1) : True
2026-04-16 12:35:24,164 - semo.validator - INFO - Tag Exists 'tag1': True
2026-04-16 12:35:24,164 - semo.validator - INFO - Approval for list for tag operation for tag (tag1): True
2026-04-16 12:35:24,164 - semo.backend - INFO - Approved - List files for tag direct operation (tag1) : True
2026-04-16 12:35:24,167 - semo.validator - INFO - Tag Exists 'tag3': True
2026-04-16 12:35:24,167 - semo.validator - INFO - Approval for list for tag operation for tag (tag3): True
2026-04-16 12:35:24,167 - semo.backend - INFO - Approved - List files for tag direct operation (tag3) : True
2026-04-16 12:35:24,170 - semo.validator - INFO - Tag Exists 'tag3': True
2026-04-16 12:35:24,170 - semo.validator - INFO - Approval for list for tag operation for tag (tag3): True
2026-04-16 12:35:24,170 - semo.backend - INFO - Approved - List files for tag direct operation (tag3) : True
2026-04-16 12:35:24,173 - semo.validator - INFO - Tag Exists 'tag3': True
2026-04-16 12:35:24,173 - semo.validator - INFO - Approval for list for tag operation for tag (tag3): True
2026-04-16 12:35:24,173 - semo.backend - INFO - Approved - List direct subtags operation (tag3) : True
2026-04-16 12:35:24,175 - semo.validator - INFO - Tag Exists 'tag3': True
2026-04-16 12:35:24,175 - semo.validator - INFO - Approval for list for tag operation for tag (tag3): True
2026-04-16 12:35:24,175 - semo.backend - INFO - Approved - List files for tag direct operation (tag3) : True
2026-04-16 12:35:24,178 - semo.validator - INFO - Tag Exists 'tag3': True
2026-04-16 12:35:24,178 - semo.validator - INFO - Approval for list for tag operation for tag (tag3): True
2026-04-16 12:35:24,178 - semo.backend - INFO - Approved - List files for tag direct operation (tag3) : True
2026-04-16 12:35:24,181 - semo.validator - INFO - Tag Exists 'tag3': True
2026-04-16 12:35:24,181 - semo.validator - INFO - Approval for list for tag operation for tag (tag3): True
2026-04-16 12:35:24,181 - semo.backend - INFO - Approved - List files for tag direct operation (tag3) : True
2026-04-16 12:35:24,187 - semo.validator - INFO - Tag Exists 'tag1': True
2026-04-16 12:35:24,187 - semo.validator - INFO - Approval for list for tag operation for tag (tag1): True
2026-04-16 12:35:24,187 - semo.backend - INFO - Approved - List files for tag direct operation (tag1) : True
2026-04-16 12:35:24,192 - semo.validator - INFO - Tag Exists 'tag2': True
2026-04-16 12:35:24,192 - semo.validator - INFO - Approval for list for tag operation for tag (tag2): True
2026-04-16 12:35:24,192 - semo.backend - INFO - Approved - List files for tag direct operation (tag2) : True
2026-04-16 12:35:24,196 - semo.validator - INFO - Tag Exists 'tag2': True
2026-04-16 12:35:24,196 - semo.validator - INFO - Approval for list for tag operation for tag (tag2): True
2026-04-16 12:35:24,196 - semo.backend - INFO - Approved - List files for tag direct operation (tag2) : True
2026-04-16 12:35:24,197 - semo.validator - INFO - Tag Exists 'tag2': True
2026-04-16 12:35:24,198 - semo.validator - INFO - Approval for list for tag operation for tag (tag2): True
2026-04-16 12:35:24,198 - semo.backend - INFO - Approved - List direct subtags operation (tag2) : True
2026-04-16 12:35:24,199 - semo.validator - INFO - Tag Exists 'tag2': True
2026-04-16 12:35:24,199 - semo.validator - INFO - Approval for list for tag operation for tag (tag2): True
2026-04-16 12:35:24,199 - semo.backend - INFO - Approved - List files for tag direct operation (tag2) : True
2026-04-16 12:35:24,201 - semo.validator - INFO - Tag Exists 'tag2': True
2026-04-16 12:35:24,201 - semo.validator - INFO - Approval for list for tag operation for tag (tag2): True
2026-04-16 12:35:24,201 - semo.backend - INFO - Approved - List files for tag direct operation (tag2) : True
2026-04-16 12:35:24,204 - semo.validator - INFO - Tag Exists 'tag2': True
2026-04-16 12:35:24,204 - semo.validator - INFO - Approval for list for tag operation for tag (tag2): True
2026-04-16 12:35:24,204 - semo.backend - INFO - Approved - List files for tag direct operation (tag2) : True
2026-04-16 12:49:20,184 - semo.validator - INFO - Tag Exists 'tag1': True
2026-04-16 12:49:20,184 - semo.validator - INFO - Approval for list for tag operation for tag (tag1): True
2026-04-16 12:49:20,184 - semo.backend - INFO - Approved - List files for tag direct operation (tag1) : True
2026-04-16 12:49:20,189 - semo.validator - INFO - Tag Exists 'tag1': True
2026-04-16 12:49:20,189 - semo.validator - INFO - Approval for list for tag operation for tag (tag1): True
2026-04-16 12:49:20,189 - semo.backend - INFO - Approved - List files for tag direct operation (tag1) : True
2026-04-16 12:49:20,195 - semo.validator - INFO - Tag Exists 'tag1': True
2026-04-16 12:49:20,195 - semo.validator - INFO - Approval for list for tag operation for tag (tag1): True
2026-04-16 12:49:20,195 - semo.backend - INFO - Approved - List direct subtags operation (tag1) : True
2026-04-16 12:49:20,198 - semo.validator - INFO - Tag Exists 'tag1': True
2026-04-16 12:49:20,198 - semo.validator - INFO - Approval for list for tag operation for tag (tag1): True
2026-04-16 12:49:20,198 - semo.backend - INFO - Approved - List files for tag direct operation (tag1) : True
2026-04-16 12:49:20,203 - semo.validator - INFO - Tag Exists 'tag1': True
2026-04-16 12:49:20,203 - semo.validator - INFO - Approval for list for tag operation for tag (tag1): True
2026-04-16 12:49:20,203 - semo.backend - INFO - Approved - List files for tag direct operation (tag1) : True
2026-04-16 12:49:20,207 - semo.validator - INFO - Tag Exists 'tag3': True
2026-04-16 12:49:20,207 - semo.validator - INFO - Approval for list for tag operation for tag (tag3): True
2026-04-16 12:49:20,207 - semo.backend - INFO - Approved - List files for tag direct operation (tag3) : True
2026-04-16 12:49:20,210 - semo.validator - INFO - Tag Exists 'tag3': True
2026-04-16 12:49:20,211 - semo.validator - INFO - Approval for list for tag operation for tag (tag3): True
2026-04-16 12:49:20,211 - semo.backend - INFO - Approved - List files for tag direct operation (tag3) : True
2026-04-16 12:49:20,213 - semo.validator - INFO - Tag Exists 'tag3': True
2026-04-16 12:49:20,213 - semo.validator - INFO - Approval for list for tag operation for tag (tag3): True
2026-04-16 12:49:20,214 - semo.backend - INFO - Approved - List direct subtags operation (tag3) : True
2026-04-16 12:49:20,216 - semo.validator - INFO - Tag Exists 'tag3': True
2026-04-16 12:49:20,216 - semo.validator - INFO - Approval for list for tag operation for tag (tag3): True
2026-04-16 12:49:20,216 - semo.backend - INFO - Approved - List files for tag direct operation (tag3) : True
2026-04-16 12:49:20,219 - semo.validator - INFO - Tag Exists 'tag3': True
2026-04-16 12:49:20,219 - semo.validator - INFO - Approval for list for tag operation for tag (tag3): True
2026-04-16 12:49:20,219 - semo.backend - INFO - Approved - List files for tag direct operation (tag3) : True
2026-04-16 12:49:20,220 - semo.validator - INFO - Tag Exists 'tag3': True
2026-04-16 12:49:20,220 - semo.validator - INFO - Approval for list for tag operation for tag (tag3): True
2026-04-16 12:49:20,220 - semo.backend - INFO - Approved - List files for tag direct operation (tag3) : True
2026-04-16 12:49:20,222 - semo.validator - INFO - Tag Exists 'tag1': True
2026-04-16 12:49:20,222 - semo.validator - INFO - Approval for list for tag operation for tag (tag1): True
2026-04-16 12:49:20,222 - semo.backend - INFO - Approved - List files for tag direct operation (tag1) : True
2026-04-16 12:49:20,224 - semo.validator - INFO - Tag Exists 'tag2': True
2026-04-16 12:49:20,224 - semo.validator - INFO - Approval for list for tag operation for tag (tag2): True
2026-04-16 12:49:20,224 - semo.backend - INFO - Approved - List files for tag direct operation (tag2) : True
2026-04-16 12:49:20,227 - semo.validator - INFO - Tag Exists 'tag2': True
2026-04-16 12:49:20,227 - semo.validator - INFO - Approval for list for tag operation for tag (tag2): True
2026-04-16 12:49:20,227 - semo.backend - INFO - Approved - List files for tag direct operation (tag2) : True
2026-04-16 12:49:20,228 - semo.validator - INFO - Tag Exists 'tag2': True
2026-04-16 12:49:20,228 - semo.validator - INFO - Approval for list for tag operation for tag (tag2): True
2026-04-16 12:49:20,228 - semo.backend - INFO - Approved - List direct subtags operation (tag2) : True
2026-04-16 12:49:20,229 - semo.validator - INFO - Tag Exists 'tag2': True
2026-04-16 12:49:20,229 - semo.validator - INFO - Approval for list for tag operation for tag (tag2): True
2026-04-16 12:49:20,229 - semo.backend - INFO - Approved - List files for tag direct operation (tag2) : True
2026-04-16 12:49:20,230 - semo.validator - INFO - Tag Exists 'tag2': True
2026-04-16 12:49:20,230 - semo.validator - INFO - Approval for list for tag operation for tag (tag2): True
2026-04-16 12:49:20,230 - semo.backend - INFO - Approved - List files for tag direct operation (tag2) : True
2026-04-16 12:49:20,232 - semo.validator - INFO - Tag Exists 'tag2': True
2026-04-16 12:49:20,232 - semo.validator - INFO - Approval for list for tag operation for tag (tag2): True
2026-04-16 12:49:20,232 - semo.backend - INFO - Approved - List files for tag direct operation (tag2) : True
2026-04-16 12:49:23,020 - semo.validator - INFO - Tag Exists 'tag1': True
2026-04-16 12:49:23,020 - semo.validator - INFO - Approval for list for tag operation for tag (tag1): True
2026-04-16 12:49:23,020 - semo.backend - INFO - Approved - List direct subtags operation (tag1) : True
2026-04-16 12:49:23,022 - semo.validator - INFO - Tag Exists 'tag1': True
2026-04-16 12:49:23,022 - semo.validator - INFO - Approval for list for tag operation for tag (tag1): True
2026-04-16 12:49:23,022 - semo.backend - INFO - Approved - List files for tag direct operation (tag1) : True
2026-04-16 12:49:23,028 - semo.validator - INFO - Tag Exists 'tag1': True
2026-04-16 12:49:23,028 - semo.validator - INFO - Approval for list for tag operation for tag (tag1): True
2026-04-16 12:49:23,028 - semo.backend - INFO - Approved - List files for tag direct operation (tag1) : True
2026-04-16 12:49:23,031 - semo.validator - INFO - Tag Exists 'tag1': True
2026-04-16 12:49:23,031 - semo.validator - INFO - Approval for list for tag operation for tag (tag1): True
2026-04-16 12:49:23,031 - semo.backend - INFO - Approved - List files for tag direct operation (tag1) : True
2026-04-16 12:49:23,033 - semo.validator - INFO - Tag Exists 'tag1': True
2026-04-16 12:49:23,033 - semo.validator - INFO - Approval for list for tag operation for tag (tag1): True
2026-04-16 12:49:23,033 - semo.backend - INFO - Approved - List files for tag direct operation (tag1) : True
2026-04-16 12:49:25,310 - semo.validator - INFO - Tag Exists 'tag1': True
2026-04-16 12:49:25,310 - semo.validator - INFO - Approval for list for tag operation for tag (tag1): True
2026-04-16 12:49:25,310 - semo.backend - INFO - Approved - List files for tag direct operation (tag1) : True
2026-04-16 12:49:25,313 - semo.validator - INFO - Tag Exists 'tag1': True
2026-04-16 12:49:25,313 - semo.validator - INFO - Approval for list for tag operation for tag (tag1): True
2026-04-16 12:49:25,313 - semo.backend - INFO - Approved - List files for tag direct operation (tag1) : True
2026-04-16 12:49:25,315 - semo.validator - INFO - Tag Exists 'tag1': True
2026-04-16 12:49:25,315 - semo.validator - INFO - Approval for list for tag operation for tag (tag1): True
2026-04-16 12:49:25,315 - semo.backend - INFO - Approved - List direct subtags operation (tag1) : True
2026-04-16 12:49:25,317 - semo.validator - INFO - Tag Exists 'tag1': True
2026-04-16 12:49:25,317 - semo.validator - INFO - Approval for list for tag operation for tag (tag1): True
2026-04-16 12:49:25,317 - semo.backend - INFO - Approved - List files for tag direct operation (tag1) : True
2026-04-16 12:49:25,322 - semo.validator - INFO - Tag Exists 'tag1': True
2026-04-16 12:49:25,322 - semo.validator - INFO - Approval for list for tag operation for tag (tag1): True
2026-04-16 12:49:25,322 - semo.backend - INFO - Approved - List files for tag direct operation (tag1) : True
2026-04-16 12:49:25,326 - semo.validator - INFO - Tag Exists 'tag3': True
2026-04-16 12:49:25,326 - semo.validator - INFO - Approval for list for tag operation for tag (tag3): True
2026-04-16 12:49:25,326 - semo.backend - INFO - Approved - List files for tag direct operation (tag3) : True
2026-04-16 12:49:25,329 - semo.validator - INFO - Tag Exists 'tag3': True
2026-04-16 12:49:25,329 - semo.validator - INFO - Approval for list for tag operation for tag (tag3): True
2026-04-16 12:49:25,329 - semo.backend - INFO - Approved - List files for tag direct operation (tag3) : True
2026-04-16 12:49:25,331 - semo.validator - INFO - Tag Exists 'tag3': True
2026-04-16 12:49:25,331 - semo.validator - INFO - Approval for list for tag operation for tag (tag3): True
2026-04-16 12:49:25,331 - semo.backend - INFO - Approved - List direct subtags operation (tag3) : True
2026-04-16 12:49:25,333 - semo.validator - INFO - Tag Exists 'tag3': True
2026-04-16 12:49:25,333 - semo.validator - INFO - Approval for list for tag operation for tag (tag3): True
2026-04-16 12:49:25,333 - semo.backend - INFO - Approved - List files for tag direct operation (tag3) : True
2026-04-16 12:49:25,337 - semo.validator - INFO - Tag Exists 'tag3': True
2026-04-16 12:49:25,337 - semo.validator - INFO - Approval for list for tag operation for tag (tag3): True
2026-04-16 12:49:25,337 - semo.backend - INFO - Approved - List files for tag direct operation (tag3) : True
2026-04-16 12:49:25,342 - semo.validator - INFO - Tag Exists 'tag3': True
2026-04-16 12:49:25,342 - semo.validator - INFO - Approval for list for tag operation for tag (tag3): True
2026-04-16 12:49:25,342 - semo.backend - INFO - Approved - List files for tag direct operation (tag3) : True
2026-04-16 12:49:25,345 - semo.validator - INFO - Tag Exists 'tag1': True
2026-04-16 12:49:25,346 - semo.validator - INFO - Approval for list for tag operation for tag (tag1): True
2026-04-16 12:49:25,346 - semo.backend - INFO - Approved - List files for tag direct operation (tag1) : True
2026-04-16 12:49:25,350 - semo.validator - INFO - Tag Exists 'tag2': True
2026-04-16 12:49:25,351 - semo.validator - INFO - Approval for list for tag operation for tag (tag2): True
2026-04-16 12:49:25,351 - semo.backend - INFO - Approved - List files for tag direct operation (tag2) : True
2026-04-16 12:49:25,355 - semo.validator - INFO - Tag Exists 'tag2': True
2026-04-16 12:49:25,355 - semo.validator - INFO - Approval for list for tag operation for tag (tag2): True
2026-04-16 12:49:25,355 - semo.backend - INFO - Approved - List files for tag direct operation (tag2) : True
2026-04-16 12:49:25,357 - semo.validator - INFO - Tag Exists 'tag2': True
2026-04-16 12:49:25,357 - semo.validator - INFO - Approval for list for tag operation for tag (tag2): True
2026-04-16 12:49:25,357 - semo.backend - INFO - Approved - List direct subtags operation (tag2) : True
2026-04-16 12:49:25,359 - semo.validator - INFO - Tag Exists 'tag2': True
2026-04-16 12:49:25,359 - semo.validator - INFO - Approval for list for tag operation for tag (tag2): True
2026-04-16 12:49:25,359 - semo.backend - INFO - Approved - List files for tag direct operation (tag2) : True
2026-04-16 12:49:25,361 - semo.validator - INFO - Tag Exists 'tag2': True
2026-04-16 12:49:25,362 - semo.validator - INFO - Approval for list for tag operation for tag (tag2): True
2026-04-16 12:49:25,362 - semo.backend - INFO - Approved - List files for tag direct operation (tag2) : True
2026-04-16 12:49:25,365 - semo.validator - INFO - Tag Exists 'tag2': True
2026-04-16 12:49:25,365 - semo.validator - INFO - Approval for list for tag operation for tag (tag2): True
2026-04-16 12:49:25,365 - semo.backend - INFO - Approved - List files for tag direct operation (tag2) : True
2026-04-16 12:49:30,456 - semo.validator - INFO - Tag Exists 'tag1': True
2026-04-16 12:49:30,456 - semo.validator - INFO - Approval for list for tag operation for tag (tag1): True
2026-04-16 12:49:30,456 - semo.backend - INFO - Approved - List files for tag direct operation (tag1) : True
2026-04-16 12:49:30,463 - semo.validator - INFO - Tag Exists 'tag1': True
2026-04-16 12:49:30,463 - semo.validator - INFO - Approval for list for tag operation for tag (tag1): True
2026-04-16 12:49:30,463 - semo.backend - INFO - Approved - List files for tag direct operation (tag1) : True
2026-04-16 12:49:30,466 - semo.validator - INFO - Tag Exists 'tag1': True
2026-04-16 12:49:30,466 - semo.validator - INFO - Approval for list for tag operation for tag (tag1): True
2026-04-16 12:49:30,466 - semo.backend - INFO - Approved - List direct subtags operation (tag1) : True
2026-04-16 12:49:30,467 - semo.validator - INFO - Tag Exists 'tag1': True
2026-04-16 12:49:30,468 - semo.validator - INFO - Approval for list for tag operation for tag (tag1): True
2026-04-16 12:49:30,468 - semo.backend - INFO - Approved - List files for tag direct operation (tag1) : True
2026-04-16 12:49:30,472 - semo.validator - INFO - Tag Exists 'tag1': True
2026-04-16 12:49:30,472 - semo.validator - INFO - Approval for list for tag operation for tag (tag1): True
2026-04-16 12:49:30,472 - semo.backend - INFO - Approved - List files for tag direct operation (tag1) : True
2026-04-16 12:49:30,475 - semo.validator - INFO - Tag Exists 'tag3': True
2026-04-16 12:49:30,475 - semo.validator - INFO - Approval for list for tag operation for tag (tag3): True
2026-04-16 12:49:30,475 - semo.backend - INFO - Approved - List files for tag direct operation (tag3) : True
2026-04-16 12:49:30,478 - semo.validator - INFO - Tag Exists 'tag3': True
2026-04-16 12:49:30,478 - semo.validator - INFO - Approval for list for tag operation for tag (tag3): True
2026-04-16 12:49:30,478 - semo.backend - INFO - Approved - List files for tag direct operation (tag3) : True
2026-04-16 12:49:30,480 - semo.validator - INFO - Tag Exists 'tag3': True
2026-04-16 12:49:30,481 - semo.validator - INFO - Approval for list for tag operation for tag (tag3): True
2026-04-16 12:49:30,481 - semo.backend - INFO - Approved - List direct subtags operation (tag3) : True
2026-04-16 12:49:30,483 - semo.validator - INFO - Tag Exists 'tag3': True
2026-04-16 12:49:30,483 - semo.validator - INFO - Approval for list for tag operation for tag (tag3): True
2026-04-16 12:49:30,484 - semo.backend - INFO - Approved - List files for tag direct operation (tag3) : True
2026-04-16 12:49:30,487 - semo.validator - INFO - Tag Exists 'tag3': True
2026-04-16 12:49:30,487 - semo.validator - INFO - Approval for list for tag operation for tag (tag3): True
2026-04-16 12:49:30,487 - semo.backend - INFO - Approved - List files for tag direct operation (tag3) : True
2026-04-16 12:49:30,491 - semo.validator - INFO - Tag Exists 'tag3': True
2026-04-16 12:49:30,491 - semo.validator - INFO - Approval for list for tag operation for tag (tag3): True
2026-04-16 12:49:30,491 - semo.backend - INFO - Approved - List files for tag direct operation (tag3) : True
2026-04-16 12:49:30,495 - semo.validator - INFO - Tag Exists 'tag1': True
2026-04-16 12:49:30,495 - semo.validator - INFO - Approval for list for tag operation for tag (tag1): True
2026-04-16 12:49:30,495 - semo.backend - INFO - Approved - List files for tag direct operation (tag1) : True
2026-04-16 12:49:30,503 - semo.validator - INFO - Tag Exists 'tag2': True
2026-04-16 12:49:30,503 - semo.validator - INFO - Approval for list for tag operation for tag (tag2): True
2026-04-16 12:49:30,503 - semo.backend - INFO - Approved - List files for tag direct operation (tag2) : True
2026-04-16 12:49:30,506 - semo.validator - INFO - Tag Exists 'tag2': True
2026-04-16 12:49:30,506 - semo.validator - INFO - Approval for list for tag operation for tag (tag2): True
2026-04-16 12:49:30,506 - semo.backend - INFO - Approved - List files for tag direct operation (tag2) : True
2026-04-16 12:49:30,508 - semo.validator - INFO - Tag Exists 'tag2': True
2026-04-16 12:49:30,508 - semo.validator - INFO - Approval for list for tag operation for tag (tag2): True
2026-04-16 12:49:30,508 - semo.backend - INFO - Approved - List direct subtags operation (tag2) : True
2026-04-16 12:49:30,509 - semo.validator - INFO - Tag Exists 'tag2': True
2026-04-16 12:49:30,510 - semo.validator - INFO - Approval for list for tag operation for tag (tag2): True
2026-04-16 12:49:30,510 - semo.backend - INFO - Approved - List files for tag direct operation (tag2) : True
2026-04-16 12:49:30,513 - semo.validator - INFO - Tag Exists 'tag2': True
2026-04-16 12:49:30,513 - semo.validator - INFO - Approval for list for tag operation for tag (tag2): True
2026-04-16 12:49:30,513 - semo.backend - INFO - Approved - List files for tag direct operation (tag2) : True
2026-04-16 12:49:30,518 - semo.validator - INFO - Tag Exists 'tag2': True
2026-04-16 12:49:30,518 - semo.validator - INFO - Approval for list for tag operation for tag (tag2): True
2026-04-16 12:49:30,518 - semo.backend - INFO - Approved - List files for tag direct operation (tag2) : True
2026-04-16 12:49:35,612 - semo.validator - INFO - Tag Exists 'tag1': True
2026-04-16 12:49:35,612 - semo.validator - INFO - Approval for list for tag operation for tag (tag1): True
2026-04-16 12:49:35,612 - semo.backend - INFO - Approved - List files for tag direct operation (tag1) : True
2026-04-16 12:49:35,616 - semo.validator - INFO - Tag Exists 'tag1': True
2026-04-16 12:49:35,616 - semo.validator - INFO - Approval for list for tag operation for tag (tag1): True
2026-04-16 12:49:35,616 - semo.backend - INFO - Approved - List files for tag direct operation (tag1) : True
2026-04-16 12:49:35,622 - semo.validator - INFO - Tag Exists 'tag1': True
2026-04-16 12:49:35,622 - semo.validator - INFO - Approval for list for tag operation for tag (tag1): True
2026-04-16 12:49:35,622 - semo.backend - INFO - Approved - List direct subtags operation (tag1) : True
2026-04-16 12:49:35,624 - semo.validator - INFO - Tag Exists 'tag1': True
2026-04-16 12:49:35,624 - semo.validator - INFO - Approval for list for tag operation for tag (tag1): True
2026-04-16 12:49:35,624 - semo.backend - INFO - Approved - List files for tag direct operation (tag1) : True
2026-04-16 12:49:35,628 - semo.validator - INFO - Tag Exists 'tag1': True
2026-04-16 12:49:35,628 - semo.validator - INFO - Approval for list for tag operation for tag (tag1): True
2026-04-16 12:49:35,628 - semo.backend - INFO - Approved - List files for tag direct operation (tag1) : True
2026-04-16 12:49:35,631 - semo.validator - INFO - Tag Exists 'tag3': True
2026-04-16 12:49:35,631 - semo.validator - INFO - Approval for list for tag operation for tag (tag3): True
2026-04-16 12:49:35,631 - semo.backend - INFO - Approved - List files for tag direct operation (tag3) : True
2026-04-16 12:49:35,634 - semo.validator - INFO - Tag Exists 'tag3': True
2026-04-16 12:49:35,634 - semo.validator - INFO - Approval for list for tag operation for tag (tag3): True
2026-04-16 12:49:35,635 - semo.backend - INFO - Approved - List files for tag direct operation (tag3) : True
2026-04-16 12:49:35,638 - semo.validator - INFO - Tag Exists 'tag3': True
2026-04-16 12:49:35,638 - semo.validator - INFO - Approval for list for tag operation for tag (tag3): True
2026-04-16 12:49:35,638 - semo.backend - INFO - Approved - List direct subtags operation (tag3) : True
2026-04-16 12:49:35,640 - semo.validator - INFO - Tag Exists 'tag3': True
2026-04-16 12:49:35,641 - semo.validator - INFO - Approval for list for tag operation for tag (tag3): True
2026-04-16 12:49:35,641 - semo.backend - INFO - Approved - List files for tag direct operation (tag3) : True
2026-04-16 12:49:35,644 - semo.validator - INFO - Tag Exists 'tag3': True
2026-04-16 12:49:35,644 - semo.validator - INFO - Approval for list for tag operation for tag (tag3): True
2026-04-16 12:49:35,644 - semo.backend - INFO - Approved - List files for tag direct operation (tag3) : True
2026-04-16 12:49:35,648 - semo.validator - INFO - Tag Exists 'tag3': True
2026-04-16 12:49:35,648 - semo.validator - INFO - Approval for list for tag operation for tag (tag3): True
2026-04-16 12:49:35,648 - semo.backend - INFO - Approved - List files for tag direct operation (tag3) : True
2026-04-16 12:49:35,652 - semo.validator - INFO - Tag Exists 'tag1': True
2026-04-16 12:49:35,652 - semo.validator - INFO - Approval for list for tag operation for tag (tag1): True
2026-04-16 12:49:35,652 - semo.backend - INFO - Approved - List files for tag direct operation (tag1) : True
2026-04-16 12:49:35,658 - semo.validator - INFO - Tag Exists 'tag2': True
2026-04-16 12:49:35,658 - semo.validator - INFO - Approval for list for tag operation for tag (tag2): True
2026-04-16 12:49:35,658 - semo.backend - INFO - Approved - List files for tag direct operation (tag2) : True
2026-04-16 12:49:35,664 - semo.validator - INFO - Tag Exists 'tag2': True
2026-04-16 12:49:35,664 - semo.validator - INFO - Approval for list for tag operation for tag (tag2): True
2026-04-16 12:49:35,664 - semo.backend - INFO - Approved - List files for tag direct operation (tag2) : True
2026-04-16 12:49:35,666 - semo.validator - INFO - Tag Exists 'tag2': True
2026-04-16 12:49:35,666 - semo.validator - INFO - Approval for list for tag operation for tag (tag2): True
2026-04-16 12:49:35,666 - semo.backend - INFO - Approved - List direct subtags operation (tag2) : True
2026-04-16 12:49:35,668 - semo.validator - INFO - Tag Exists 'tag2': True
2026-04-16 12:49:35,669 - semo.validator - INFO - Approval for list for tag operation for tag (tag2): True
2026-04-16 12:49:35,669 - semo.backend - INFO - Approved - List files for tag direct operation (tag2) : True
2026-04-16 12:49:35,672 - semo.validator - INFO - Tag Exists 'tag2': True
2026-04-16 12:49:35,672 - semo.validator - INFO - Approval for list for tag operation for tag (tag2): True
2026-04-16 12:49:35,672 - semo.backend - INFO - Approved - List files for tag direct operation (tag2) : True
2026-04-16 12:49:35,676 - semo.validator - INFO - Tag Exists 'tag2': True
2026-04-16 12:49:35,676 - semo.validator - INFO - Approval for list for tag operation for tag (tag2): True
2026-04-16 12:49:35,676 - semo.backend - INFO - Approved - List files for tag direct operation (tag2) : True
2026-04-16 14:42:16,752 - semo.validator - INFO - Tag Exists 'tag1': True
2026-04-16 14:42:16,754 - semo.validator - INFO - Approval for list for tag operation for tag (tag1): True
2026-04-16 14:42:16,754 - semo.backend - INFO - Approved - List direct subtags operation (tag1) : True
2026-04-16 14:42:16,756 - semo.validator - INFO - Tag Exists 'tag1': True
2026-04-16 14:42:16,756 - semo.validator - INFO - Approval for list for tag operation for tag (tag1): True
2026-04-16 14:42:16,757 - semo.backend - INFO - Approved - List files for tag direct operation (tag1) : True
2026-04-16 14:42:16,762 - semo.validator - INFO - Tag Exists 'tag1': True
2026-04-16 14:42:16,762 - semo.validator - INFO - Approval for list for tag operation for tag (tag1): True
2026-04-16 14:42:16,762 - semo.backend - INFO - Approved - List files for tag direct operation (tag1) : True
2026-04-16 14:42:16,764 - semo.validator - INFO - Tag Exists 'tag1': True
2026-04-16 14:42:16,765 - semo.validator - INFO - Approval for list for tag operation for tag (tag1): True
2026-04-16 14:42:16,765 - semo.backend - INFO - Approved - List files for tag direct operation (tag1) : True
2026-04-16 14:42:16,770 - semo.validator - INFO - Tag Exists 'tag1': True
2026-04-16 14:42:16,770 - semo.validator - INFO - Approval for list for tag operation for tag (tag1): True
2026-04-16 14:42:16,770 - semo.backend - INFO - Approved - List files for tag direct operation (tag1) : True
2026-04-16 14:42:17,879 - semo.validator - INFO - Tag Exists 'tag1': True
2026-04-16 14:42:17,879 - semo.validator - INFO - Approval for list for tag operation for tag (tag1): True
2026-04-16 14:42:17,879 - semo.backend - INFO - Approved - List files for tag direct operation (tag1) : True
2026-04-16 14:42:17,880 - semo.validator - INFO - Tag Exists 'tag1': True
2026-04-16 14:42:17,880 - semo.validator - INFO - Approval for list for tag operation for tag (tag1): True
2026-04-16 14:42:17,880 - semo.backend - INFO - Approved - List files for tag direct operation (tag1) : True
2026-04-16 14:42:17,881 - semo.validator - INFO - Tag Exists 'tag1': True
2026-04-16 14:42:17,881 - semo.validator - INFO - Approval for list for tag operation for tag (tag1): True
2026-04-16 14:42:17,881 - semo.backend - INFO - Approved - List direct subtags operation (tag1) : True
2026-04-16 14:42:17,882 - semo.validator - INFO - Tag Exists 'tag1': True
2026-04-16 14:42:17,882 - semo.validator - INFO - Approval for list for tag operation for tag (tag1): True
2026-04-16 14:42:17,882 - semo.backend - INFO - Approved - List files for tag direct operation (tag1) : True
2026-04-16 14:42:17,883 - semo.validator - INFO - Tag Exists 'tag1': True
2026-04-16 14:42:17,883 - semo.validator - INFO - Approval for list for tag operation for tag (tag1): True
2026-04-16 14:42:17,883 - semo.backend - INFO - Approved - List files for tag direct operation (tag1) : True
2026-04-16 14:42:17,884 - semo.validator - INFO - Tag Exists 'tag3': True
2026-04-16 14:42:17,884 - semo.validator - INFO - Approval for list for tag operation for tag (tag3): True
2026-04-16 14:42:17,884 - semo.backend - INFO - Approved - List files for tag direct operation (tag3) : True
2026-04-16 14:42:17,885 - semo.validator - INFO - Tag Exists 'tag3': True
2026-04-16 14:42:17,885 - semo.validator - INFO - Approval for list for tag operation for tag (tag3): True
2026-04-16 14:42:17,885 - semo.backend - INFO - Approved - List files for tag direct operation (tag3) : True
2026-04-16 14:42:17,886 - semo.validator - INFO - Tag Exists 'tag3': True
2026-04-16 14:42:17,886 - semo.validator - INFO - Approval for list for tag operation for tag (tag3): True
2026-04-16 14:42:17,886 - semo.backend - INFO - Approved - List direct subtags operation (tag3) : True
2026-04-16 14:42:17,888 - semo.validator - INFO - Tag Exists 'tag3': True
2026-04-16 14:42:17,888 - semo.validator - INFO - Approval for list for tag operation for tag (tag3): True
2026-04-16 14:42:17,888 - semo.backend - INFO - Approved - List files for tag direct operation (tag3) : True
2026-04-16 14:42:17,889 - semo.validator - INFO - Tag Exists 'tag3': True
2026-04-16 14:42:17,889 - semo.validator - INFO - Approval for list for tag operation for tag (tag3): True
2026-04-16 14:42:17,889 - semo.backend - INFO - Approved - List files for tag direct operation (tag3) : True
2026-04-16 14:42:17,890 - semo.validator - INFO - Tag Exists 'tag3': True
2026-04-16 14:42:17,890 - semo.validator - INFO - Approval for list for tag operation for tag (tag3): True
2026-04-16 14:42:17,890 - semo.backend - INFO - Approved - List files for tag direct operation (tag3) : True
2026-04-16 14:42:17,891 - semo.validator - INFO - Tag Exists 'tag1': True
2026-04-16 14:42:17,891 - semo.validator - INFO - Approval for list for tag operation for tag (tag1): True
2026-04-16 14:42:17,891 - semo.backend - INFO - Approved - List files for tag direct operation (tag1) : True
2026-04-16 14:42:17,892 - semo.validator - INFO - Tag Exists 'tag2': True
2026-04-16 14:42:17,892 - semo.validator - INFO - Approval for list for tag operation for tag (tag2): True
2026-04-16 14:42:17,892 - semo.backend - INFO - Approved - List files for tag direct operation (tag2) : True
2026-04-16 14:42:17,893 - semo.validator - INFO - Tag Exists 'tag2': True
2026-04-16 14:42:17,893 - semo.validator - INFO - Approval for list for tag operation for tag (tag2): True
2026-04-16 14:42:17,893 - semo.backend - INFO - Approved - List files for tag direct operation (tag2) : True
2026-04-16 14:42:17,894 - semo.validator - INFO - Tag Exists 'tag2': True
2026-04-16 14:42:17,894 - semo.validator - INFO - Approval for list for tag operation for tag (tag2): True
2026-04-16 14:42:17,894 - semo.backend - INFO - Approved - List direct subtags operation (tag2) : True
2026-04-16 14:42:17,895 - semo.validator - INFO - Tag Exists 'tag2': True
2026-04-16 14:42:17,895 - semo.validator - INFO - Approval for list for tag operation for tag (tag2): True
2026-04-16 14:42:17,895 - semo.backend - INFO - Approved - List files for tag direct operation (tag2) : True
2026-04-16 14:42:17,896 - semo.validator - INFO - Tag Exists 'tag2': True
2026-04-16 14:42:17,896 - semo.validator - INFO - Approval for list for tag operation for tag (tag2): True
2026-04-16 14:42:17,896 - semo.backend - INFO - Approved - List files for tag direct operation (tag2) : True
2026-04-16 14:42:17,897 - semo.validator - INFO - Tag Exists 'tag2': True
2026-04-16 14:42:17,897 - semo.validator - INFO - Approval for list for tag operation for tag (tag2): True
2026-04-16 14:42:17,897 - semo.backend - INFO - Approved - List files for tag direct operation (tag2) : True
2026-04-16 14:42:22,960 - semo.validator - INFO - Tag Exists 'tag1': True
2026-04-16 14:42:22,960 - semo.validator - INFO - Approval for list for tag operation for tag (tag1): True
2026-04-16 14:42:22,960 - semo.backend - INFO - Approved - List files for tag direct operation (tag1) : True
2026-04-16 14:42:22,961 - semo.validator - INFO - Tag Exists 'tag1': True
2026-04-16 14:42:22,961 - semo.validator - INFO - Approval for list for tag operation for tag (tag1): True
2026-04-16 14:42:22,961 - semo.backend - INFO - Approved - List files for tag direct operation (tag1) : True
2026-04-16 14:42:22,962 - semo.validator - INFO - Tag Exists 'tag1': True
2026-04-16 14:42:22,962 - semo.validator - INFO - Approval for list for tag operation for tag (tag1): True
2026-04-16 14:42:22,962 - semo.backend - INFO - Approved - List direct subtags operation (tag1) : True
2026-04-16 14:42:22,962 - semo.validator - INFO - Tag Exists 'tag1': True
2026-04-16 14:42:22,962 - semo.validator - INFO - Approval for list for tag operation for tag (tag1): True
2026-04-16 14:42:22,962 - semo.backend - INFO - Approved - List files for tag direct operation (tag1) : True
2026-04-16 14:42:22,964 - semo.validator - INFO - Tag Exists 'tag1': True
2026-04-16 14:42:22,964 - semo.validator - INFO - Approval for list for tag operation for tag (tag1): True
2026-04-16 14:42:22,964 - semo.backend - INFO - Approved - List files for tag direct operation (tag1) : True
2026-04-16 14:42:22,965 - semo.validator - INFO - Tag Exists 'tag3': True
2026-04-16 14:42:22,965 - semo.validator - INFO - Approval for list for tag operation for tag (tag3): True
2026-04-16 14:42:22,965 - semo.backend - INFO - Approved - List files for tag direct operation (tag3) : True
2026-04-16 14:42:22,966 - semo.validator - INFO - Tag Exists 'tag3': True
2026-04-16 14:42:22,966 - semo.validator - INFO - Approval for list for tag operation for tag (tag3): True
2026-04-16 14:42:22,966 - semo.backend - INFO - Approved - List files for tag direct operation (tag3) : True
2026-04-16 14:42:22,967 - semo.validator - INFO - Tag Exists 'tag3': True
2026-04-16 14:42:22,967 - semo.validator - INFO - Approval for list for tag operation for tag (tag3): True
2026-04-16 14:42:22,967 - semo.backend - INFO - Approved - List direct subtags operation (tag3) : True
2026-04-16 14:42:22,968 - semo.validator - INFO - Tag Exists 'tag3': True
2026-04-16 14:42:22,968 - semo.validator - INFO - Approval for list for tag operation for tag (tag3): True
2026-04-16 14:42:22,968 - semo.backend - INFO - Approved - List files for tag direct operation (tag3) : True
2026-04-16 14:42:22,969 - semo.validator - INFO - Tag Exists 'tag3': True
2026-04-16 14:42:22,969 - semo.validator - INFO - Approval for list for tag operation for tag (tag3): True
2026-04-16 14:42:22,969 - semo.backend - INFO - Approved - List files for tag direct operation (tag3) : True
2026-04-16 14:42:22,971 - semo.validator - INFO - Tag Exists 'tag3': True
2026-04-16 14:42:22,971 - semo.validator - INFO - Approval for list for tag operation for tag (tag3): True
2026-04-16 14:42:22,971 - semo.backend - INFO - Approved - List files for tag direct operation (tag3) : True
2026-04-16 14:42:22,972 - semo.validator - INFO - Tag Exists 'tag1': True
2026-04-16 14:42:22,972 - semo.validator - INFO - Approval for list for tag operation for tag (tag1): True
2026-04-16 14:42:22,972 - semo.backend - INFO - Approved - List files for tag direct operation (tag1) : True
2026-04-16 14:42:22,974 - semo.validator - INFO - Tag Exists 'tag2': True
2026-04-16 14:42:22,974 - semo.validator - INFO - Approval for list for tag operation for tag (tag2): True
2026-04-16 14:42:22,974 - semo.backend - INFO - Approved - List files for tag direct operation (tag2) : True
2026-04-16 14:42:22,975 - semo.validator - INFO - Tag Exists 'tag2': True
2026-04-16 14:42:22,975 - semo.validator - INFO - Approval for list for tag operation for tag (tag2): True
2026-04-16 14:42:22,975 - semo.backend - INFO - Approved - List files for tag direct operation (tag2) : True
2026-04-16 14:42:22,976 - semo.validator - INFO - Tag Exists 'tag2': True
2026-04-16 14:42:22,976 - semo.validator - INFO - Approval for list for tag operation for tag (tag2): True
2026-04-16 14:42:22,976 - semo.backend - INFO - Approved - List direct subtags operation (tag2) : True
2026-04-16 14:42:22,976 - semo.validator - INFO - Tag Exists 'tag2': True
2026-04-16 14:42:22,976 - semo.validator - INFO - Approval for list for tag operation for tag (tag2): True
2026-04-16 14:42:22,976 - semo.backend - INFO - Approved - List files for tag direct operation (tag2) : True
2026-04-16 14:42:22,977 - semo.validator - INFO - Tag Exists 'tag2': True
2026-04-16 14:42:22,977 - semo.validator - INFO - Approval for list for tag operation for tag (tag2): True
2026-04-16 14:42:22,977 - semo.backend - INFO - Approved - List files for tag direct operation (tag2) : True
2026-04-16 14:42:22,978 - semo.validator - INFO - Tag Exists 'tag2': True
2026-04-16 14:42:22,978 - semo.validator - INFO - Approval for list for tag operation for tag (tag2): True
2026-04-16 14:42:22,978 - semo.backend - INFO - Approved - List files for tag direct operation (tag2) : True
2026-04-16 14:42:28,038 - semo.validator - INFO - Tag Exists 'tag1': True
2026-04-16 14:42:28,038 - semo.validator - INFO - Approval for list for tag operation for tag (tag1): True
2026-04-16 14:42:28,038 - semo.backend - INFO - Approved - List files for tag direct operation (tag1) : True
2026-04-16 14:42:28,040 - semo.validator - INFO - Tag Exists 'tag1': True
2026-04-16 14:42:28,040 - semo.validator - INFO - Approval for list for tag operation for tag (tag1): True
2026-04-16 14:42:28,040 - semo.backend - INFO - Approved - List files for tag direct operation (tag1) : True
2026-04-16 14:42:28,041 - semo.validator - INFO - Tag Exists 'tag1': True
2026-04-16 14:42:28,041 - semo.validator - INFO - Approval for list for tag operation for tag (tag1): True
2026-04-16 14:42:28,041 - semo.backend - INFO - Approved - List direct subtags operation (tag1) : True
2026-04-16 14:42:28,041 - semo.validator - INFO - Tag Exists 'tag1': True
2026-04-16 14:42:28,041 - semo.validator - INFO - Approval for list for tag operation for tag (tag1): True
2026-04-16 14:42:28,041 - semo.backend - INFO - Approved - List files for tag direct operation (tag1) : True
2026-04-16 14:42:28,043 - semo.validator - INFO - Tag Exists 'tag1': True
2026-04-16 14:42:28,043 - semo.validator - INFO - Approval for list for tag operation for tag (tag1): True
2026-04-16 14:42:28,043 - semo.backend - INFO - Approved - List files for tag direct operation (tag1) : True
2026-04-16 14:42:28,044 - semo.validator - INFO - Tag Exists 'tag3': True
2026-04-16 14:42:28,044 - semo.validator - INFO - Approval for list for tag operation for tag (tag3): True
2026-04-16 14:42:28,044 - semo.backend - INFO - Approved - List files for tag direct operation (tag3) : True
2026-04-16 14:42:28,045 - semo.validator - INFO - Tag Exists 'tag3': True
2026-04-16 14:42:28,045 - semo.validator - INFO - Approval for list for tag operation for tag (tag3): True
2026-04-16 14:42:28,045 - semo.backend - INFO - Approved - List files for tag direct operation (tag3) : True
2026-04-16 14:42:28,046 - semo.validator - INFO - Tag Exists 'tag3': True
2026-04-16 14:42:28,046 - semo.validator - INFO - Approval for list for tag operation for tag (tag3): True
2026-04-16 14:42:28,046 - semo.backend - INFO - Approved - List direct subtags operation (tag3) : True
2026-04-16 14:42:28,047 - semo.validator - INFO - Tag Exists 'tag3': True
2026-04-16 14:42:28,047 - semo.validator - INFO - Approval for list for tag operation for tag (tag3): True
2026-04-16 14:42:28,047 - semo.backend - INFO - Approved - List files for tag direct operation (tag3) : True
2026-04-16 14:42:28,048 - semo.validator - INFO - Tag Exists 'tag3': True
2026-04-16 14:42:28,048 - semo.validator - INFO - Approval for list for tag operation for tag (tag3): True
2026-04-16 14:42:28,048 - semo.backend - INFO - Approved - List files for tag direct operation (tag3) : True
2026-04-16 14:42:28,049 - semo.validator - INFO - Tag Exists 'tag3': True
2026-04-16 14:42:28,049 - semo.validator - INFO - Approval for list for tag operation for tag (tag3): True
2026-04-16 14:42:28,049 - semo.backend - INFO - Approved - List files for tag direct operation (tag3) : True
2026-04-16 14:42:28,051 - semo.validator - INFO - Tag Exists 'tag1': True
2026-04-16 14:42:28,051 - semo.validator - INFO - Approval for list for tag operation for tag (tag1): True
2026-04-16 14:42:28,051 - semo.backend - INFO - Approved - List files for tag direct operation (tag1) : True
2026-04-16 14:42:28,052 - semo.validator - INFO - Tag Exists 'tag2': True
2026-04-16 14:42:28,052 - semo.validator - INFO - Approval for list for tag operation for tag (tag2): True
2026-04-16 14:42:28,052 - semo.backend - INFO - Approved - List files for tag direct operation (tag2) : True
2026-04-16 14:42:28,053 - semo.validator - INFO - Tag Exists 'tag2': True
2026-04-16 14:42:28,053 - semo.validator - INFO - Approval for list for tag operation for tag (tag2): True
2026-04-16 14:42:28,053 - semo.backend - INFO - Approved - List files for tag direct operation (tag2) : True
2026-04-16 14:42:28,054 - semo.validator - INFO - Tag Exists 'tag2': True
2026-04-16 14:42:28,054 - semo.validator - INFO - Approval for list for tag operation for tag (tag2): True
2026-04-16 14:42:28,054 - semo.backend - INFO - Approved - List direct subtags operation (tag2) : True
2026-04-16 14:42:28,054 - semo.validator - INFO - Tag Exists 'tag2': True
2026-04-16 14:42:28,054 - semo.validator - INFO - Approval for list for tag operation for tag (tag2): True
2026-04-16 14:42:28,055 - semo.backend - INFO - Approved - List files for tag direct operation (tag2) : True
2026-04-16 14:42:28,055 - semo.validator - INFO - Tag Exists 'tag2': True
2026-04-16 14:42:28,056 - semo.validator - INFO - Approval for list for tag operation for tag (tag2): True
2026-04-16 14:42:28,056 - semo.backend - INFO - Approved - List files for tag direct operation (tag2) : True
2026-04-16 14:42:28,057 - semo.validator - INFO - Tag Exists 'tag2': True
2026-04-16 14:42:28,057 - semo.validator - INFO - Approval for list for tag operation for tag (tag2): True
2026-04-16 14:42:28,057 - semo.backend - INFO - Approved - List files for tag direct operation (tag2) : True
2026-04-16 14:42:33,120 - semo.validator - INFO - Tag Exists 'tag1': True
2026-04-16 14:42:33,120 - semo.validator - INFO - Approval for list for tag operation for tag (tag1): True
2026-04-16 14:42:33,120 - semo.backend - INFO - Approved - List files for tag direct operation (tag1) : True
2026-04-16 14:42:33,122 - semo.validator - INFO - Tag Exists 'tag1': True
2026-04-16 14:42:33,122 - semo.validator - INFO - Approval for list for tag operation for tag (tag1): True
2026-04-16 14:42:33,122 - semo.backend - INFO - Approved - List files for tag direct operation (tag1) : True
2026-04-16 14:42:33,122 - semo.validator - INFO - Tag Exists 'tag1': True
2026-04-16 14:42:33,122 - semo.validator - INFO - Approval for list for tag operation for tag (tag1): True
2026-04-16 14:42:33,122 - semo.backend - INFO - Approved - List direct subtags operation (tag1) : True
2026-04-16 14:42:33,123 - semo.validator - INFO - Tag Exists 'tag1': True
2026-04-16 14:42:33,123 - semo.validator - INFO - Approval for list for tag operation for tag (tag1): True
2026-04-16 14:42:33,123 - semo.backend - INFO - Approved - List files for tag direct operation (tag1) : True
2026-04-16 14:42:33,124 - semo.validator - INFO - Tag Exists 'tag1': True
2026-04-16 14:42:33,124 - semo.validator - INFO - Approval for list for tag operation for tag (tag1): True
2026-04-16 14:42:33,124 - semo.backend - INFO - Approved - List files for tag direct operation (tag1) : True
2026-04-16 14:42:33,125 - semo.validator - INFO - Tag Exists 'tag3': True
2026-04-16 14:42:33,125 - semo.validator - INFO - Approval for list for tag operation for tag (tag3): True
2026-04-16 14:42:33,125 - semo.backend - INFO - Approved - List files for tag direct operation (tag3) : True
2026-04-16 14:42:33,126 - semo.validator - INFO - Tag Exists 'tag3': True
2026-04-16 14:42:33,126 - semo.validator - INFO - Approval for list for tag operation for tag (tag3): True
2026-04-16 14:42:33,126 - semo.backend - INFO - Approved - List files for tag direct operation (tag3) : True
2026-04-16 14:42:33,127 - semo.validator - INFO - Tag Exists 'tag3': True
2026-04-16 14:42:33,127 - semo.validator - INFO - Approval for list for tag operation for tag (tag3): True
2026-04-16 14:42:33,127 - semo.backend - INFO - Approved - List direct subtags operation (tag3) : True
2026-04-16 14:42:33,127 - semo.validator - INFO - Tag Exists 'tag3': True
2026-04-16 14:42:33,127 - semo.validator - INFO - Approval for list for tag operation for tag (tag3): True
2026-04-16 14:42:33,127 - semo.backend - INFO - Approved - List files for tag direct operation (tag3) : True
2026-04-16 14:42:33,128 - semo.validator - INFO - Tag Exists 'tag3': True
2026-04-16 14:42:33,128 - semo.validator - INFO - Approval for list for tag operation for tag (tag3): True
2026-04-16 14:42:33,128 - semo.backend - INFO - Approved - List files for tag direct operation (tag3) : True
2026-04-16 14:42:33,129 - semo.validator - INFO - Tag Exists 'tag3': True
2026-04-16 14:42:33,129 - semo.validator - INFO - Approval for list for tag operation for tag (tag3): True
2026-04-16 14:42:33,129 - semo.backend - INFO - Approved - List files for tag direct operation (tag3) : True
2026-04-16 14:42:33,130 - semo.validator - INFO - Tag Exists 'tag1': True
2026-04-16 14:42:33,130 - semo.validator - INFO - Approval for list for tag operation for tag (tag1): True
2026-04-16 14:42:33,130 - semo.backend - INFO - Approved - List files for tag direct operation (tag1) : True
2026-04-16 14:42:33,133 - semo.validator - INFO - Tag Exists 'tag2': True
2026-04-16 14:42:33,133 - semo.validator - INFO - Approval for list for tag operation for tag (tag2): True
2026-04-16 14:42:33,133 - semo.backend - INFO - Approved - List files for tag direct operation (tag2) : True
2026-04-16 14:42:33,134 - semo.validator - INFO - Tag Exists 'tag2': True
2026-04-16 14:42:33,134 - semo.validator - INFO - Approval for list for tag operation for tag (tag2): True
2026-04-16 14:42:33,134 - semo.backend - INFO - Approved - List files for tag direct operation (tag2) : True
2026-04-16 14:42:33,135 - semo.validator - INFO - Tag Exists 'tag2': True
2026-04-16 14:42:33,135 - semo.validator - INFO - Approval for list for tag operation for tag (tag2): True
2026-04-16 14:42:33,135 - semo.backend - INFO - Approved - List direct subtags operation (tag2) : True
2026-04-16 14:42:33,135 - semo.validator - INFO - Tag Exists 'tag2': True
2026-04-16 14:42:33,135 - semo.validator - INFO - Approval for list for tag operation for tag (tag2): True
2026-04-16 14:42:33,135 - semo.backend - INFO - Approved - List files for tag direct operation (tag2) : True
2026-04-16 14:42:33,136 - semo.validator - INFO - Tag Exists 'tag2': True
2026-04-16 14:42:33,136 - semo.validator - INFO - Approval for list for tag operation for tag (tag2): True
2026-04-16 14:42:33,136 - semo.backend - INFO - Approved - List files for tag direct operation (tag2) : True
2026-04-16 14:42:33,137 - semo.validator - INFO - Tag Exists 'tag2': True
2026-04-16 14:42:33,137 - semo.validator - INFO - Approval for list for tag operation for tag (tag2): True
2026-04-16 14:42:33,137 - semo.backend - INFO - Approved - List files for tag direct operation (tag2) : True
2026-04-16 14:42:38,196 - semo.validator - INFO - Tag Exists 'tag1': True
2026-04-16 14:42:38,197 - semo.validator - INFO - Approval for list for tag operation for tag (tag1): True
2026-04-16 14:42:38,197 - semo.backend - INFO - Approved - List files for tag direct operation (tag1) : True
2026-04-16 14:42:38,198 - semo.validator - INFO - Tag Exists 'tag1': True
2026-04-16 14:42:38,198 - semo.validator - INFO - Approval for list for tag operation for tag (tag1): True
2026-04-16 14:42:38,198 - semo.backend - INFO - Approved - List files for tag direct operation (tag1) : True
2026-04-16 14:42:38,198 - semo.validator - INFO - Tag Exists 'tag1': True
2026-04-16 14:42:38,198 - semo.validator - INFO - Approval for list for tag operation for tag (tag1): True
2026-04-16 14:42:38,198 - semo.backend - INFO - Approved - List direct subtags operation (tag1) : True
2026-04-16 14:42:38,200 - semo.validator - INFO - Tag Exists 'tag1': True
2026-04-16 14:42:38,200 - semo.validator - INFO - Approval for list for tag operation for tag (tag1): True
2026-04-16 14:42:38,200 - semo.backend - INFO - Approved - List files for tag direct operation (tag1) : True
2026-04-16 14:42:38,202 - semo.validator - INFO - Tag Exists 'tag1': True
2026-04-16 14:42:38,202 - semo.validator - INFO - Approval for list for tag operation for tag (tag1): True
2026-04-16 14:42:38,202 - semo.backend - INFO - Approved - List files for tag direct operation (tag1) : True
2026-04-16 14:42:38,203 - semo.validator - INFO - Tag Exists 'tag3': True
2026-04-16 14:42:38,203 - semo.validator - INFO - Approval for list for tag operation for tag (tag3): True
2026-04-16 14:42:38,203 - semo.backend - INFO - Approved - List files for tag direct operation (tag3) : True
2026-04-16 14:42:38,204 - semo.validator - INFO - Tag Exists 'tag3': True
2026-04-16 14:42:38,204 - semo.validator - INFO - Approval for list for tag operation for tag (tag3): True
2026-04-16 14:42:38,204 - semo.backend - INFO - Approved - List files for tag direct operation (tag3) : True
2026-04-16 14:42:38,204 - semo.validator - INFO - Tag Exists 'tag3': True
2026-04-16 14:42:38,204 - semo.validator - INFO - Approval for list for tag operation for tag (tag3): True
2026-04-16 14:42:38,204 - semo.backend - INFO - Approved - List direct subtags operation (tag3) : True
2026-04-16 14:42:38,205 - semo.validator - INFO - Tag Exists 'tag3': True
2026-04-16 14:42:38,205 - semo.validator - INFO - Approval for list for tag operation for tag (tag3): True
2026-04-16 14:42:38,205 - semo.backend - INFO - Approved - List files for tag direct operation (tag3) : True
2026-04-16 14:42:38,206 - semo.validator - INFO - Tag Exists 'tag3': True
2026-04-16 14:42:38,206 - semo.validator - INFO - Approval for list for tag operation for tag (tag3): True
2026-04-16 14:42:38,206 - semo.backend - INFO - Approved - List files for tag direct operation (tag3) : True
2026-04-16 14:42:38,207 - semo.validator - INFO - Tag Exists 'tag3': True
2026-04-16 14:42:38,207 - semo.validator - INFO - Approval for list for tag operation for tag (tag3): True
2026-04-16 14:42:38,207 - semo.backend - INFO - Approved - List files for tag direct operation (tag3) : True
2026-04-16 14:42:38,208 - semo.validator - INFO - Tag Exists 'tag1': True
2026-04-16 14:42:38,208 - semo.validator - INFO - Approval for list for tag operation for tag (tag1): True
2026-04-16 14:42:38,208 - semo.backend - INFO - Approved - List files for tag direct operation (tag1) : True
2026-04-16 14:42:38,210 - semo.validator - INFO - Tag Exists 'tag2': True
2026-04-16 14:42:38,210 - semo.validator - INFO - Approval for list for tag operation for tag (tag2): True
2026-04-16 14:42:38,210 - semo.backend - INFO - Approved - List files for tag direct operation (tag2) : True
2026-04-16 14:42:38,213 - semo.validator - INFO - Tag Exists 'tag2': True
2026-04-16 14:42:38,213 - semo.validator - INFO - Approval for list for tag operation for tag (tag2): True
2026-04-16 14:42:38,213 - semo.backend - INFO - Approved - List files for tag direct operation (tag2) : True
2026-04-16 14:42:38,213 - semo.validator - INFO - Tag Exists 'tag2': True
2026-04-16 14:42:38,213 - semo.validator - INFO - Approval for list for tag operation for tag (tag2): True
2026-04-16 14:42:38,213 - semo.backend - INFO - Approved - List direct subtags operation (tag2) : True
2026-04-16 14:42:38,214 - semo.validator - INFO - Tag Exists 'tag2': True
2026-04-16 14:42:38,214 - semo.validator - INFO - Approval for list for tag operation for tag (tag2): True
2026-04-16 14:42:38,214 - semo.backend - INFO - Approved - List files for tag direct operation (tag2) : True
2026-04-16 14:42:38,215 - semo.validator - INFO - Tag Exists 'tag2': True
2026-04-16 14:42:38,215 - semo.validator - INFO - Approval for list for tag operation for tag (tag2): True
2026-04-16 14:42:38,215 - semo.backend - INFO - Approved - List files for tag direct operation (tag2) : True
2026-04-16 14:42:38,216 - semo.validator - INFO - Tag Exists 'tag2': True
2026-04-16 14:42:38,216 - semo.validator - INFO - Approval for list for tag operation for tag (tag2): True
2026-04-16 14:42:38,216 - semo.backend - INFO - Approved - List files for tag direct operation (tag2) : True
2026-04-16 14:42:43,278 - semo.validator - INFO - Tag Exists 'tag1': True
2026-04-16 14:42:43,278 - semo.validator - INFO - Approval for list for tag operation for tag (tag1): True
2026-04-16 14:42:43,278 - semo.backend - INFO - Approved - List files for tag direct operation (tag1) : True
2026-04-16 14:42:43,280 - semo.validator - INFO - Tag Exists 'tag1': True
2026-04-16 14:42:43,280 - semo.validator - INFO - Approval for list for tag operation for tag (tag1): True
2026-04-16 14:42:43,280 - semo.backend - INFO - Approved - List files for tag direct operation (tag1) : True
2026-04-16 14:42:43,280 - semo.validator - INFO - Tag Exists 'tag1': True
2026-04-16 14:42:43,280 - semo.validator - INFO - Approval for list for tag operation for tag (tag1): True
2026-04-16 14:42:43,280 - semo.backend - INFO - Approved - List direct subtags operation (tag1) : True
2026-04-16 14:42:43,281 - semo.validator - INFO - Tag Exists 'tag1': True
2026-04-16 14:42:43,281 - semo.validator - INFO - Approval for list for tag operation for tag (tag1): True
2026-04-16 14:42:43,281 - semo.backend - INFO - Approved - List files for tag direct operation (tag1) : True
2026-04-16 14:42:43,284 - semo.validator - INFO - Tag Exists 'tag1': True
2026-04-16 14:42:43,284 - semo.validator - INFO - Approval for list for tag operation for tag (tag1): True
2026-04-16 14:42:43,284 - semo.backend - INFO - Approved - List files for tag direct operation (tag1) : True
2026-04-16 14:42:43,285 - semo.validator - INFO - Tag Exists 'tag3': True
2026-04-16 14:42:43,285 - semo.validator - INFO - Approval for list for tag operation for tag (tag3): True
2026-04-16 14:42:43,285 - semo.backend - INFO - Approved - List files for tag direct operation (tag3) : True
2026-04-16 14:42:43,287 - semo.validator - INFO - Tag Exists 'tag3': True
2026-04-16 14:42:43,287 - semo.validator - INFO - Approval for list for tag operation for tag (tag3): True
2026-04-16 14:42:43,287 - semo.backend - INFO - Approved - List files for tag direct operation (tag3) : True
2026-04-16 14:42:43,288 - semo.validator - INFO - Tag Exists 'tag3': True
2026-04-16 14:42:43,288 - semo.validator - INFO - Approval for list for tag operation for tag (tag3): True
2026-04-16 14:42:43,288 - semo.backend - INFO - Approved - List direct subtags operation (tag3) : True
2026-04-16 14:42:43,289 - semo.validator - INFO - Tag Exists 'tag3': True
2026-04-16 14:42:43,289 - semo.validator - INFO - Approval for list for tag operation for tag (tag3): True
2026-04-16 14:42:43,289 - semo.backend - INFO - Approved - List files for tag direct operation (tag3) : True
2026-04-16 14:42:43,290 - semo.validator - INFO - Tag Exists 'tag3': True
2026-04-16 14:42:43,290 - semo.validator - INFO - Approval for list for tag operation for tag (tag3): True
2026-04-16 14:42:43,290 - semo.backend - INFO - Approved - List files for tag direct operation (tag3) : True
2026-04-16 14:42:43,291 - semo.validator - INFO - Tag Exists 'tag3': True
2026-04-16 14:42:43,291 - semo.validator - INFO - Approval for list for tag operation for tag (tag3): True
2026-04-16 14:42:43,291 - semo.backend - INFO - Approved - List files for tag direct operation (tag3) : True
2026-04-16 14:42:43,292 - semo.validator - INFO - Tag Exists 'tag1': True
2026-04-16 14:42:43,292 - semo.validator - INFO - Approval for list for tag operation for tag (tag1): True
2026-04-16 14:42:43,292 - semo.backend - INFO - Approved - List files for tag direct operation (tag1) : True
2026-04-16 14:42:43,294 - semo.validator - INFO - Tag Exists 'tag2': True
2026-04-16 14:42:43,294 - semo.validator - INFO - Approval for list for tag operation for tag (tag2): True
2026-04-16 14:42:43,294 - semo.backend - INFO - Approved - List files for tag direct operation (tag2) : True
2026-04-16 14:42:43,295 - semo.validator - INFO - Tag Exists 'tag2': True
2026-04-16 14:42:43,295 - semo.validator - INFO - Approval for list for tag operation for tag (tag2): True
2026-04-16 14:42:43,295 - semo.backend - INFO - Approved - List files for tag direct operation (tag2) : True
2026-04-16 14:42:43,297 - semo.validator - INFO - Tag Exists 'tag2': True
2026-04-16 14:42:43,297 - semo.validator - INFO - Approval for list for tag operation for tag (tag2): True
2026-04-16 14:42:43,297 - semo.backend - INFO - Approved - List direct subtags operation (tag2) : True
2026-04-16 14:42:43,297 - semo.validator - INFO - Tag Exists 'tag2': True
2026-04-16 14:42:43,297 - semo.validator - INFO - Approval for list for tag operation for tag (tag2): True
2026-04-16 14:42:43,297 - semo.backend - INFO - Approved - List files for tag direct operation (tag2) : True
2026-04-16 14:42:43,298 - semo.validator - INFO - Tag Exists 'tag2': True
2026-04-16 14:42:43,298 - semo.validator - INFO - Approval for list for tag operation for tag (tag2): True
2026-04-16 14:42:43,298 - semo.backend - INFO - Approved - List files for tag direct operation (tag2) : True
2026-04-16 14:42:43,300 - semo.validator - INFO - Tag Exists 'tag2': True
2026-04-16 14:42:43,300 - semo.validator - INFO - Approval for list for tag operation for tag (tag2): True
2026-04-16 14:42:43,300 - semo.backend - INFO - Approved - List files for tag direct operation (tag2) : True
2026-04-16 14:42:48,369 - semo.validator - INFO - Tag Exists 'tag1': True
2026-04-16 14:42:48,369 - semo.validator - INFO - Approval for list for tag operation for tag (tag1): True
2026-04-16 14:42:48,369 - semo.backend - INFO - Approved - List files for tag direct operation (tag1) : True
2026-04-16 14:42:48,371 - semo.validator - INFO - Tag Exists 'tag1': True
2026-04-16 14:42:48,371 - semo.validator - INFO - Approval for list for tag operation for tag (tag1): True
2026-04-16 14:42:48,371 - semo.backend - INFO - Approved - List files for tag direct operation (tag1) : True
2026-04-16 14:42:48,372 - semo.validator - INFO - Tag Exists 'tag1': True
2026-04-16 14:42:48,372 - semo.validator - INFO - Approval for list for tag operation for tag (tag1): True
2026-04-16 14:42:48,372 - semo.backend - INFO - Approved - List direct subtags operation (tag1) : True
2026-04-16 14:42:48,373 - semo.validator - INFO - Tag Exists 'tag1': True
2026-04-16 14:42:48,373 - semo.validator - INFO - Approval for list for tag operation for tag (tag1): True
2026-04-16 14:42:48,373 - semo.backend - INFO - Approved - List files for tag direct operation (tag1) : True
2026-04-16 14:42:48,375 - semo.validator - INFO - Tag Exists 'tag1': True
2026-04-16 14:42:48,375 - semo.validator - INFO - Approval for list for tag operation for tag (tag1): True
2026-04-16 14:42:48,375 - semo.backend - INFO - Approved - List files for tag direct operation (tag1) : True
2026-04-16 14:42:48,378 - semo.validator - INFO - Tag Exists 'tag3': True
2026-04-16 14:42:48,378 - semo.validator - INFO - Approval for list for tag operation for tag (tag3): True
2026-04-16 14:42:48,378 - semo.backend - INFO - Approved - List files for tag direct operation (tag3) : True
2026-04-16 14:42:48,379 - semo.validator - INFO - Tag Exists 'tag3': True
2026-04-16 14:42:48,379 - semo.validator - INFO - Approval for list for tag operation for tag (tag3): True
2026-04-16 14:42:48,379 - semo.backend - INFO - Approved - List files for tag direct operation (tag3) : True
2026-04-16 14:42:48,379 - semo.validator - INFO - Tag Exists 'tag3': True
2026-04-16 14:42:48,379 - semo.validator - INFO - Approval for list for tag operation for tag (tag3): True
2026-04-16 14:42:48,379 - semo.backend - INFO - Approved - List direct subtags operation (tag3) : True
2026-04-16 14:42:48,380 - semo.validator - INFO - Tag Exists 'tag3': True
2026-04-16 14:42:48,380 - semo.validator - INFO - Approval for list for tag operation for tag (tag3): True
2026-04-16 14:42:48,380 - semo.backend - INFO - Approved - List files for tag direct operation (tag3) : True
2026-04-16 14:42:48,381 - semo.validator - INFO - Tag Exists 'tag3': True
2026-04-16 14:42:48,381 - semo.validator - INFO - Approval for list for tag operation for tag (tag3): True
2026-04-16 14:42:48,381 - semo.backend - INFO - Approved - List files for tag direct operation (tag3) : True
2026-04-16 14:42:48,382 - semo.validator - INFO - Tag Exists 'tag3': True
2026-04-16 14:42:48,382 - semo.validator - INFO - Approval for list for tag operation for tag (tag3): True
2026-04-16 14:42:48,382 - semo.backend - INFO - Approved - List files for tag direct operation (tag3) : True
2026-04-16 14:42:48,383 - semo.validator - INFO - Tag Exists 'tag1': True
2026-04-16 14:42:48,383 - semo.validator - INFO - Approval for list for tag operation for tag (tag1): True
2026-04-16 14:42:48,383 - semo.backend - INFO - Approved - List files for tag direct operation (tag1) : True
2026-04-16 14:42:48,384 - semo.validator - INFO - Tag Exists 'tag2': True
2026-04-16 14:42:48,384 - semo.validator - INFO - Approval for list for tag operation for tag (tag2): True
2026-04-16 14:42:48,384 - semo.backend - INFO - Approved - List files for tag direct operation (tag2) : True
2026-04-16 14:42:48,385 - semo.validator - INFO - Tag Exists 'tag2': True
2026-04-16 14:42:48,385 - semo.validator - INFO - Approval for list for tag operation for tag (tag2): True
2026-04-16 14:42:48,385 - semo.backend - INFO - Approved - List files for tag direct operation (tag2) : True
2026-04-16 14:42:48,386 - semo.validator - INFO - Tag Exists 'tag2': True
2026-04-16 14:42:48,386 - semo.validator - INFO - Approval for list for tag operation for tag (tag2): True
2026-04-16 14:42:48,386 - semo.backend - INFO - Approved - List direct subtags operation (tag2) : True
2026-04-16 14:42:48,387 - semo.validator - INFO - Tag Exists 'tag2': True
2026-04-16 14:42:48,387 - semo.validator - INFO - Approval for list for tag operation for tag (tag2): True
2026-04-16 14:42:48,387 - semo.backend - INFO - Approved - List files for tag direct operation (tag2) : True
2026-04-16 14:42:48,389 - semo.validator - INFO - Tag Exists 'tag2': True
2026-04-16 14:42:48,389 - semo.validator - INFO - Approval for list for tag operation for tag (tag2): True
2026-04-16 14:42:48,389 - semo.backend - INFO - Approved - List files for tag direct operation (tag2) : True
2026-04-16 14:42:48,390 - semo.validator - INFO - Tag Exists 'tag2': True
2026-04-16 14:42:48,391 - semo.validator - INFO - Approval for list for tag operation for tag (tag2): True
2026-04-16 14:42:48,391 - semo.backend - INFO - Approved - List files for tag direct operation (tag2) : True
2026-04-16 14:42:53,458 - semo.validator - INFO - Tag Exists 'tag1': True
2026-04-16 14:42:53,458 - semo.validator - INFO - Approval for list for tag operation for tag (tag1): True
2026-04-16 14:42:53,458 - semo.backend - INFO - Approved - List files for tag direct operation (tag1) : True
2026-04-16 14:42:53,459 - semo.validator - INFO - Tag Exists 'tag1': True
2026-04-16 14:42:53,459 - semo.validator - INFO - Approval for list for tag operation for tag (tag1): True
2026-04-16 14:42:53,459 - semo.backend - INFO - Approved - List files for tag direct operation (tag1) : True
2026-04-16 14:42:53,460 - semo.validator - INFO - Tag Exists 'tag1': True
2026-04-16 14:42:53,460 - semo.validator - INFO - Approval for list for tag operation for tag (tag1): True
2026-04-16 14:42:53,460 - semo.backend - INFO - Approved - List direct subtags operation (tag1) : True
2026-04-16 14:42:53,461 - semo.validator - INFO - Tag Exists 'tag1': True
2026-04-16 14:42:53,461 - semo.validator - INFO - Approval for list for tag operation for tag (tag1): True
2026-04-16 14:42:53,461 - semo.backend - INFO - Approved - List files for tag direct operation (tag1) : True
2026-04-16 14:42:53,462 - semo.validator - INFO - Tag Exists 'tag1': True
2026-04-16 14:42:53,462 - semo.validator - INFO - Approval for list for tag operation for tag (tag1): True
2026-04-16 14:42:53,462 - semo.backend - INFO - Approved - List files for tag direct operation (tag1) : True
2026-04-16 14:42:53,464 - semo.validator - INFO - Tag Exists 'tag3': True
2026-04-16 14:42:53,464 - semo.validator - INFO - Approval for list for tag operation for tag (tag3): True
2026-04-16 14:42:53,464 - semo.backend - INFO - Approved - List files for tag direct operation (tag3) : True
2026-04-16 14:42:53,467 - semo.validator - INFO - Tag Exists 'tag3': True
2026-04-16 14:42:53,467 - semo.validator - INFO - Approval for list for tag operation for tag (tag3): True
2026-04-16 14:42:53,467 - semo.backend - INFO - Approved - List files for tag direct operation (tag3) : True
2026-04-16 14:42:53,467 - semo.validator - INFO - Tag Exists 'tag3': True
2026-04-16 14:42:53,468 - semo.validator - INFO - Approval for list for tag operation for tag (tag3): True
2026-04-16 14:42:53,468 - semo.backend - INFO - Approved - List direct subtags operation (tag3) : True
2026-04-16 14:42:53,468 - semo.validator - INFO - Tag Exists 'tag3': True
2026-04-16 14:42:53,468 - semo.validator - INFO - Approval for list for tag operation for tag (tag3): True
2026-04-16 14:42:53,468 - semo.backend - INFO - Approved - List files for tag direct operation (tag3) : True
2026-04-16 14:42:53,470 - semo.validator - INFO - Tag Exists 'tag3': True
2026-04-16 14:42:53,470 - semo.validator - INFO - Approval for list for tag operation for tag (tag3): True
2026-04-16 14:42:53,470 - semo.backend - INFO - Approved - List files for tag direct operation (tag3) : True
2026-04-16 14:42:53,472 - semo.validator - INFO - Tag Exists 'tag3': True
2026-04-16 14:42:53,472 - semo.validator - INFO - Approval for list for tag operation for tag (tag3): True
2026-04-16 14:42:53,472 - semo.backend - INFO - Approved - List files for tag direct operation (tag3) : True
2026-04-16 14:42:53,473 - semo.validator - INFO - Tag Exists 'tag1': True
2026-04-16 14:42:53,473 - semo.validator - INFO - Approval for list for tag operation for tag (tag1): True
2026-04-16 14:42:53,473 - semo.backend - INFO - Approved - List files for tag direct operation (tag1) : True
2026-04-16 14:42:53,475 - semo.validator - INFO - Tag Exists 'tag2': True
2026-04-16 14:42:53,475 - semo.validator - INFO - Approval for list for tag operation for tag (tag2): True
2026-04-16 14:42:53,475 - semo.backend - INFO - Approved - List files for tag direct operation (tag2) : True
2026-04-16 14:42:53,476 - semo.validator - INFO - Tag Exists 'tag2': True
2026-04-16 14:42:53,476 - semo.validator - INFO - Approval for list for tag operation for tag (tag2): True
2026-04-16 14:42:53,476 - semo.backend - INFO - Approved - List files for tag direct operation (tag2) : True
2026-04-16 14:42:53,477 - semo.validator - INFO - Tag Exists 'tag2': True
2026-04-16 14:42:53,477 - semo.validator - INFO - Approval for list for tag operation for tag (tag2): True
2026-04-16 14:42:53,477 - semo.backend - INFO - Approved - List direct subtags operation (tag2) : True
2026-04-16 14:42:53,477 - semo.validator - INFO - Tag Exists 'tag2': True
2026-04-16 14:42:53,477 - semo.validator - INFO - Approval for list for tag operation for tag (tag2): True
2026-04-16 14:42:53,477 - semo.backend - INFO - Approved - List files for tag direct operation (tag2) : True
2026-04-16 14:42:53,478 - semo.validator - INFO - Tag Exists 'tag2': True
2026-04-16 14:42:53,478 - semo.validator - INFO - Approval for list for tag operation for tag (tag2): True
2026-04-16 14:42:53,478 - semo.backend - INFO - Approved - List files for tag direct operation (tag2) : True
2026-04-16 14:42:53,481 - semo.validator - INFO - Tag Exists 'tag2': True
2026-04-16 14:42:53,481 - semo.validator - INFO - Approval for list for tag operation for tag (tag2): True
2026-04-16 14:42:53,481 - semo.backend - INFO - Approved - List files for tag direct operation (tag2) : True
2026-04-16 14:42:58,533 - semo.validator - INFO - Tag Exists 'tag1': True
2026-04-16 14:42:58,533 - semo.validator - INFO - Approval for list for tag operation for tag (tag1): True
2026-04-16 14:42:58,533 - semo.backend - INFO - Approved - List files for tag direct operation (tag1) : True
2026-04-16 14:42:58,535 - semo.validator - INFO - Tag Exists 'tag1': True
2026-04-16 14:42:58,535 - semo.validator - INFO - Approval for list for tag operation for tag (tag1): True
2026-04-16 14:42:58,535 - semo.backend - INFO - Approved - List files for tag direct operation (tag1) : True
2026-04-16 14:42:58,537 - semo.validator - INFO - Tag Exists 'tag1': True
2026-04-16 14:42:58,538 - semo.validator - INFO - Approval for list for tag operation for tag (tag1): True
2026-04-16 14:42:58,538 - semo.backend - INFO - Approved - List direct subtags operation (tag1) : True
2026-04-16 14:42:58,539 - semo.validator - INFO - Tag Exists 'tag1': True
2026-04-16 14:42:58,539 - semo.validator - INFO - Approval for list for tag operation for tag (tag1): True
2026-04-16 14:42:58,539 - semo.backend - INFO - Approved - List files for tag direct operation (tag1) : True
2026-04-16 14:42:58,542 - semo.validator - INFO - Tag Exists 'tag1': True
2026-04-16 14:42:58,542 - semo.validator - INFO - Approval for list for tag operation for tag (tag1): True
2026-04-16 14:42:58,542 - semo.backend - INFO - Approved - List files for tag direct operation (tag1) : True
2026-04-16 14:42:58,543 - semo.validator - INFO - Tag Exists 'tag3': True
2026-04-16 14:42:58,543 - semo.validator - INFO - Approval for list for tag operation for tag (tag3): True
2026-04-16 14:42:58,543 - semo.backend - INFO - Approved - List files for tag direct operation (tag3) : True
2026-04-16 14:42:58,544 - semo.validator - INFO - Tag Exists 'tag3': True
2026-04-16 14:42:58,544 - semo.validator - INFO - Approval for list for tag operation for tag (tag3): True
2026-04-16 14:42:58,544 - semo.backend - INFO - Approved - List files for tag direct operation (tag3) : True
2026-04-16 14:42:58,545 - semo.validator - INFO - Tag Exists 'tag3': True
2026-04-16 14:42:58,545 - semo.validator - INFO - Approval for list for tag operation for tag (tag3): True
2026-04-16 14:42:58,545 - semo.backend - INFO - Approved - List direct subtags operation (tag3) : True
2026-04-16 14:42:58,547 - semo.validator - INFO - Tag Exists 'tag3': True
2026-04-16 14:42:58,547 - semo.validator - INFO - Approval for list for tag operation for tag (tag3): True
2026-04-16 14:42:58,547 - semo.backend - INFO - Approved - List files for tag direct operation (tag3) : True
2026-04-16 14:42:58,548 - semo.validator - INFO - Tag Exists 'tag3': True
2026-04-16 14:42:58,548 - semo.validator - INFO - Approval for list for tag operation for tag (tag3): True
2026-04-16 14:42:58,548 - semo.backend - INFO - Approved - List files for tag direct operation (tag3) : True
2026-04-16 14:42:58,549 - semo.validator - INFO - Tag Exists 'tag3': True
2026-04-16 14:42:58,549 - semo.validator - INFO - Approval for list for tag operation for tag (tag3): True
2026-04-16 14:42:58,549 - semo.backend - INFO - Approved - List files for tag direct operation (tag3) : True
2026-04-16 14:42:58,550 - semo.validator - INFO - Tag Exists 'tag1': True
2026-04-16 14:42:58,550 - semo.validator - INFO - Approval for list for tag operation for tag (tag1): True
2026-04-16 14:42:58,550 - semo.backend - INFO - Approved - List files for tag direct operation (tag1) : True
2026-04-16 14:42:58,551 - semo.validator - INFO - Tag Exists 'tag2': True
2026-04-16 14:42:58,551 - semo.validator - INFO - Approval for list for tag operation for tag (tag2): True
2026-04-16 14:42:58,551 - semo.backend - INFO - Approved - List files for tag direct operation (tag2) : True
2026-04-16 14:42:58,552 - semo.validator - INFO - Tag Exists 'tag2': True
2026-04-16 14:42:58,552 - semo.validator - INFO - Approval for list for tag operation for tag (tag2): True
2026-04-16 14:42:58,552 - semo.backend - INFO - Approved - List files for tag direct operation (tag2) : True
2026-04-16 14:42:58,553 - semo.validator - INFO - Tag Exists 'tag2': True
2026-04-16 14:42:58,553 - semo.validator - INFO - Approval for list for tag operation for tag (tag2): True
2026-04-16 14:42:58,553 - semo.backend - INFO - Approved - List direct subtags operation (tag2) : True
2026-04-16 14:42:58,553 - semo.validator - INFO - Tag Exists 'tag2': True
2026-04-16 14:42:58,553 - semo.validator - INFO - Approval for list for tag operation for tag (tag2): True
2026-04-16 14:42:58,553 - semo.backend - INFO - Approved - List files for tag direct operation (tag2) : True
2026-04-16 14:42:58,554 - semo.validator - INFO - Tag Exists 'tag2': True
2026-04-16 14:42:58,554 - semo.validator - INFO - Approval for list for tag operation for tag (tag2): True
2026-04-16 14:42:58,554 - semo.backend - INFO - Approved - List files for tag direct operation (tag2) : True
2026-04-16 14:42:58,555 - semo.validator - INFO - Tag Exists 'tag2': True
2026-04-16 14:42:58,555 - semo.validator - INFO - Approval for list for tag operation for tag (tag2): True
2026-04-16 14:42:58,555 - semo.backend - INFO - Approved - List files for tag direct operation (tag2) : True
2026-04-16 14:43:01,930 - semo.validator - INFO - Tag Exists 'tag1': True
2026-04-16 14:43:01,930 - semo.validator - INFO - File Exists (3874604374702157863, 36209946): False
2026-04-16 14:43:01,930 - semo.validator - INFO - File (3874604374702157863, 36209946) not in database. Creating file record.
2026-04-16 14:43:01,957 - semo.validator - INFO - File (3874604374702157863, 36209946) has tag 'tag1': False
2026-04-16 14:43:01,957 - semo.validator - INFO - Approval for tag operation for file (3874604374702157863, 36209946) and tag 'tag1': True
2026-04-16 14:43:01,969 - semo.backend - INFO - Tagged file (/home/mercury/Documents/Motherboard/Semester/BC_THESIS/semo_root/test_file) with tag 'tag1'
2026-04-16 14:43:03,614 - semo.validator - INFO - Tag Exists 'tag1': True
2026-04-16 14:43:03,614 - semo.validator - INFO - Approval for list for tag operation for tag (tag1): True
2026-04-16 14:43:03,614 - semo.backend - INFO - Approved - List files for tag direct operation (tag1) : True
2026-04-16 14:43:03,615 - semo.validator - INFO - Tag Exists 'tag1': True
2026-04-16 14:43:03,615 - semo.validator - INFO - Approval for list for tag operation for tag (tag1): True
2026-04-16 14:43:03,615 - semo.backend - INFO - Approved - List files for tag direct operation (tag1) : True
2026-04-16 14:43:03,616 - semo.validator - INFO - Tag Exists 'tag1': True
2026-04-16 14:43:03,616 - semo.validator - INFO - Approval for list for tag operation for tag (tag1): True
2026-04-16 14:43:03,616 - semo.backend - INFO - Approved - List direct subtags operation (tag1) : True
2026-04-16 14:43:03,617 - semo.validator - INFO - Tag Exists 'tag1': True
2026-04-16 14:43:03,617 - semo.validator - INFO - Approval for list for tag operation for tag (tag1): True
2026-04-16 14:43:03,617 - semo.backend - INFO - Approved - List files for tag direct operation (tag1) : True
2026-04-16 14:43:03,618 - semo.validator - INFO - Tag Exists 'tag1': True
2026-04-16 14:43:03,618 - semo.validator - INFO - Approval for list for tag operation for tag (tag1): True
2026-04-16 14:43:03,618 - semo.backend - INFO - Approved - List files for tag direct operation (tag1) : True
2026-04-16 14:43:03,619 - semo.validator - INFO - Tag Exists 'tag3': True
2026-04-16 14:43:03,619 - semo.validator - INFO - Approval for list for tag operation for tag (tag3): True
2026-04-16 14:43:03,619 - semo.backend - INFO - Approved - List files for tag direct operation (tag3) : True
2026-04-16 14:43:03,620 - semo.validator - INFO - Tag Exists 'tag3': True
2026-04-16 14:43:03,620 - semo.validator - INFO - Approval for list for tag operation for tag (tag3): True
2026-04-16 14:43:03,621 - semo.backend - INFO - Approved - List files for tag direct operation (tag3) : True
2026-04-16 14:43:03,621 - semo.validator - INFO - Tag Exists 'tag3': True
2026-04-16 14:43:03,621 - semo.validator - INFO - Approval for list for tag operation for tag (tag3): True
2026-04-16 14:43:03,621 - semo.backend - INFO - Approved - List direct subtags operation (tag3) : True
2026-04-16 14:43:03,622 - semo.validator - INFO - Tag Exists 'tag3': True
2026-04-16 14:43:03,622 - semo.validator - INFO - Approval for list for tag operation for tag (tag3): True
2026-04-16 14:43:03,622 - semo.backend - INFO - Approved - List files for tag direct operation (tag3) : True
2026-04-16 14:43:03,624 - semo.validator - INFO - Tag Exists 'tag3': True
2026-04-16 14:43:03,624 - semo.validator - INFO - Approval for list for tag operation for tag (tag3): True
2026-04-16 14:43:03,624 - semo.backend - INFO - Approved - List files for tag direct operation (tag3) : True
2026-04-16 14:43:03,625 - semo.validator - INFO - Tag Exists 'tag3': True
2026-04-16 14:43:03,625 - semo.validator - INFO - Approval for list for tag operation for tag (tag3): True
2026-04-16 14:43:03,625 - semo.backend - INFO - Approved - List files for tag direct operation (tag3) : True
2026-04-16 14:43:03,626 - semo.validator - INFO - Tag Exists 'tag1': True
2026-04-16 14:43:03,626 - semo.validator - INFO - Approval for list for tag operation for tag (tag1): True
2026-04-16 14:43:03,626 - semo.backend - INFO - Approved - List files for tag direct operation (tag1) : True
2026-04-16 14:43:03,628 - semo.validator - INFO - Tag Exists 'tag2': True
2026-04-16 14:43:03,628 - semo.validator - INFO - Approval for list for tag operation for tag (tag2): True
2026-04-16 14:43:03,628 - semo.backend - INFO - Approved - List files for tag direct operation (tag2) : True
2026-04-16 14:43:03,629 - semo.validator - INFO - Tag Exists 'tag2': True
2026-04-16 14:43:03,629 - semo.validator - INFO - Approval for list for tag operation for tag (tag2): True
2026-04-16 14:43:03,629 - semo.backend - INFO - Approved - List files for tag direct operation (tag2) : True
2026-04-16 14:43:03,629 - semo.validator - INFO - Tag Exists 'tag2': True
2026-04-16 14:43:03,629 - semo.validator - INFO - Approval for list for tag operation for tag (tag2): True
2026-04-16 14:43:03,629 - semo.backend - INFO - Approved - List direct subtags operation (tag2) : True
2026-04-16 14:43:03,630 - semo.validator - INFO - Tag Exists 'tag2': True
2026-04-16 14:43:03,630 - semo.validator - INFO - Approval for list for tag operation for tag (tag2): True
2026-04-16 14:43:03,630 - semo.backend - INFO - Approved - List files for tag direct operation (tag2) : True
2026-04-16 14:43:03,631 - semo.validator - INFO - Tag Exists 'tag2': True
2026-04-16 14:43:03,631 - semo.validator - INFO - Approval for list for tag operation for tag (tag2): True
2026-04-16 14:43:03,631 - semo.backend - INFO - Approved - List files for tag direct operation (tag2) : True
2026-04-16 14:43:03,632 - semo.validator - INFO - Tag Exists 'tag2': True
2026-04-16 14:43:03,632 - semo.validator - INFO - Approval for list for tag operation for tag (tag2): True
2026-04-16 14:43:03,632 - semo.backend - INFO - Approved - List files for tag direct operation (tag2) : True
2026-04-16 14:43:08,669 - semo.validator - INFO - Tag Exists 'tag1': True
2026-04-16 14:43:08,669 - semo.validator - INFO - Approval for list for tag operation for tag (tag1): True
2026-04-16 14:43:08,669 - semo.backend - INFO - Approved - List files for tag direct operation (tag1) : True
2026-04-16 14:43:08,670 - semo.validator - INFO - Tag Exists 'tag1': True
2026-04-16 14:43:08,670 - semo.validator - INFO - Approval for list for tag operation for tag (tag1): True
2026-04-16 14:43:08,670 - semo.backend - INFO - Approved - List files for tag direct operation (tag1) : True
2026-04-16 14:43:08,671 - semo.validator - INFO - Tag Exists 'tag1': True
2026-04-16 14:43:08,671 - semo.validator - INFO - Approval for list for tag operation for tag (tag1): True
2026-04-16 14:43:08,671 - semo.backend - INFO - Approved - List direct subtags operation (tag1) : True
2026-04-16 14:43:08,671 - semo.validator - INFO - Tag Exists 'tag1': True
2026-04-16 14:43:08,671 - semo.validator - INFO - Approval for list for tag operation for tag (tag1): True
2026-04-16 14:43:08,671 - semo.backend - INFO - Approved - List files for tag direct operation (tag1) : True
2026-04-16 14:43:08,673 - semo.validator - INFO - Tag Exists 'tag1': True
2026-04-16 14:43:08,673 - semo.validator - INFO - Approval for list for tag operation for tag (tag1): True
2026-04-16 14:43:08,673 - semo.backend - INFO - Approved - List files for tag direct operation (tag1) : True
2026-04-16 14:43:08,674 - semo.validator - INFO - Tag Exists 'tag3': True
2026-04-16 14:43:08,674 - semo.validator - INFO - Approval for list for tag operation for tag (tag3): True
2026-04-16 14:43:08,674 - semo.backend - INFO - Approved - List files for tag direct operation (tag3) : True
2026-04-16 14:43:08,675 - semo.validator - INFO - Tag Exists 'tag3': True
2026-04-16 14:43:08,675 - semo.validator - INFO - Approval for list for tag operation for tag (tag3): True
2026-04-16 14:43:08,675 - semo.backend - INFO - Approved - List files for tag direct operation (tag3) : True
2026-04-16 14:43:08,675 - semo.validator - INFO - Tag Exists 'tag3': True
2026-04-16 14:43:08,675 - semo.validator - INFO - Approval for list for tag operation for tag (tag3): True
2026-04-16 14:43:08,675 - semo.backend - INFO - Approved - List direct subtags operation (tag3) : True
2026-04-16 14:43:08,676 - semo.validator - INFO - Tag Exists 'tag3': True
2026-04-16 14:43:08,676 - semo.validator - INFO - Approval for list for tag operation for tag (tag3): True
2026-04-16 14:43:08,676 - semo.backend - INFO - Approved - List files for tag direct operation (tag3) : True
2026-04-16 14:43:08,677 - semo.validator - INFO - Tag Exists 'tag3': True
2026-04-16 14:43:08,677 - semo.validator - INFO - Approval for list for tag operation for tag (tag3): True
2026-04-16 14:43:08,677 - semo.backend - INFO - Approved - List files for tag direct operation (tag3) : True
2026-04-16 14:43:08,677 - semo.validator - INFO - Tag Exists 'tag3': True
2026-04-16 14:43:08,678 - semo.validator - INFO - Approval for list for tag operation for tag (tag3): True
2026-04-16 14:43:08,678 - semo.backend - INFO - Approved - List files for tag direct operation (tag3) : True
2026-04-16 14:43:08,679 - semo.validator - INFO - Tag Exists 'tag1': True
2026-04-16 14:43:08,679 - semo.validator - INFO - Approval for list for tag operation for tag (tag1): True
2026-04-16 14:43:08,679 - semo.backend - INFO - Approved - List files for tag direct operation (tag1) : True
2026-04-16 14:43:08,681 - semo.validator - INFO - Tag Exists 'tag2': True
2026-04-16 14:43:08,681 - semo.validator - INFO - Approval for list for tag operation for tag (tag2): True
2026-04-16 14:43:08,681 - semo.backend - INFO - Approved - List files for tag direct operation (tag2) : True
2026-04-16 14:43:08,682 - semo.validator - INFO - Tag Exists 'tag2': True
2026-04-16 14:43:08,682 - semo.validator - INFO - Approval for list for tag operation for tag (tag2): True
2026-04-16 14:43:08,682 - semo.backend - INFO - Approved - List files for tag direct operation (tag2) : True
2026-04-16 14:43:08,683 - semo.validator - INFO - Tag Exists 'tag2': True
2026-04-16 14:43:08,683 - semo.validator - INFO - Approval for list for tag operation for tag (tag2): True
2026-04-16 14:43:08,683 - semo.backend - INFO - Approved - List direct subtags operation (tag2) : True
2026-04-16 14:43:08,683 - semo.validator - INFO - Tag Exists 'tag2': True
2026-04-16 14:43:08,683 - semo.validator - INFO - Approval for list for tag operation for tag (tag2): True
2026-04-16 14:43:08,683 - semo.backend - INFO - Approved - List files for tag direct operation (tag2) : True
2026-04-16 14:43:08,684 - semo.validator - INFO - Tag Exists 'tag2': True
2026-04-16 14:43:08,684 - semo.validator - INFO - Approval for list for tag operation for tag (tag2): True
2026-04-16 14:43:08,684 - semo.backend - INFO - Approved - List files for tag direct operation (tag2) : True
2026-04-16 14:43:08,686 - semo.validator - INFO - Tag Exists 'tag2': True
2026-04-16 14:43:08,686 - semo.validator - INFO - Approval for list for tag operation for tag (tag2): True
2026-04-16 14:43:08,686 - semo.backend - INFO - Approved - List files for tag direct operation (tag2) : True
2026-04-16 14:43:13,742 - semo.validator - INFO - Tag Exists 'tag1': True
2026-04-16 14:43:13,742 - semo.validator - INFO - Approval for list for tag operation for tag (tag1): True
2026-04-16 14:43:13,742 - semo.backend - INFO - Approved - List files for tag direct operation (tag1) : True
2026-04-16 14:43:13,746 - semo.validator - INFO - Tag Exists 'tag1': True
2026-04-16 14:43:13,746 - semo.validator - INFO - Approval for list for tag operation for tag (tag1): True
2026-04-16 14:43:13,746 - semo.backend - INFO - Approved - List files for tag direct operation (tag1) : True
2026-04-16 14:43:13,747 - semo.validator - INFO - Tag Exists 'tag1': True
2026-04-16 14:43:13,748 - semo.validator - INFO - Approval for list for tag operation for tag (tag1): True
2026-04-16 14:43:13,748 - semo.backend - INFO - Approved - List direct subtags operation (tag1) : True
2026-04-16 14:43:13,749 - semo.validator - INFO - Tag Exists 'tag1': True
2026-04-16 14:43:13,749 - semo.validator - INFO - Approval for list for tag operation for tag (tag1): True
2026-04-16 14:43:13,749 - semo.backend - INFO - Approved - List files for tag direct operation (tag1) : True
2026-04-16 14:43:13,750 - semo.validator - INFO - Tag Exists 'tag1': True
2026-04-16 14:43:13,750 - semo.validator - INFO - Approval for list for tag operation for tag (tag1): True
2026-04-16 14:43:13,750 - semo.backend - INFO - Approved - List files for tag direct operation (tag1) : True
2026-04-16 14:43:13,752 - semo.validator - INFO - Tag Exists 'tag3': True
2026-04-16 14:43:13,752 - semo.validator - INFO - Approval for list for tag operation for tag (tag3): True
2026-04-16 14:43:13,752 - semo.backend - INFO - Approved - List files for tag direct operation (tag3) : True
2026-04-16 14:43:13,752 - semo.validator - INFO - Tag Exists 'tag3': True
2026-04-16 14:43:13,753 - semo.validator - INFO - Approval for list for tag operation for tag (tag3): True
2026-04-16 14:43:13,753 - semo.backend - INFO - Approved - List files for tag direct operation (tag3) : True
2026-04-16 14:43:13,753 - semo.validator - INFO - Tag Exists 'tag3': True
2026-04-16 14:43:13,753 - semo.validator - INFO - Approval for list for tag operation for tag (tag3): True
2026-04-16 14:43:13,753 - semo.backend - INFO - Approved - List direct subtags operation (tag3) : True
2026-04-16 14:43:13,754 - semo.validator - INFO - Tag Exists 'tag3': True
2026-04-16 14:43:13,754 - semo.validator - INFO - Approval for list for tag operation for tag (tag3): True
2026-04-16 14:43:13,754 - semo.backend - INFO - Approved - List files for tag direct operation (tag3) : True
2026-04-16 14:43:13,755 - semo.validator - INFO - Tag Exists 'tag3': True
2026-04-16 14:43:13,755 - semo.validator - INFO - Approval for list for tag operation for tag (tag3): True
2026-04-16 14:43:13,755 - semo.backend - INFO - Approved - List files for tag direct operation (tag3) : True
2026-04-16 14:43:13,756 - semo.validator - INFO - Tag Exists 'tag3': True
2026-04-16 14:43:13,756 - semo.validator - INFO - Approval for list for tag operation for tag (tag3): True
2026-04-16 14:43:13,756 - semo.backend - INFO - Approved - List files for tag direct operation (tag3) : True
2026-04-16 14:43:13,757 - semo.validator - INFO - Tag Exists 'tag1': True
2026-04-16 14:43:13,757 - semo.validator - INFO - Approval for list for tag operation for tag (tag1): True
2026-04-16 14:43:13,757 - semo.backend - INFO - Approved - List files for tag direct operation (tag1) : True
2026-04-16 14:43:13,760 - semo.validator - INFO - Tag Exists 'tag2': True
2026-04-16 14:43:13,760 - semo.validator - INFO - Approval for list for tag operation for tag (tag2): True
2026-04-16 14:43:13,760 - semo.backend - INFO - Approved - List files for tag direct operation (tag2) : True
2026-04-16 14:43:13,761 - semo.validator - INFO - Tag Exists 'tag2': True
2026-04-16 14:43:13,762 - semo.validator - INFO - Approval for list for tag operation for tag (tag2): True
2026-04-16 14:43:13,762 - semo.backend - INFO - Approved - List files for tag direct operation (tag2) : True
2026-04-16 14:43:13,762 - semo.validator - INFO - Tag Exists 'tag2': True
2026-04-16 14:43:13,762 - semo.validator - INFO - Approval for list for tag operation for tag (tag2): True
2026-04-16 14:43:13,762 - semo.backend - INFO - Approved - List direct subtags operation (tag2) : True
2026-04-16 14:43:13,763 - semo.validator - INFO - Tag Exists 'tag2': True
2026-04-16 14:43:13,763 - semo.validator - INFO - Approval for list for tag operation for tag (tag2): True
2026-04-16 14:43:13,763 - semo.backend - INFO - Approved - List files for tag direct operation (tag2) : True
2026-04-16 14:43:13,764 - semo.validator - INFO - Tag Exists 'tag2': True
2026-04-16 14:43:13,764 - semo.validator - INFO - Approval for list for tag operation for tag (tag2): True
2026-04-16 14:43:13,764 - semo.backend - INFO - Approved - List files for tag direct operation (tag2) : True
2026-04-16 14:43:13,765 - semo.validator - INFO - Tag Exists 'tag2': True
2026-04-16 14:43:13,765 - semo.validator - INFO - Approval for list for tag operation for tag (tag2): True
2026-04-16 14:43:13,765 - semo.backend - INFO - Approved - List files for tag direct operation (tag2) : True
2026-04-16 14:43:15,807 - semo.validator - INFO - Tag Exists 'tag1': True
2026-04-16 14:43:15,807 - semo.validator - INFO - Approval for list for tag operation for tag (tag1): True
2026-04-16 14:43:15,808 - semo.backend - INFO - Approved - List direct subtags operation (tag1) : True
2026-04-16 14:43:15,810 - semo.validator - INFO - Tag Exists 'tag1': True
2026-04-16 14:43:15,810 - semo.validator - INFO - Approval for list for tag operation for tag (tag1): True
2026-04-16 14:43:15,811 - semo.backend - INFO - Approved - List files for tag direct operation (tag1) : True
2026-04-16 14:43:15,813 - semo.validator - INFO - Tag Exists 'tag1': True
2026-04-16 14:43:15,813 - semo.validator - INFO - Approval for list for tag operation for tag (tag1): True
2026-04-16 14:43:15,813 - semo.backend - INFO - Approved - List files for tag direct operation (tag1) : True
2026-04-16 14:43:15,814 - semo.validator - INFO - Tag Exists 'tag1': True
2026-04-16 14:43:15,814 - semo.validator - INFO - Approval for list for tag operation for tag (tag1): True
2026-04-16 14:43:15,814 - semo.backend - INFO - Approved - List files for tag direct operation (tag1) : True
2026-04-16 14:43:15,815 - semo.validator - INFO - Tag Exists 'tag1': True
2026-04-16 14:43:15,815 - semo.validator - INFO - Approval for list for tag operation for tag (tag1): True
2026-04-16 14:43:15,815 - semo.backend - INFO - Approved - List files for tag direct operation (tag1) : True
2026-04-16 14:43:15,818 - semo.validator - INFO - Tag Exists 'tag1': True
2026-04-16 14:43:15,818 - semo.validator - INFO - Approval for list for tag operation for tag (tag1): True
2026-04-16 14:43:15,818 - semo.backend - INFO - Approved - List files for tag direct operation (tag1) : True
2026-04-16 14:43:15,819 - semo.validator - INFO - Tag Exists 'tag1': True
2026-04-16 14:43:15,819 - semo.validator - INFO - Approval for list for tag operation for tag (tag1): True
2026-04-16 14:43:15,819 - semo.backend - INFO - Approved - List files for tag direct operation (tag1) : True
2026-04-16 14:43:18,819 - semo.validator - INFO - Tag Exists 'tag1': True
2026-04-16 14:43:18,819 - semo.validator - INFO - Approval for list for tag operation for tag (tag1): True
2026-04-16 14:43:18,819 - semo.backend - INFO - Approved - List files for tag direct operation (tag1) : True
2026-04-16 14:43:18,821 - semo.validator - INFO - Tag Exists 'tag1': True
2026-04-16 14:43:18,821 - semo.validator - INFO - Approval for list for tag operation for tag (tag1): True
2026-04-16 14:43:18,821 - semo.backend - INFO - Approved - List files for tag direct operation (tag1) : True
2026-04-16 14:43:18,822 - semo.validator - INFO - Tag Exists 'tag1': True
2026-04-16 14:43:18,822 - semo.validator - INFO - Approval for list for tag operation for tag (tag1): True
2026-04-16 14:43:18,822 - semo.backend - INFO - Approved - List direct subtags operation (tag1) : True
2026-04-16 14:43:18,822 - semo.validator - INFO - Tag Exists 'tag1': True
2026-04-16 14:43:18,822 - semo.validator - INFO - Approval for list for tag operation for tag (tag1): True
2026-04-16 14:43:18,822 - semo.backend - INFO - Approved - List files for tag direct operation (tag1) : True
2026-04-16 14:43:18,825 - semo.validator - INFO - Tag Exists 'tag1': True
2026-04-16 14:43:18,825 - semo.validator - INFO - Approval for list for tag operation for tag (tag1): True
2026-04-16 14:43:18,825 - semo.backend - INFO - Approved - List files for tag direct operation (tag1) : True
2026-04-16 14:43:18,826 - semo.validator - INFO - Tag Exists 'tag3': True
2026-04-16 14:43:18,826 - semo.validator - INFO - Approval for list for tag operation for tag (tag3): True
2026-04-16 14:43:18,826 - semo.backend - INFO - Approved - List files for tag direct operation (tag3) : True
2026-04-16 14:43:18,829 - semo.validator - INFO - Tag Exists 'tag3': True
2026-04-16 14:43:18,829 - semo.validator - INFO - Approval for list for tag operation for tag (tag3): True
2026-04-16 14:43:18,829 - semo.backend - INFO - Approved - List files for tag direct operation (tag3) : True
2026-04-16 14:43:18,831 - semo.validator - INFO - Tag Exists 'tag3': True
2026-04-16 14:43:18,831 - semo.validator - INFO - Approval for list for tag operation for tag (tag3): True
2026-04-16 14:43:18,831 - semo.backend - INFO - Approved - List direct subtags operation (tag3) : True
2026-04-16 14:43:18,832 - semo.validator - INFO - Tag Exists 'tag3': True
2026-04-16 14:43:18,832 - semo.validator - INFO - Approval for list for tag operation for tag (tag3): True
2026-04-16 14:43:18,832 - semo.backend - INFO - Approved - List files for tag direct operation (tag3) : True
2026-04-16 14:43:18,833 - semo.validator - INFO - Tag Exists 'tag3': True
2026-04-16 14:43:18,833 - semo.validator - INFO - Approval for list for tag operation for tag (tag3): True
2026-04-16 14:43:18,833 - semo.backend - INFO - Approved - List files for tag direct operation (tag3) : True
2026-04-16 14:43:18,834 - semo.validator - INFO - Tag Exists 'tag3': True
2026-04-16 14:43:18,834 - semo.validator - INFO - Approval for list for tag operation for tag (tag3): True
2026-04-16 14:43:18,834 - semo.backend - INFO - Approved - List files for tag direct operation (tag3) : True
2026-04-16 14:43:18,835 - semo.validator - INFO - Tag Exists 'tag1': True
2026-04-16 14:43:18,835 - semo.validator - INFO - Approval for list for tag operation for tag (tag1): True
2026-04-16 14:43:18,835 - semo.backend - INFO - Approved - List files for tag direct operation (tag1) : True
2026-04-16 14:43:18,837 - semo.validator - INFO - Tag Exists 'tag2': True
2026-04-16 14:43:18,837 - semo.validator - INFO - Approval for list for tag operation for tag (tag2): True
2026-04-16 14:43:18,837 - semo.backend - INFO - Approved - List files for tag direct operation (tag2) : True
2026-04-16 14:43:18,838 - semo.validator - INFO - Tag Exists 'tag2': True
2026-04-16 14:43:18,838 - semo.validator - INFO - Approval for list for tag operation for tag (tag2): True
2026-04-16 14:43:18,838 - semo.backend - INFO - Approved - List files for tag direct operation (tag2) : True
2026-04-16 14:43:18,838 - semo.validator - INFO - Tag Exists 'tag2': True
2026-04-16 14:43:18,838 - semo.validator - INFO - Approval for list for tag operation for tag (tag2): True
2026-04-16 14:43:18,838 - semo.backend - INFO - Approved - List direct subtags operation (tag2) : True
2026-04-16 14:43:18,839 - semo.validator - INFO - Tag Exists 'tag2': True
2026-04-16 14:43:18,839 - semo.validator - INFO - Approval for list for tag operation for tag (tag2): True
2026-04-16 14:43:18,839 - semo.backend - INFO - Approved - List files for tag direct operation (tag2) : True
2026-04-16 14:43:18,840 - semo.validator - INFO - Tag Exists 'tag2': True
2026-04-16 14:43:18,840 - semo.validator - INFO - Approval for list for tag operation for tag (tag2): True
2026-04-16 14:43:18,840 - semo.backend - INFO - Approved - List files for tag direct operation (tag2) : True
2026-04-16 14:43:18,841 - semo.validator - INFO - Tag Exists 'tag2': True
2026-04-16 14:43:18,841 - semo.validator - INFO - Approval for list for tag operation for tag (tag2): True
2026-04-16 14:43:18,841 - semo.backend - INFO - Approved - List files for tag direct operation (tag2) : True
2026-04-16 14:43:23,897 - semo.validator - INFO - Tag Exists 'tag1': True
2026-04-16 14:43:23,897 - semo.validator - INFO - Approval for list for tag operation for tag (tag1): True
2026-04-16 14:43:23,897 - semo.backend - INFO - Approved - List files for tag direct operation (tag1) : True
2026-04-16 14:43:23,898 - semo.validator - INFO - Tag Exists 'tag1': True
2026-04-16 14:43:23,898 - semo.validator - INFO - Approval for list for tag operation for tag (tag1): True
2026-04-16 14:43:23,898 - semo.backend - INFO - Approved - List files for tag direct operation (tag1) : True
2026-04-16 14:43:23,899 - semo.validator - INFO - Tag Exists 'tag1': True
2026-04-16 14:43:23,899 - semo.validator - INFO - Approval for list for tag operation for tag (tag1): True
2026-04-16 14:43:23,899 - semo.backend - INFO - Approved - List direct subtags operation (tag1) : True
2026-04-16 14:43:23,900 - semo.validator - INFO - Tag Exists 'tag1': True
2026-04-16 14:43:23,900 - semo.validator - INFO - Approval for list for tag operation for tag (tag1): True
2026-04-16 14:43:23,900 - semo.backend - INFO - Approved - List files for tag direct operation (tag1) : True
2026-04-16 14:43:23,901 - semo.validator - INFO - Tag Exists 'tag1': True
2026-04-16 14:43:23,901 - semo.validator - INFO - Approval for list for tag operation for tag (tag1): True
2026-04-16 14:43:23,901 - semo.backend - INFO - Approved - List files for tag direct operation (tag1) : True
2026-04-16 14:43:23,902 - semo.validator - INFO - Tag Exists 'tag3': True
2026-04-16 14:43:23,902 - semo.validator - INFO - Approval for list for tag operation for tag (tag3): True
2026-04-16 14:43:23,902 - semo.backend - INFO - Approved - List files for tag direct operation (tag3) : True
2026-04-16 14:43:23,903 - semo.validator - INFO - Tag Exists 'tag3': True
2026-04-16 14:43:23,903 - semo.validator - INFO - Approval for list for tag operation for tag (tag3): True
2026-04-16 14:43:23,903 - semo.backend - INFO - Approved - List files for tag direct operation (tag3) : True
2026-04-16 14:43:23,903 - semo.validator - INFO - Tag Exists 'tag3': True
2026-04-16 14:43:23,903 - semo.validator - INFO - Approval for list for tag operation for tag (tag3): True
2026-04-16 14:43:23,903 - semo.backend - INFO - Approved - List direct subtags operation (tag3) : True
2026-04-16 14:43:23,904 - semo.validator - INFO - Tag Exists 'tag3': True
2026-04-16 14:43:23,904 - semo.validator - INFO - Approval for list for tag operation for tag (tag3): True
2026-04-16 14:43:23,904 - semo.backend - INFO - Approved - List files for tag direct operation (tag3) : True
2026-04-16 14:43:23,907 - semo.validator - INFO - Tag Exists 'tag3': True
2026-04-16 14:43:23,907 - semo.validator - INFO - Approval for list for tag operation for tag (tag3): True
2026-04-16 14:43:23,907 - semo.backend - INFO - Approved - List files for tag direct operation (tag3) : True
2026-04-16 14:43:23,908 - semo.validator - INFO - Tag Exists 'tag3': True
2026-04-16 14:43:23,908 - semo.validator - INFO - Approval for list for tag operation for tag (tag3): True
2026-04-16 14:43:23,908 - semo.backend - INFO - Approved - List files for tag direct operation (tag3) : True
2026-04-16 14:43:23,909 - semo.validator - INFO - Tag Exists 'tag1': True
2026-04-16 14:43:23,909 - semo.validator - INFO - Approval for list for tag operation for tag (tag1): True
2026-04-16 14:43:23,909 - semo.backend - INFO - Approved - List files for tag direct operation (tag1) : True
2026-04-16 14:43:23,910 - semo.validator - INFO - Tag Exists 'tag2': True
2026-04-16 14:43:23,910 - semo.validator - INFO - Approval for list for tag operation for tag (tag2): True
2026-04-16 14:43:23,910 - semo.backend - INFO - Approved - List files for tag direct operation (tag2) : True
2026-04-16 14:43:23,911 - semo.validator - INFO - Tag Exists 'tag2': True
2026-04-16 14:43:23,911 - semo.validator - INFO - Approval for list for tag operation for tag (tag2): True
2026-04-16 14:43:23,911 - semo.backend - INFO - Approved - List files for tag direct operation (tag2) : True
2026-04-16 14:43:23,912 - semo.validator - INFO - Tag Exists 'tag2': True
2026-04-16 14:43:23,912 - semo.validator - INFO - Approval for list for tag operation for tag (tag2): True
2026-04-16 14:43:23,912 - semo.backend - INFO - Approved - List direct subtags operation (tag2) : True
2026-04-16 14:43:23,912 - semo.validator - INFO - Tag Exists 'tag2': True
2026-04-16 14:43:23,912 - semo.validator - INFO - Approval for list for tag operation for tag (tag2): True
2026-04-16 14:43:23,912 - semo.backend - INFO - Approved - List files for tag direct operation (tag2) : True
2026-04-16 14:43:23,913 - semo.validator - INFO - Tag Exists 'tag2': True
2026-04-16 14:43:23,913 - semo.validator - INFO - Approval for list for tag operation for tag (tag2): True
2026-04-16 14:43:23,913 - semo.backend - INFO - Approved - List files for tag direct operation (tag2) : True
2026-04-16 14:43:23,914 - semo.validator - INFO - Tag Exists 'tag2': True
2026-04-16 14:43:23,914 - semo.validator - INFO - Approval for list for tag operation for tag (tag2): True
2026-04-16 14:43:23,914 - semo.backend - INFO - Approved - List files for tag direct operation (tag2) : True
2026-04-16 14:43:28,969 - semo.validator - INFO - Tag Exists 'tag1': True
2026-04-16 14:43:28,970 - semo.validator - INFO - Approval for list for tag operation for tag (tag1): True
2026-04-16 14:43:28,970 - semo.backend - INFO - Approved - List files for tag direct operation (tag1) : True
2026-04-16 14:43:28,972 - semo.validator - INFO - Tag Exists 'tag1': True
2026-04-16 14:43:28,972 - semo.validator - INFO - Approval for list for tag operation for tag (tag1): True
2026-04-16 14:43:28,972 - semo.backend - INFO - Approved - List files for tag direct operation (tag1) : True
2026-04-16 14:43:28,973 - semo.validator - INFO - Tag Exists 'tag1': True
2026-04-16 14:43:28,973 - semo.validator - INFO - Approval for list for tag operation for tag (tag1): True
2026-04-16 14:43:28,973 - semo.backend - INFO - Approved - List direct subtags operation (tag1) : True
2026-04-16 14:43:28,974 - semo.validator - INFO - Tag Exists 'tag1': True
2026-04-16 14:43:28,974 - semo.validator - INFO - Approval for list for tag operation for tag (tag1): True
2026-04-16 14:43:28,974 - semo.backend - INFO - Approved - List files for tag direct operation (tag1) : True
2026-04-16 14:43:28,975 - semo.validator - INFO - Tag Exists 'tag1': True
2026-04-16 14:43:28,975 - semo.validator - INFO - Approval for list for tag operation for tag (tag1): True
2026-04-16 14:43:28,975 - semo.backend - INFO - Approved - List files for tag direct operation (tag1) : True
2026-04-16 14:43:28,976 - semo.validator - INFO - Tag Exists 'tag3': True
2026-04-16 14:43:28,977 - semo.validator - INFO - Approval for list for tag operation for tag (tag3): True
2026-04-16 14:43:28,977 - semo.backend - INFO - Approved - List files for tag direct operation (tag3) : True
2026-04-16 14:43:28,978 - semo.validator - INFO - Tag Exists 'tag3': True
2026-04-16 14:43:28,978 - semo.validator - INFO - Approval for list for tag operation for tag (tag3): True
2026-04-16 14:43:28,978 - semo.backend - INFO - Approved - List files for tag direct operation (tag3) : True
2026-04-16 14:43:28,979 - semo.validator - INFO - Tag Exists 'tag3': True
2026-04-16 14:43:28,979 - semo.validator - INFO - Approval for list for tag operation for tag (tag3): True
2026-04-16 14:43:28,979 - semo.backend - INFO - Approved - List direct subtags operation (tag3) : True
2026-04-16 14:43:28,979 - semo.validator - INFO - Tag Exists 'tag3': True
2026-04-16 14:43:28,979 - semo.validator - INFO - Approval for list for tag operation for tag (tag3): True
2026-04-16 14:43:28,979 - semo.backend - INFO - Approved - List files for tag direct operation (tag3) : True
2026-04-16 14:43:28,980 - semo.validator - INFO - Tag Exists 'tag3': True
2026-04-16 14:43:28,980 - semo.validator - INFO - Approval for list for tag operation for tag (tag3): True
2026-04-16 14:43:28,980 - semo.backend - INFO - Approved - List files for tag direct operation (tag3) : True
2026-04-16 14:43:28,982 - semo.validator - INFO - Tag Exists 'tag3': True
2026-04-16 14:43:28,982 - semo.validator - INFO - Approval for list for tag operation for tag (tag3): True
2026-04-16 14:43:28,982 - semo.backend - INFO - Approved - List files for tag direct operation (tag3) : True
2026-04-16 14:43:28,983 - semo.validator - INFO - Tag Exists 'tag1': True
2026-04-16 14:43:28,983 - semo.validator - INFO - Approval for list for tag operation for tag (tag1): True
2026-04-16 14:43:28,983 - semo.backend - INFO - Approved - List files for tag direct operation (tag1) : True
2026-04-16 14:43:28,985 - semo.validator - INFO - Tag Exists 'tag2': True
2026-04-16 14:43:28,985 - semo.validator - INFO - Approval for list for tag operation for tag (tag2): True
2026-04-16 14:43:28,985 - semo.backend - INFO - Approved - List files for tag direct operation (tag2) : True
2026-04-16 14:43:28,986 - semo.validator - INFO - Tag Exists 'tag2': True
2026-04-16 14:43:28,986 - semo.validator - INFO - Approval for list for tag operation for tag (tag2): True
2026-04-16 14:43:28,986 - semo.backend - INFO - Approved - List files for tag direct operation (tag2) : True
2026-04-16 14:43:28,986 - semo.validator - INFO - Tag Exists 'tag2': True
2026-04-16 14:43:28,986 - semo.validator - INFO - Approval for list for tag operation for tag (tag2): True
2026-04-16 14:43:28,986 - semo.backend - INFO - Approved - List direct subtags operation (tag2) : True
2026-04-16 14:43:28,987 - semo.validator - INFO - Tag Exists 'tag2': True
2026-04-16 14:43:28,987 - semo.validator - INFO - Approval for list for tag operation for tag (tag2): True
2026-04-16 14:43:28,987 - semo.backend - INFO - Approved - List files for tag direct operation (tag2) : True
2026-04-16 14:43:28,988 - semo.validator - INFO - Tag Exists 'tag2': True
2026-04-16 14:43:28,988 - semo.validator - INFO - Approval for list for tag operation for tag (tag2): True
2026-04-16 14:43:28,988 - semo.backend - INFO - Approved - List files for tag direct operation (tag2) : True
2026-04-16 14:43:28,989 - semo.validator - INFO - Tag Exists 'tag2': True
2026-04-16 14:43:28,989 - semo.validator - INFO - Approval for list for tag operation for tag (tag2): True
2026-04-16 14:43:28,989 - semo.backend - INFO - Approved - List files for tag direct operation (tag2) : True
2026-04-16 14:43:33,760 - semo.validator - INFO - Tag Exists 'tag2': True
2026-04-16 14:43:33,760 - semo.validator - INFO - Approval for list for tag operation for tag (tag2): True
2026-04-16 14:43:33,761 - semo.backend - INFO - Approved - List direct subtags operation (tag2) : True
2026-04-16 14:43:33,763 - semo.validator - INFO - Tag Exists 'tag2': True
2026-04-16 14:43:33,763 - semo.validator - INFO - Approval for list for tag operation for tag (tag2): True
2026-04-16 14:43:33,763 - semo.backend - INFO - Approved - List files for tag direct operation (tag2) : True
2026-04-16 14:43:33,764 - semo.validator - INFO - Tag Exists 'tag2': True
2026-04-16 14:43:33,764 - semo.validator - INFO - Approval for list for tag operation for tag (tag2): True
2026-04-16 14:43:33,764 - semo.backend - INFO - Approved - List files for tag direct operation (tag2) : True
2026-04-16 14:43:33,765 - semo.validator - INFO - Tag Exists 'tag2': True
2026-04-16 14:43:33,765 - semo.validator - INFO - Approval for list for tag operation for tag (tag2): True
2026-04-16 14:43:33,765 - semo.backend - INFO - Approved - List files for tag direct operation (tag2) : True
2026-04-16 14:43:33,766 - semo.validator - INFO - Tag Exists 'tag2': True
2026-04-16 14:43:33,766 - semo.validator - INFO - Approval for list for tag operation for tag (tag2): True
2026-04-16 14:43:33,766 - semo.backend - INFO - Approved - List files for tag direct operation (tag2) : True
2026-04-16 14:43:33,767 - semo.validator - INFO - Tag Exists 'tag1': True
2026-04-16 14:43:33,767 - semo.validator - INFO - Approval for list for tag operation for tag (tag1): True
2026-04-16 14:43:33,767 - semo.backend - INFO - Approved - List direct subtags operation (tag1) : True
2026-04-16 14:43:33,768 - semo.validator - INFO - Tag Exists 'tag1': True
2026-04-16 14:43:33,768 - semo.validator - INFO - Approval for list for tag operation for tag (tag1): True
2026-04-16 14:43:33,768 - semo.backend - INFO - Approved - List files for tag direct operation (tag1) : True
2026-04-16 14:43:33,769 - semo.validator - INFO - Tag Exists 'tag1': True
2026-04-16 14:43:33,769 - semo.validator - INFO - Approval for list for tag operation for tag (tag1): True
2026-04-16 14:43:33,769 - semo.backend - INFO - Approved - List files for tag direct operation (tag1) : True
2026-04-16 14:43:33,770 - semo.validator - INFO - Tag Exists 'tag1': True
2026-04-16 14:43:33,770 - semo.validator - INFO - Approval for list for tag operation for tag (tag1): True
2026-04-16 14:43:33,770 - semo.backend - INFO - Approved - List files for tag direct operation (tag1) : True
2026-04-16 14:43:33,771 - semo.validator - INFO - Tag Exists 'tag1': True
2026-04-16 14:43:33,771 - semo.validator - INFO - Approval for list for tag operation for tag (tag1): True
2026-04-16 14:43:33,771 - semo.backend - INFO - Approved - List files for tag direct operation (tag1) : True
2026-04-16 14:43:33,772 - semo.validator - INFO - Tag Exists 'tag1': True
2026-04-16 14:43:33,772 - semo.validator - INFO - Approval for list for tag operation for tag (tag1): True
2026-04-16 14:43:33,772 - semo.backend - INFO - Approved - List files for tag direct operation (tag1) : True
2026-04-16 14:43:33,773 - semo.validator - INFO - Tag Exists 'tag1': True
2026-04-16 14:43:33,773 - semo.validator - INFO - Approval for list for tag operation for tag (tag1): True
2026-04-16 14:43:33,773 - semo.backend - INFO - Approved - List files for tag direct operation (tag1) : True
2026-04-16 14:43:35,308 - semo.validator - INFO - Tag Exists 'tag1': True
2026-04-16 14:43:35,308 - semo.validator - INFO - Approval for list for tag operation for tag (tag1): True
2026-04-16 14:43:35,308 - semo.backend - INFO - Approved - List direct subtags operation (tag1) : True
2026-04-16 14:43:35,308 - semo.validator - INFO - Tag Exists 'tag1': True
2026-04-16 14:43:35,308 - semo.validator - INFO - Approval for list for tag operation for tag (tag1): True
2026-04-16 14:43:35,308 - semo.backend - INFO - Approved - List files for tag direct operation (tag1) : True
2026-04-16 14:43:35,311 - semo.validator - INFO - Tag Exists 'tag1': True
2026-04-16 14:43:35,311 - semo.validator - INFO - Approval for list for tag operation for tag (tag1): True
2026-04-16 14:43:35,311 - semo.backend - INFO - Approved - List files for tag direct operation (tag1) : True
2026-04-16 14:43:35,312 - semo.validator - INFO - Tag Exists 'tag1': True
2026-04-16 14:43:35,312 - semo.validator - INFO - Approval for list for tag operation for tag (tag1): True
2026-04-16 14:43:35,312 - semo.backend - INFO - Approved - List files for tag direct operation (tag1) : True
2026-04-16 14:43:35,313 - semo.validator - INFO - Tag Exists 'tag1': True
2026-04-16 14:43:35,313 - semo.validator - INFO - Approval for list for tag operation for tag (tag1): True
2026-04-16 14:43:35,313 - semo.backend - INFO - Approved - List files for tag direct operation (tag1) : True
2026-04-16 14:43:35,313 - semo.validator - INFO - Tag Exists 'tag1': True
2026-04-16 14:43:35,313 - semo.validator - INFO - Approval for list for tag operation for tag (tag1): True
2026-04-16 14:43:35,313 - semo.backend - INFO - Approved - List files for tag direct operation (tag1) : True
2026-04-16 14:43:35,314 - semo.validator - INFO - Tag Exists 'tag1': True
2026-04-16 14:43:35,314 - semo.validator - INFO - Approval for list for tag operation for tag (tag1): True
2026-04-16 14:43:35,314 - semo.backend - INFO - Approved - List files for tag direct operation (tag1) : True
2026-04-16 14:43:35,316 - semo.validator - INFO - Tag Exists 'tag1': True
2026-04-16 14:43:35,316 - semo.validator - INFO - Approval for list for tag operation for tag (tag1): True
2026-04-16 14:43:35,316 - semo.backend - INFO - Approved - List files for tag direct operation (tag1) : True
2026-04-16 14:43:35,317 - semo.validator - INFO - Tag Exists 'tag1': True
2026-04-16 14:43:35,317 - semo.validator - INFO - Approval for list for tag operation for tag (tag1): True
2026-04-16 14:43:35,317 - semo.backend - INFO - Approved - List files for tag direct operation (tag1) : True
2026-04-16 14:43:35,318 - semo.validator - INFO - Tag Exists 'tag1': True
2026-04-16 14:43:35,318 - semo.validator - INFO - Approval for list for tag operation for tag (tag1): True
2026-04-16 14:43:35,318 - semo.backend - INFO - Approved - List files for tag direct operation (tag1) : True
2026-04-16 14:43:35,319 - semo.validator - INFO - Tag Exists 'tag1': True
2026-04-16 14:43:35,319 - semo.validator - INFO - Approval for list for tag operation for tag (tag1): True
2026-04-16 14:43:35,319 - semo.backend - INFO - Approved - List files for tag direct operation (tag1) : True
2026-04-16 14:43:35,319 - semo.validator - INFO - Tag Exists 'tag1': True
2026-04-16 14:43:35,319 - semo.validator - INFO - Approval for list for tag operation for tag (tag1): True
2026-04-16 14:43:35,319 - semo.backend - INFO - Approved - List files for tag direct operation (tag1) : True
2026-04-16 14:43:35,320 - semo.validator - INFO - Tag Exists 'tag1': True
2026-04-16 14:43:35,320 - semo.validator - INFO - Approval for list for tag operation for tag (tag1): True
2026-04-16 14:43:35,320 - semo.backend - INFO - Approved - List files for tag direct operation (tag1) : True
2026-04-16 14:43:35,321 - semo.validator - INFO - Tag Exists 'tag1': True
2026-04-16 14:43:35,321 - semo.validator - INFO - Approval for list for tag operation for tag (tag1): True
2026-04-16 14:43:35,321 - semo.backend - INFO - Approved - List files for tag direct operation (tag1) : True
2026-04-16 14:43:35,322 - semo.validator - INFO - Tag Exists 'tag1': True
2026-04-16 14:43:35,322 - semo.validator - INFO - Approval for list for tag operation for tag (tag1): True
2026-04-16 14:43:35,322 - semo.backend - INFO - Approved - List files for tag direct operation (tag1) : True
2026-04-16 14:43:35,323 - semo.validator - INFO - Tag Exists 'tag3': True
2026-04-16 14:43:35,323 - semo.validator - INFO - Approval for list for tag operation for tag (tag3): True
2026-04-16 14:43:35,323 - semo.backend - INFO - Approved - List direct subtags operation (tag3) : True
2026-04-16 14:43:35,324 - semo.validator - INFO - Tag Exists 'tag3': True
2026-04-16 14:43:35,324 - semo.validator - INFO - Approval for list for tag operation for tag (tag3): True
2026-04-16 14:43:35,324 - semo.backend - INFO - Approved - List files for tag direct operation (tag3) : True
2026-04-16 14:43:35,325 - semo.validator - INFO - Tag Exists 'tag3': True
2026-04-16 14:43:35,325 - semo.validator - INFO - Approval for list for tag operation for tag (tag3): True
2026-04-16 14:43:35,325 - semo.backend - INFO - Approved - List files for tag direct operation (tag3) : True
2026-04-16 14:43:35,326 - semo.validator - INFO - Tag Exists 'tag3': True
2026-04-16 14:43:35,326 - semo.validator - INFO - Approval for list for tag operation for tag (tag3): True
2026-04-16 14:43:35,326 - semo.backend - INFO - Approved - List files for tag direct operation (tag3) : True
2026-04-16 14:43:35,327 - semo.validator - INFO - Tag Exists 'tag3': True
2026-04-16 14:43:35,327 - semo.validator - INFO - Approval for list for tag operation for tag (tag3): True
2026-04-16 14:43:35,327 - semo.backend - INFO - Approved - List files for tag direct operation (tag3) : True
2026-04-16 14:43:35,830 - semo.validator - INFO - Tag Exists 'tag1': True
2026-04-16 14:43:35,830 - semo.validator - INFO - Approval for list for tag operation for tag (tag1): True
2026-04-16 14:43:35,830 - semo.backend - INFO - Approved - List files for tag direct operation (tag1) : True
2026-04-16 14:43:35,833 - semo.validator - INFO - Tag Exists 'tag1': True
2026-04-16 14:43:35,833 - semo.validator - INFO - Approval for list for tag operation for tag (tag1): True
2026-04-16 14:43:35,833 - semo.backend - INFO - Approved - List files for tag direct operation (tag1) : True
2026-04-16 14:43:35,836 - semo.validator - INFO - Tag Exists 'tag1': True
2026-04-16 14:43:35,836 - semo.validator - INFO - Approval for list for tag operation for tag (tag1): True
2026-04-16 14:43:35,836 - semo.backend - INFO - Approved - List files for tag direct operation (tag1) : True
2026-04-16 14:43:35,838 - semo.validator - INFO - Tag Exists 'tag1': True
2026-04-16 14:43:35,838 - semo.validator - INFO - Approval for list for tag operation for tag (tag1): True
2026-04-16 14:43:35,838 - semo.backend - INFO - Approved - List files for tag direct operation (tag1) : True
2026-04-16 14:43:35,839 - semo.validator - INFO - Tag Exists 'tag1': True
2026-04-16 14:43:35,840 - semo.validator - INFO - Approval for list for tag operation for tag (tag1): True
2026-04-16 14:43:35,840 - semo.backend - INFO - Approved - List files for tag direct operation (tag1) : True
2026-04-16 14:43:47,410 - semo.validator - INFO - Tag Exists 'tag2': True
2026-04-16 14:43:47,410 - semo.validator - INFO - Approval for list for tag operation for tag (tag2): True
2026-04-16 14:43:47,410 - semo.backend - INFO - Approved - List direct subtags operation (tag2) : True
2026-04-16 14:43:47,411 - semo.validator - INFO - Tag Exists 'tag2': True
2026-04-16 14:43:47,411 - semo.validator - INFO - Approval for list for tag operation for tag (tag2): True
2026-04-16 14:43:47,411 - semo.backend - INFO - Approved - List files for tag direct operation (tag2) : True
2026-04-16 14:43:47,412 - semo.validator - INFO - Tag Exists 'tag2': True
2026-04-16 14:43:47,412 - semo.validator - INFO - Approval for list for tag operation for tag (tag2): True
2026-04-16 14:43:47,412 - semo.backend - INFO - Approved - List files for tag direct operation (tag2) : True
2026-04-16 14:43:47,414 - semo.validator - INFO - Tag Exists 'tag2': True
2026-04-16 14:43:47,414 - semo.validator - INFO - Approval for list for tag operation for tag (tag2): True
2026-04-16 14:43:47,414 - semo.backend - INFO - Approved - List files for tag direct operation (tag2) : True
2026-04-16 14:43:47,415 - semo.validator - INFO - Tag Exists 'tag2': True
2026-04-16 14:43:47,415 - semo.validator - INFO - Approval for list for tag operation for tag (tag2): True
2026-04-16 14:43:47,415 - semo.backend - INFO - Approved - List files for tag direct operation (tag2) : True
2026-04-16 14:43:50,587 - semo.validator - INFO - Tag Exists 'tag1': True
2026-04-16 14:43:50,587 - semo.validator - INFO - Approval for list for tag operation for tag (tag1): True
2026-04-16 14:43:50,587 - semo.backend - INFO - Approved - List files for tag direct operation (tag1) : True
2026-04-16 14:43:50,588 - semo.validator - INFO - Tag Exists 'tag1': True
2026-04-16 14:43:50,588 - semo.validator - INFO - Approval for list for tag operation for tag (tag1): True
2026-04-16 14:43:50,588 - semo.backend - INFO - Approved - List files for tag direct operation (tag1) : True
2026-04-16 14:43:50,589 - semo.validator - INFO - Tag Exists 'tag1': True
2026-04-16 14:43:50,589 - semo.validator - INFO - Approval for list for tag operation for tag (tag1): True
2026-04-16 14:43:50,589 - semo.backend - INFO - Approved - List direct subtags operation (tag1) : True
2026-04-16 14:43:50,589 - semo.validator - INFO - Tag Exists 'tag1': True
2026-04-16 14:43:50,589 - semo.validator - INFO - Approval for list for tag operation for tag (tag1): True
2026-04-16 14:43:50,589 - semo.backend - INFO - Approved - List files for tag direct operation (tag1) : True
2026-04-16 14:43:50,591 - semo.validator - INFO - Tag Exists 'tag1': True
2026-04-16 14:43:50,591 - semo.validator - INFO - Approval for list for tag operation for tag (tag1): True
2026-04-16 14:43:50,591 - semo.backend - INFO - Approved - List files for tag direct operation (tag1) : True
2026-04-16 14:43:50,593 - semo.validator - INFO - Tag Exists 'tag3': True
2026-04-16 14:43:50,593 - semo.validator - INFO - Approval for list for tag operation for tag (tag3): True
2026-04-16 14:43:50,593 - semo.backend - INFO - Approved - List files for tag direct operation (tag3) : True
2026-04-16 14:43:50,594 - semo.validator - INFO - Tag Exists 'tag3': True
2026-04-16 14:43:50,594 - semo.validator - INFO - Approval for list for tag operation for tag (tag3): True
2026-04-16 14:43:50,594 - semo.backend - INFO - Approved - List files for tag direct operation (tag3) : True
2026-04-16 14:43:50,595 - semo.validator - INFO - Tag Exists 'tag3': True
2026-04-16 14:43:50,595 - semo.validator - INFO - Approval for list for tag operation for tag (tag3): True
2026-04-16 14:43:50,595 - semo.backend - INFO - Approved - List direct subtags operation (tag3) : True
2026-04-16 14:43:50,596 - semo.validator - INFO - Tag Exists 'tag3': True
2026-04-16 14:43:50,596 - semo.validator - INFO - Approval for list for tag operation for tag (tag3): True
2026-04-16 14:43:50,596 - semo.backend - INFO - Approved - List files for tag direct operation (tag3) : True
2026-04-16 14:43:50,597 - semo.validator - INFO - Tag Exists 'tag3': True
2026-04-16 14:43:50,597 - semo.validator - INFO - Approval for list for tag operation for tag (tag3): True
2026-04-16 14:43:50,597 - semo.backend - INFO - Approved - List files for tag direct operation (tag3) : True
2026-04-16 14:43:50,598 - semo.validator - INFO - Tag Exists 'tag3': True
2026-04-16 14:43:50,598 - semo.validator - INFO - Approval for list for tag operation for tag (tag3): True
2026-04-16 14:43:50,598 - semo.backend - INFO - Approved - List files for tag direct operation (tag3) : True
2026-04-16 14:43:50,599 - semo.validator - INFO - Tag Exists 'tag1': True
2026-04-16 14:43:50,599 - semo.validator - INFO - Approval for list for tag operation for tag (tag1): True
2026-04-16 14:43:50,599 - semo.backend - INFO - Approved - List files for tag direct operation (tag1) : True
2026-04-16 14:43:50,601 - semo.validator - INFO - Tag Exists 'tag2': True
2026-04-16 14:43:50,601 - semo.validator - INFO - Approval for list for tag operation for tag (tag2): True
2026-04-16 14:43:50,601 - semo.backend - INFO - Approved - List files for tag direct operation (tag2) : True
2026-04-16 14:43:50,602 - semo.validator - INFO - Tag Exists 'tag2': True
2026-04-16 14:43:50,602 - semo.validator - INFO - Approval for list for tag operation for tag (tag2): True
2026-04-16 14:43:50,602 - semo.backend - INFO - Approved - List files for tag direct operation (tag2) : True
2026-04-16 14:43:50,603 - semo.validator - INFO - Tag Exists 'tag2': True
2026-04-16 14:43:50,603 - semo.validator - INFO - Approval for list for tag operation for tag (tag2): True
2026-04-16 14:43:50,604 - semo.backend - INFO - Approved - List direct subtags operation (tag2) : True
2026-04-16 14:43:50,604 - semo.validator - INFO - Tag Exists 'tag2': True
2026-04-16 14:43:50,604 - semo.validator - INFO - Approval for list for tag operation for tag (tag2): True
2026-04-16 14:43:50,604 - semo.backend - INFO - Approved - List files for tag direct operation (tag2) : True
2026-04-16 14:43:50,607 - semo.validator - INFO - Tag Exists 'tag2': True
2026-04-16 14:43:50,607 - semo.validator - INFO - Approval for list for tag operation for tag (tag2): True
2026-04-16 14:43:50,607 - semo.backend - INFO - Approved - List files for tag direct operation (tag2) : True
2026-04-16 14:43:50,608 - semo.validator - INFO - Tag Exists 'tag2': True
2026-04-16 14:43:50,608 - semo.validator - INFO - Approval for list for tag operation for tag (tag2): True
2026-04-16 14:43:50,608 - semo.backend - INFO - Approved - List files for tag direct operation (tag2) : True
2026-04-16 14:43:55,670 - semo.validator - INFO - Tag Exists 'tag1': True
2026-04-16 14:43:55,670 - semo.validator - INFO - Approval for list for tag operation for tag (tag1): True
2026-04-16 14:43:55,670 - semo.backend - INFO - Approved - List files for tag direct operation (tag1) : True
2026-04-16 14:43:55,673 - semo.validator - INFO - Tag Exists 'tag1': True
2026-04-16 14:43:55,673 - semo.validator - INFO - Approval for list for tag operation for tag (tag1): True
2026-04-16 14:43:55,673 - semo.backend - INFO - Approved - List files for tag direct operation (tag1) : True
2026-04-16 14:43:55,674 - semo.validator - INFO - Tag Exists 'tag1': True
2026-04-16 14:43:55,674 - semo.validator - INFO - Approval for list for tag operation for tag (tag1): True
2026-04-16 14:43:55,674 - semo.backend - INFO - Approved - List direct subtags operation (tag1) : True
2026-04-16 14:43:55,675 - semo.validator - INFO - Tag Exists 'tag1': True
2026-04-16 14:43:55,675 - semo.validator - INFO - Approval for list for tag operation for tag (tag1): True
2026-04-16 14:43:55,675 - semo.backend - INFO - Approved - List files for tag direct operation (tag1) : True
2026-04-16 14:43:55,676 - semo.validator - INFO - Tag Exists 'tag1': True
2026-04-16 14:43:55,676 - semo.validator - INFO - Approval for list for tag operation for tag (tag1): True
2026-04-16 14:43:55,676 - semo.backend - INFO - Approved - List files for tag direct operation (tag1) : True
2026-04-16 14:43:55,677 - semo.validator - INFO - Tag Exists 'tag3': True
2026-04-16 14:43:55,677 - semo.validator - INFO - Approval for list for tag operation for tag (tag3): True
2026-04-16 14:43:55,677 - semo.backend - INFO - Approved - List files for tag direct operation (tag3) : True
2026-04-16 14:43:55,679 - semo.validator - INFO - Tag Exists 'tag3': True
2026-04-16 14:43:55,679 - semo.validator - INFO - Approval for list for tag operation for tag (tag3): True
2026-04-16 14:43:55,679 - semo.backend - INFO - Approved - List files for tag direct operation (tag3) : True
2026-04-16 14:43:55,680 - semo.validator - INFO - Tag Exists 'tag3': True
2026-04-16 14:43:55,680 - semo.validator - INFO - Approval for list for tag operation for tag (tag3): True
2026-04-16 14:43:55,680 - semo.backend - INFO - Approved - List direct subtags operation (tag3) : True
2026-04-16 14:43:55,681 - semo.validator - INFO - Tag Exists 'tag3': True
2026-04-16 14:43:55,681 - semo.validator - INFO - Approval for list for tag operation for tag (tag3): True
2026-04-16 14:43:55,681 - semo.backend - INFO - Approved - List files for tag direct operation (tag3) : True
2026-04-16 14:43:55,682 - semo.validator - INFO - Tag Exists 'tag3': True
2026-04-16 14:43:55,682 - semo.validator - INFO - Approval for list for tag operation for tag (tag3): True
2026-04-16 14:43:55,682 - semo.backend - INFO - Approved - List files for tag direct operation (tag3) : True
2026-04-16 14:43:55,683 - semo.validator - INFO - Tag Exists 'tag3': True
2026-04-16 14:43:55,683 - semo.validator - INFO - Approval for list for tag operation for tag (tag3): True
2026-04-16 14:43:55,683 - semo.backend - INFO - Approved - List files for tag direct operation (tag3) : True
2026-04-16 14:43:55,684 - semo.validator - INFO - Tag Exists 'tag1': True
2026-04-16 14:43:55,684 - semo.validator - INFO - Approval for list for tag operation for tag (tag1): True
2026-04-16 14:43:55,684 - semo.backend - INFO - Approved - List files for tag direct operation (tag1) : True
2026-04-16 14:43:55,685 - semo.validator - INFO - Tag Exists 'tag2': True
2026-04-16 14:43:55,686 - semo.validator - INFO - Approval for list for tag operation for tag (tag2): True
2026-04-16 14:43:55,686 - semo.backend - INFO - Approved - List files for tag direct operation (tag2) : True
2026-04-16 14:43:55,686 - semo.validator - INFO - Tag Exists 'tag2': True
2026-04-16 14:43:55,687 - semo.validator - INFO - Approval for list for tag operation for tag (tag2): True
2026-04-16 14:43:55,687 - semo.backend - INFO - Approved - List files for tag direct operation (tag2) : True
2026-04-16 14:43:55,687 - semo.validator - INFO - Tag Exists 'tag2': True
2026-04-16 14:43:55,687 - semo.validator - INFO - Approval for list for tag operation for tag (tag2): True
2026-04-16 14:43:55,687 - semo.backend - INFO - Approved - List direct subtags operation (tag2) : True
2026-04-16 14:43:55,688 - semo.validator - INFO - Tag Exists 'tag2': True
2026-04-16 14:43:55,688 - semo.validator - INFO - Approval for list for tag operation for tag (tag2): True
2026-04-16 14:43:55,688 - semo.backend - INFO - Approved - List files for tag direct operation (tag2) : True
2026-04-16 14:43:55,689 - semo.validator - INFO - Tag Exists 'tag2': True
2026-04-16 14:43:55,689 - semo.validator - INFO - Approval for list for tag operation for tag (tag2): True
2026-04-16 14:43:55,689 - semo.backend - INFO - Approved - List files for tag direct operation (tag2) : True
2026-04-16 14:43:55,691 - semo.validator - INFO - Tag Exists 'tag2': True
2026-04-16 14:43:55,691 - semo.validator - INFO - Approval for list for tag operation for tag (tag2): True
2026-04-16 14:43:55,691 - semo.backend - INFO - Approved - List files for tag direct operation (tag2) : True
2026-04-16 14:44:00,743 - semo.validator - INFO - Tag Exists 'tag1': True
2026-04-16 14:44:00,744 - semo.validator - INFO - Approval for list for tag operation for tag (tag1): True
2026-04-16 14:44:00,744 - semo.backend - INFO - Approved - List files for tag direct operation (tag1) : True
2026-04-16 14:44:00,745 - semo.validator - INFO - Tag Exists 'tag1': True
2026-04-16 14:44:00,745 - semo.validator - INFO - Approval for list for tag operation for tag (tag1): True
2026-04-16 14:44:00,745 - semo.backend - INFO - Approved - List files for tag direct operation (tag1) : True
2026-04-16 14:44:00,746 - semo.validator - INFO - Tag Exists 'tag1': True
2026-04-16 14:44:00,747 - semo.validator - INFO - Approval for list for tag operation for tag (tag1): True
2026-04-16 14:44:00,747 - semo.backend - INFO - Approved - List direct subtags operation (tag1) : True
2026-04-16 14:44:00,747 - semo.validator - INFO - Tag Exists 'tag1': True
2026-04-16 14:44:00,748 - semo.validator - INFO - Approval for list for tag operation for tag (tag1): True
2026-04-16 14:44:00,748 - semo.backend - INFO - Approved - List files for tag direct operation (tag1) : True
2026-04-16 14:44:00,749 - semo.validator - INFO - Tag Exists 'tag1': True
2026-04-16 14:44:00,749 - semo.validator - INFO - Approval for list for tag operation for tag (tag1): True
2026-04-16 14:44:00,749 - semo.backend - INFO - Approved - List files for tag direct operation (tag1) : True
2026-04-16 14:44:00,750 - semo.validator - INFO - Tag Exists 'tag3': True
2026-04-16 14:44:00,750 - semo.validator - INFO - Approval for list for tag operation for tag (tag3): True
2026-04-16 14:44:00,750 - semo.backend - INFO - Approved - List files for tag direct operation (tag3) : True
2026-04-16 14:44:00,751 - semo.validator - INFO - Tag Exists 'tag3': True
2026-04-16 14:44:00,751 - semo.validator - INFO - Approval for list for tag operation for tag (tag3): True
2026-04-16 14:44:00,751 - semo.backend - INFO - Approved - List files for tag direct operation (tag3) : True
2026-04-16 14:44:00,752 - semo.validator - INFO - Tag Exists 'tag3': True
2026-04-16 14:44:00,752 - semo.validator - INFO - Approval for list for tag operation for tag (tag3): True
2026-04-16 14:44:00,752 - semo.backend - INFO - Approved - List direct subtags operation (tag3) : True
2026-04-16 14:44:00,755 - semo.validator - INFO - Tag Exists 'tag3': True
2026-04-16 14:44:00,755 - semo.validator - INFO - Approval for list for tag operation for tag (tag3): True
2026-04-16 14:44:00,755 - semo.backend - INFO - Approved - List files for tag direct operation (tag3) : True
2026-04-16 14:44:00,756 - semo.validator - INFO - Tag Exists 'tag3': True
2026-04-16 14:44:00,756 - semo.validator - INFO - Approval for list for tag operation for tag (tag3): True
2026-04-16 14:44:00,756 - semo.backend - INFO - Approved - List files for tag direct operation (tag3) : True
2026-04-16 14:44:00,757 - semo.validator - INFO - Tag Exists 'tag3': True
2026-04-16 14:44:00,757 - semo.validator - INFO - Approval for list for tag operation for tag (tag3): True
2026-04-16 14:44:00,757 - semo.backend - INFO - Approved - List files for tag direct operation (tag3) : True
2026-04-16 14:44:00,758 - semo.validator - INFO - Tag Exists 'tag1': True
2026-04-16 14:44:00,758 - semo.validator - INFO - Approval for list for tag operation for tag (tag1): True
2026-04-16 14:44:00,758 - semo.backend - INFO - Approved - List files for tag direct operation (tag1) : True
2026-04-16 14:44:00,760 - semo.validator - INFO - Tag Exists 'tag2': True
2026-04-16 14:44:00,760 - semo.validator - INFO - Approval for list for tag operation for tag (tag2): True
2026-04-16 14:44:00,760 - semo.backend - INFO - Approved - List files for tag direct operation (tag2) : True
2026-04-16 14:44:00,761 - semo.validator - INFO - Tag Exists 'tag2': True
2026-04-16 14:44:00,761 - semo.validator - INFO - Approval for list for tag operation for tag (tag2): True
2026-04-16 14:44:00,761 - semo.backend - INFO - Approved - List files for tag direct operation (tag2) : True
2026-04-16 14:44:00,762 - semo.validator - INFO - Tag Exists 'tag2': True
2026-04-16 14:44:00,762 - semo.validator - INFO - Approval for list for tag operation for tag (tag2): True
2026-04-16 14:44:00,762 - semo.backend - INFO - Approved - List direct subtags operation (tag2) : True
2026-04-16 14:44:00,762 - semo.validator - INFO - Tag Exists 'tag2': True
2026-04-16 14:44:00,762 - semo.validator - INFO - Approval for list for tag operation for tag (tag2): True
2026-04-16 14:44:00,762 - semo.backend - INFO - Approved - List files for tag direct operation (tag2) : True
2026-04-16 14:44:00,763 - semo.validator - INFO - Tag Exists 'tag2': True
2026-04-16 14:44:00,763 - semo.validator - INFO - Approval for list for tag operation for tag (tag2): True
2026-04-16 14:44:00,763 - semo.backend - INFO - Approved - List files for tag direct operation (tag2) : True
2026-04-16 14:44:00,764 - semo.validator - INFO - Tag Exists 'tag2': True
2026-04-16 14:44:00,764 - semo.validator - INFO - Approval for list for tag operation for tag (tag2): True
2026-04-16 14:44:00,764 - semo.backend - INFO - Approved - List files for tag direct operation (tag2) : True
2026-04-16 14:44:03,875 - semo.validator - INFO - Tag Exists 'tag1': True
2026-04-16 14:44:03,876 - semo.validator - INFO - Approval for list for tag operation for tag (tag1): True
2026-04-16 14:44:03,876 - semo.backend - INFO - Approved - List direct subtags operation (tag1) : True
2026-04-16 14:44:03,879 - semo.validator - INFO - Tag Exists 'tag1': True
2026-04-16 14:44:03,879 - semo.validator - INFO - Approval for list for tag operation for tag (tag1): True
2026-04-16 14:44:03,879 - semo.backend - INFO - Approved - List files for tag direct operation (tag1) : True
2026-04-16 14:44:03,880 - semo.validator - INFO - Tag Exists 'tag1': True
2026-04-16 14:44:03,880 - semo.validator - INFO - Approval for list for tag operation for tag (tag1): True
2026-04-16 14:44:03,881 - semo.backend - INFO - Approved - List files for tag direct operation (tag1) : True
2026-04-16 14:44:03,881 - semo.validator - INFO - Tag Exists 'tag1': True
2026-04-16 14:44:03,881 - semo.validator - INFO - Approval for list for tag operation for tag (tag1): True
2026-04-16 14:44:03,881 - semo.backend - INFO - Approved - List files for tag direct operation (tag1) : True
2026-04-16 14:44:03,882 - semo.validator - INFO - Tag Exists 'tag1': True
2026-04-16 14:44:03,882 - semo.validator - INFO - Approval for list for tag operation for tag (tag1): True
2026-04-16 14:44:03,882 - semo.backend - INFO - Approved - List files for tag direct operation (tag1) : True
2026-04-16 14:44:03,883 - semo.validator - INFO - Tag Exists 'tag1': True
2026-04-16 14:44:03,883 - semo.validator - INFO - Approval for list for tag operation for tag (tag1): True
2026-04-16 14:44:03,883 - semo.backend - INFO - Approved - List files for tag direct operation (tag1) : True
2026-04-16 14:44:03,883 - semo.validator - INFO - Tag Exists 'tag1': True
2026-04-16 14:44:03,883 - semo.validator - INFO - Approval for list for tag operation for tag (tag1): True
2026-04-16 14:44:03,883 - semo.backend - INFO - Approved - List files for tag direct operation (tag1) : True
2026-04-16 14:44:05,817 - semo.validator - INFO - Tag Exists 'tag1': True
2026-04-16 14:44:05,817 - semo.validator - INFO - Approval for list for tag operation for tag (tag1): True
2026-04-16 14:44:05,818 - semo.backend - INFO - Approved - List files for tag direct operation (tag1) : True
2026-04-16 14:44:05,818 - semo.validator - INFO - Tag Exists 'tag1': True
2026-04-16 14:44:05,818 - semo.validator - INFO - Approval for list for tag operation for tag (tag1): True
2026-04-16 14:44:05,818 - semo.backend - INFO - Approved - List files for tag direct operation (tag1) : True
2026-04-16 14:44:05,819 - semo.validator - INFO - Tag Exists 'tag1': True
2026-04-16 14:44:05,819 - semo.validator - INFO - Approval for list for tag operation for tag (tag1): True
2026-04-16 14:44:05,819 - semo.backend - INFO - Approved - List direct subtags operation (tag1) : True
2026-04-16 14:44:05,820 - semo.validator - INFO - Tag Exists 'tag1': True
2026-04-16 14:44:05,820 - semo.validator - INFO - Approval for list for tag operation for tag (tag1): True
2026-04-16 14:44:05,820 - semo.backend - INFO - Approved - List files for tag direct operation (tag1) : True
2026-04-16 14:44:05,822 - semo.validator - INFO - Tag Exists 'tag1': True
2026-04-16 14:44:05,822 - semo.validator - INFO - Approval for list for tag operation for tag (tag1): True
2026-04-16 14:44:05,822 - semo.backend - INFO - Approved - List files for tag direct operation (tag1) : True
2026-04-16 14:44:05,823 - semo.validator - INFO - Tag Exists 'tag3': True
2026-04-16 14:44:05,823 - semo.validator - INFO - Approval for list for tag operation for tag (tag3): True
2026-04-16 14:44:05,823 - semo.backend - INFO - Approved - List files for tag direct operation (tag3) : True
2026-04-16 14:44:05,824 - semo.validator - INFO - Tag Exists 'tag3': True
2026-04-16 14:44:05,824 - semo.validator - INFO - Approval for list for tag operation for tag (tag3): True
2026-04-16 14:44:05,824 - semo.backend - INFO - Approved - List files for tag direct operation (tag3) : True
2026-04-16 14:44:05,825 - semo.validator - INFO - Tag Exists 'tag3': True
2026-04-16 14:44:05,825 - semo.validator - INFO - Approval for list for tag operation for tag (tag3): True
2026-04-16 14:44:05,825 - semo.backend - INFO - Approved - List direct subtags operation (tag3) : True
2026-04-16 14:44:05,825 - semo.validator - INFO - Tag Exists 'tag3': True
2026-04-16 14:44:05,825 - semo.validator - INFO - Approval for list for tag operation for tag (tag3): True
2026-04-16 14:44:05,825 - semo.backend - INFO - Approved - List files for tag direct operation (tag3) : True
2026-04-16 14:44:05,827 - semo.validator - INFO - Tag Exists 'tag3': True
2026-04-16 14:44:05,827 - semo.validator - INFO - Approval for list for tag operation for tag (tag3): True
2026-04-16 14:44:05,827 - semo.backend - INFO - Approved - List files for tag direct operation (tag3) : True
2026-04-16 14:44:05,828 - semo.validator - INFO - Tag Exists 'tag3': True
2026-04-16 14:44:05,828 - semo.validator - INFO - Approval for list for tag operation for tag (tag3): True
2026-04-16 14:44:05,828 - semo.backend - INFO - Approved - List files for tag direct operation (tag3) : True
2026-04-16 14:44:05,829 - semo.validator - INFO - Tag Exists 'tag1': True
2026-04-16 14:44:05,829 - semo.validator - INFO - Approval for list for tag operation for tag (tag1): True
2026-04-16 14:44:05,829 - semo.backend - INFO - Approved - List files for tag direct operation (tag1) : True
2026-04-16 14:44:05,830 - semo.validator - INFO - Tag Exists 'tag2': True
2026-04-16 14:44:05,830 - semo.validator - INFO - Approval for list for tag operation for tag (tag2): True
2026-04-16 14:44:05,830 - semo.backend - INFO - Approved - List files for tag direct operation (tag2) : True
2026-04-16 14:44:05,831 - semo.validator - INFO - Tag Exists 'tag2': True
2026-04-16 14:44:05,831 - semo.validator - INFO - Approval for list for tag operation for tag (tag2): True
2026-04-16 14:44:05,831 - semo.backend - INFO - Approved - List files for tag direct operation (tag2) : True
2026-04-16 14:44:05,833 - semo.validator - INFO - Tag Exists 'tag2': True
2026-04-16 14:44:05,833 - semo.validator - INFO - Approval for list for tag operation for tag (tag2): True
2026-04-16 14:44:05,833 - semo.backend - INFO - Approved - List direct subtags operation (tag2) : True
2026-04-16 14:44:05,833 - semo.validator - INFO - Tag Exists 'tag2': True
2026-04-16 14:44:05,833 - semo.validator - INFO - Approval for list for tag operation for tag (tag2): True
2026-04-16 14:44:05,833 - semo.backend - INFO - Approved - List files for tag direct operation (tag2) : True
2026-04-16 14:44:05,834 - semo.validator - INFO - Tag Exists 'tag2': True
2026-04-16 14:44:05,834 - semo.validator - INFO - Approval for list for tag operation for tag (tag2): True
2026-04-16 14:44:05,834 - semo.backend - INFO - Approved - List files for tag direct operation (tag2) : True
2026-04-16 14:44:05,835 - semo.validator - INFO - Tag Exists 'tag2': True
2026-04-16 14:44:05,835 - semo.validator - INFO - Approval for list for tag operation for tag (tag2): True
2026-04-16 14:44:05,835 - semo.backend - INFO - Approved - List files for tag direct operation (tag2) : True
2026-04-16 14:44:11,093 - semo.validator - INFO - Tag Exists 'tag1': True
2026-04-16 14:44:11,093 - semo.validator - INFO - Approval for list for tag operation for tag (tag1): True
2026-04-16 14:44:11,093 - semo.backend - INFO - Approved - List direct subtags operation (tag1) : True
2026-04-16 14:44:11,095 - semo.validator - INFO - Tag Exists 'tag1': True
2026-04-16 14:44:11,096 - semo.validator - INFO - Approval for list for tag operation for tag (tag1): True
2026-04-16 14:44:11,096 - semo.backend - INFO - Approved - List files for tag direct operation (tag1) : True
2026-04-16 14:44:11,102 - semo.validator - INFO - Tag Exists 'tag1': True
2026-04-16 14:44:11,102 - semo.validator - INFO - Approval for list for tag operation for tag (tag1): True
2026-04-16 14:44:11,102 - semo.backend - INFO - Approved - List files for tag direct operation (tag1) : True
2026-04-16 14:44:11,107 - semo.validator - INFO - Tag Exists 'tag1': True
2026-04-16 14:44:11,107 - semo.validator - INFO - Approval for list for tag operation for tag (tag1): True
2026-04-16 14:44:11,107 - semo.backend - INFO - Approved - List files for tag direct operation (tag1) : True
2026-04-16 14:44:11,108 - semo.validator - INFO - Tag Exists 'tag1': True
2026-04-16 14:44:11,108 - semo.validator - INFO - Approval for list for tag operation for tag (tag1): True
2026-04-16 14:44:11,108 - semo.backend - INFO - Approved - List files for tag direct operation (tag1) : True
2026-04-16 14:44:11,109 - semo.validator - INFO - Tag Exists 'tag1': True
2026-04-16 14:44:11,109 - semo.validator - INFO - Approval for list for tag operation for tag (tag1): True
2026-04-16 14:44:11,109 - semo.backend - INFO - Approved - List files for tag direct operation (tag1) : True
2026-04-16 14:44:11,109 - semo.validator - INFO - Tag Exists 'tag1': True
2026-04-16 14:44:11,109 - semo.validator - INFO - Approval for list for tag operation for tag (tag1): True
2026-04-16 14:44:11,109 - semo.backend - INFO - Approved - List files for tag direct operation (tag1) : True
2026-04-16 14:44:11,110 - semo.validator - INFO - Tag Exists 'tag1': True
2026-04-16 14:44:11,110 - semo.validator - INFO - Approval for list for tag operation for tag (tag1): True
2026-04-16 14:44:11,110 - semo.backend - INFO - Approved - List files for tag direct operation (tag1) : True
2026-04-16 14:44:11,111 - semo.validator - INFO - Tag Exists 'tag1': True
2026-04-16 14:44:11,111 - semo.validator - INFO - Approval for list for tag operation for tag (tag1): True
2026-04-16 14:44:11,111 - semo.backend - INFO - Approved - List files for tag direct operation (tag1) : True
2026-04-16 14:44:11,112 - semo.validator - INFO - Tag Exists 'tag1': True
2026-04-16 14:44:11,112 - semo.validator - INFO - Approval for list for tag operation for tag (tag1): True
2026-04-16 14:44:11,112 - semo.backend - INFO - Approved - List files for tag direct operation (tag1) : True
2026-04-16 14:44:11,113 - semo.validator - INFO - Tag Exists 'tag1': True
2026-04-16 14:44:11,113 - semo.validator - INFO - Approval for list for tag operation for tag (tag1): True
2026-04-16 14:44:11,113 - semo.backend - INFO - Approved - List files for tag direct operation (tag1) : True
2026-04-16 14:44:11,114 - semo.validator - INFO - Tag Exists 'tag1': True
2026-04-16 14:44:11,114 - semo.validator - INFO - Approval for list for tag operation for tag (tag1): True
2026-04-16 14:44:11,114 - semo.backend - INFO - Approved - List files for tag direct operation (tag1) : True
2026-04-16 14:44:11,115 - semo.validator - INFO - Tag Exists 'tag1': True
2026-04-16 14:44:11,115 - semo.validator - INFO - Approval for list for tag operation for tag (tag1): True
2026-04-16 14:44:11,115 - semo.backend - INFO - Approved - List files for tag direct operation (tag1) : True
2026-04-16 14:44:11,115 - semo.validator - INFO - Tag Exists 'tag1': True
2026-04-16 14:44:11,115 - semo.validator - INFO - Approval for list for tag operation for tag (tag1): True
2026-04-16 14:44:11,115 - semo.backend - INFO - Approved - List files for tag direct operation (tag1) : True
2026-04-16 14:44:11,116 - semo.validator - INFO - Tag Exists 'tag1': True
2026-04-16 14:44:11,116 - semo.validator - INFO - Approval for list for tag operation for tag (tag1): True
2026-04-16 14:44:11,116 - semo.backend - INFO - Approved - List files for tag direct operation (tag1) : True
2026-04-16 14:44:11,117 - semo.validator - INFO - Tag Exists 'tag1': True
2026-04-16 14:44:11,117 - semo.validator - INFO - Approval for list for tag operation for tag (tag1): True
2026-04-16 14:44:11,117 - semo.backend - INFO - Approved - List files for tag direct operation (tag1) : True
2026-04-16 14:44:11,119 - semo.validator - INFO - Tag Exists 'tag3': True
2026-04-16 14:44:11,119 - semo.validator - INFO - Approval for list for tag operation for tag (tag3): True
2026-04-16 14:44:11,119 - semo.backend - INFO - Approved - List direct subtags operation (tag3) : True
2026-04-16 14:44:11,120 - semo.validator - INFO - Tag Exists 'tag3': True
2026-04-16 14:44:11,120 - semo.validator - INFO - Approval for list for tag operation for tag (tag3): True
2026-04-16 14:44:11,120 - semo.backend - INFO - Approved - List files for tag direct operation (tag3) : True
2026-04-16 14:44:11,121 - semo.validator - INFO - Tag Exists 'tag3': True
2026-04-16 14:44:11,122 - semo.validator - INFO - Approval for list for tag operation for tag (tag3): True
2026-04-16 14:44:11,122 - semo.backend - INFO - Approved - List files for tag direct operation (tag3) : True
2026-04-16 14:44:11,122 - semo.validator - INFO - Tag Exists 'tag3': True
2026-04-16 14:44:11,123 - semo.validator - INFO - Approval for list for tag operation for tag (tag3): True
2026-04-16 14:44:11,123 - semo.backend - INFO - Approved - List files for tag direct operation (tag3) : True
2026-04-16 14:44:11,123 - semo.validator - INFO - Tag Exists 'tag3': True
2026-04-16 14:44:11,123 - semo.validator - INFO - Approval for list for tag operation for tag (tag3): True
2026-04-16 14:44:11,123 - semo.backend - INFO - Approved - List files for tag direct operation (tag3) : True
2026-04-16 14:44:11,623 - semo.validator - INFO - Tag Exists 'tag1': True
2026-04-16 14:44:11,623 - semo.validator - INFO - Approval for list for tag operation for tag (tag1): True
2026-04-16 14:44:11,623 - semo.backend - INFO - Approved - List files for tag direct operation (tag1) : True
2026-04-16 14:44:11,625 - semo.validator - INFO - Tag Exists 'tag1': True
2026-04-16 14:44:11,625 - semo.validator - INFO - Approval for list for tag operation for tag (tag1): True
2026-04-16 14:44:11,625 - semo.backend - INFO - Approved - List files for tag direct operation (tag1) : True
2026-04-16 14:44:11,627 - semo.validator - INFO - Tag Exists 'tag1': True
2026-04-16 14:44:11,627 - semo.validator - INFO - Approval for list for tag operation for tag (tag1): True
2026-04-16 14:44:11,627 - semo.backend - INFO - Approved - List files for tag direct operation (tag1) : True
2026-04-16 14:44:11,630 - semo.validator - INFO - Tag Exists 'tag1': True
2026-04-16 14:44:11,630 - semo.validator - INFO - Approval for list for tag operation for tag (tag1): True
2026-04-16 14:44:11,630 - semo.backend - INFO - Approved - List files for tag direct operation (tag1) : True
2026-04-16 14:44:11,633 - semo.validator - INFO - Tag Exists 'tag1': True
2026-04-16 14:44:11,633 - semo.validator - INFO - Approval for list for tag operation for tag (tag1): True
2026-04-16 14:44:11,633 - semo.backend - INFO - Approved - List files for tag direct operation (tag1) : True
2026-04-16 14:44:26,160 - semo.validator - INFO - Tag Exists 'tag1': True
2026-04-16 14:44:26,160 - semo.validator - INFO - Approval for list for tag operation for tag (tag1): True
2026-04-16 14:44:26,160 - semo.backend - INFO - Approved - List files for tag direct operation (tag1) : True
2026-04-16 14:44:26,162 - semo.validator - INFO - Tag Exists 'tag1': True
2026-04-16 14:44:26,162 - semo.validator - INFO - Approval for list for tag operation for tag (tag1): True
2026-04-16 14:44:26,162 - semo.backend - INFO - Approved - List files for tag direct operation (tag1) : True
2026-04-16 14:44:26,165 - semo.validator - INFO - Tag Exists 'tag1': True
2026-04-16 14:44:26,166 - semo.validator - INFO - Approval for list for tag operation for tag (tag1): True
2026-04-16 14:44:26,166 - semo.backend - INFO - Approved - List files for tag direct operation (tag1) : True
2026-04-16 14:44:26,168 - semo.validator - INFO - Tag Exists 'tag1': True
2026-04-16 14:44:26,169 - semo.validator - INFO - Approval for list for tag operation for tag (tag1): True
2026-04-16 14:44:26,169 - semo.backend - INFO - Approved - List files for tag direct operation (tag1) : True
2026-04-16 14:44:26,171 - semo.validator - INFO - Tag Exists 'tag1': True
2026-04-16 14:44:26,171 - semo.validator - INFO - Approval for list for tag operation for tag (tag1): True
2026-04-16 14:44:26,171 - semo.backend - INFO - Approved - List files for tag direct operation (tag1) : True
2026-04-16 14:44:26,173 - semo.validator - INFO - Tag Exists 'tag1': True
2026-04-16 14:44:26,173 - semo.validator - INFO - Approval for list for tag operation for tag (tag1): True
2026-04-16 14:44:26,173 - semo.backend - INFO - Approved - List files for tag direct operation (tag1) : True
2026-04-16 14:44:26,175 - semo.validator - INFO - Tag Exists 'tag1': True
2026-04-16 14:44:26,175 - semo.validator - INFO - Approval for list for tag operation for tag (tag1): True
2026-04-16 14:44:26,175 - semo.backend - INFO - Approved - List files for tag direct operation (tag1) : True
2026-04-16 14:44:26,188 - semo.validator - INFO - Tag Exists 'tag1': True
2026-04-16 14:44:26,188 - semo.validator - INFO - Approval for list for tag operation for tag (tag1): True
2026-04-16 14:44:26,188 - semo.backend - INFO - Approved - List files for tag direct operation (tag1) : True
2026-04-16 14:44:26,190 - semo.validator - INFO - Tag Exists 'tag1': True
2026-04-16 14:44:26,190 - semo.validator - INFO - Approval for list for tag operation for tag (tag1): True
2026-04-16 14:44:26,190 - semo.backend - INFO - Approved - List files for tag direct operation (tag1) : True
2026-04-16 14:44:26,191 - semo.validator - INFO - Tag Exists 'tag1': True
2026-04-16 14:44:26,191 - semo.validator - INFO - Approval for list for tag operation for tag (tag1): True
2026-04-16 14:44:26,191 - semo.backend - INFO - Approved - List files for tag direct operation (tag1) : True
2026-04-16 14:44:26,495 - semo.validator - INFO - Tag Exists 'tag1': True
2026-04-16 14:44:26,495 - semo.validator - INFO - Approval for list for tag operation for tag (tag1): True
2026-04-16 14:44:26,495 - semo.backend - INFO - Approved - List files for tag direct operation (tag1) : True
2026-04-16 14:44:26,496 - semo.validator - INFO - Tag Exists 'tag1': True
2026-04-16 14:44:26,496 - semo.validator - INFO - Approval for list for tag operation for tag (tag1): True
2026-04-16 14:44:26,496 - semo.backend - INFO - Approved - List files for tag direct operation (tag1) : True
2026-04-16 14:44:26,497 - semo.validator - INFO - Tag Exists 'tag1': True
2026-04-16 14:44:26,497 - semo.validator - INFO - Approval for list for tag operation for tag (tag1): True
2026-04-16 14:44:26,497 - semo.backend - INFO - Approved - List files for tag direct operation (tag1) : True
2026-04-16 14:44:26,499 - semo.validator - INFO - Tag Exists 'tag1': True
2026-04-16 14:44:26,499 - semo.validator - INFO - Approval for list for tag operation for tag (tag1): True
2026-04-16 14:44:26,499 - semo.backend - INFO - Approved - List files for tag direct operation (tag1) : True
2026-04-16 14:44:26,501 - semo.validator - INFO - Tag Exists 'tag1': True
2026-04-16 14:44:26,501 - semo.validator - INFO - Approval for list for tag operation for tag (tag1): True
2026-04-16 14:44:26,501 - semo.backend - INFO - Approved - List files for tag direct operation (tag1) : True
2026-04-16 14:44:26,502 - semo.validator - INFO - Tag Exists 'tag1': True
2026-04-16 14:44:26,502 - semo.validator - INFO - Approval for list for tag operation for tag (tag1): True
2026-04-16 14:44:26,502 - semo.backend - INFO - Approved - List files for tag direct operation (tag1) : True
2026-04-16 14:44:26,503 - semo.validator - INFO - Tag Exists 'tag1': True
2026-04-16 14:44:26,503 - semo.validator - INFO - Approval for list for tag operation for tag (tag1): True
2026-04-16 14:44:26,503 - semo.backend - INFO - Approved - List files for tag direct operation (tag1) : True
2026-04-16 14:44:26,505 - semo.validator - INFO - Tag Exists 'tag1': True
2026-04-16 14:44:26,505 - semo.validator - INFO - Approval for list for tag operation for tag (tag1): True
2026-04-16 14:44:26,505 - semo.backend - INFO - Approved - List files for tag direct operation (tag1) : True
2026-04-16 14:44:26,506 - semo.validator - INFO - Tag Exists 'tag1': True
2026-04-16 14:44:26,506 - semo.validator - INFO - Approval for list for tag operation for tag (tag1): True
2026-04-16 14:44:26,506 - semo.backend - INFO - Approved - List files for tag direct operation (tag1) : True
2026-04-16 14:44:26,507 - semo.validator - INFO - Tag Exists 'tag1': True
2026-04-16 14:44:26,507 - semo.validator - INFO - Approval for list for tag operation for tag (tag1): True
2026-04-16 14:44:26,507 - semo.backend - INFO - Approved - List files for tag direct operation (tag1) : True
2026-04-16 14:44:26,508 - semo.validator - INFO - Tag Exists 'tag1': True
2026-04-16 14:44:26,508 - semo.validator - INFO - Approval for list for tag operation for tag (tag1): True
2026-04-16 14:44:26,508 - semo.backend - INFO - Approved - List files for tag direct operation (tag1) : True
2026-04-16 14:44:26,510 - semo.validator - INFO - Tag Exists 'tag1': True
2026-04-16 14:44:26,510 - semo.validator - INFO - Approval for list for tag operation for tag (tag1): True
2026-04-16 14:44:26,510 - semo.backend - INFO - Approved - List files for tag direct operation (tag1) : True
2026-04-16 14:44:26,511 - semo.validator - INFO - Tag Exists 'tag1': True
2026-04-16 14:44:26,511 - semo.validator - INFO - Approval for list for tag operation for tag (tag1): True
2026-04-16 14:44:26,511 - semo.backend - INFO - Approved - List files for tag direct operation (tag1) : True
2026-04-16 14:44:26,513 - semo.validator - INFO - Tag Exists 'tag1': True
2026-04-16 14:44:26,513 - semo.validator - INFO - Approval for list for tag operation for tag (tag1): True
2026-04-16 14:44:26,513 - semo.backend - INFO - Approved - List files for tag direct operation (tag1) : True
2026-04-16 14:44:26,513 - semo.validator - INFO - Tag Exists 'tag1': True
2026-04-16 14:44:26,513 - semo.validator - INFO - Approval for list for tag operation for tag (tag1): True
2026-04-16 14:44:26,513 - semo.backend - INFO - Approved - List files for tag direct operation (tag1) : True
2026-04-16 14:44:26,514 - semo.validator - INFO - Tag Exists 'tag1': True
2026-04-16 14:44:26,514 - semo.validator - INFO - Approval for list for tag operation for tag (tag1): True
2026-04-16 14:44:26,514 - semo.backend - INFO - Approved - List files for tag direct operation (tag1) : True
2026-04-16 14:44:26,537 - semo.validator - INFO - Tag Exists 'tag1': True
2026-04-16 14:44:26,537 - semo.validator - INFO - Approval for list for tag operation for tag (tag1): True
2026-04-16 14:44:26,537 - semo.backend - INFO - Approved - List direct subtags operation (tag1) : True
2026-04-16 14:44:26,538 - semo.validator - INFO - Tag Exists 'tag1': True
2026-04-16 14:44:26,538 - semo.validator - INFO - Approval for list for tag operation for tag (tag1): True
2026-04-16 14:44:26,538 - semo.backend - INFO - Approved - List files for tag direct operation (tag1) : True
2026-04-16 14:44:26,540 - semo.validator - INFO - Tag Exists 'tag1': True
2026-04-16 14:44:26,540 - semo.validator - INFO - Approval for list for tag operation for tag (tag1): True
2026-04-16 14:44:26,540 - semo.backend - INFO - Approved - List files for tag direct operation (tag1) : True
2026-04-16 14:44:26,541 - semo.validator - INFO - Tag Exists 'tag1': True
2026-04-16 14:44:26,541 - semo.validator - INFO - Approval for list for tag operation for tag (tag1): True
2026-04-16 14:44:26,541 - semo.backend - INFO - Approved - List files for tag direct operation (tag1) : True
2026-04-16 14:44:26,542 - semo.validator - INFO - Tag Exists 'tag1': True
2026-04-16 14:44:26,542 - semo.validator - INFO - Approval for list for tag operation for tag (tag1): True
2026-04-16 14:44:26,542 - semo.backend - INFO - Approved - List files for tag direct operation (tag1) : True
2026-04-16 14:44:26,543 - semo.validator - INFO - Tag Exists 'tag1': True
2026-04-16 14:44:26,543 - semo.validator - INFO - Approval for list for tag operation for tag (tag1): True
2026-04-16 14:44:26,543 - semo.backend - INFO - Approved - List files for tag direct operation (tag1) : True
2026-04-16 14:44:26,543 - semo.validator - INFO - Tag Exists 'tag1': True
2026-04-16 14:44:26,543 - semo.validator - INFO - Approval for list for tag operation for tag (tag1): True
2026-04-16 14:44:26,543 - semo.backend - INFO - Approved - List files for tag direct operation (tag1) : True
2026-04-16 14:44:26,544 - semo.validator - INFO - Tag Exists 'tag1': True
2026-04-16 14:44:26,544 - semo.validator - INFO - Approval for list for tag operation for tag (tag1): True
2026-04-16 14:44:26,544 - semo.backend - INFO - Approved - List files for tag direct operation (tag1) : True
2026-04-16 14:44:26,545 - semo.validator - INFO - Tag Exists 'tag1': True
2026-04-16 14:44:26,545 - semo.validator - INFO - Approval for list for tag operation for tag (tag1): True
2026-04-16 14:44:26,545 - semo.backend - INFO - Approved - List files for tag direct operation (tag1) : True
2026-04-16 14:44:26,546 - semo.validator - INFO - Tag Exists 'tag1': True
2026-04-16 14:44:26,546 - semo.validator - INFO - Approval for list for tag operation for tag (tag1): True
2026-04-16 14:44:26,546 - semo.backend - INFO - Approved - List files for tag direct operation (tag1) : True
2026-04-16 14:44:26,547 - semo.validator - INFO - Tag Exists 'tag1': True
2026-04-16 14:44:26,547 - semo.validator - INFO - Approval for list for tag operation for tag (tag1): True
2026-04-16 14:44:26,547 - semo.backend - INFO - Approved - List files for tag direct operation (tag1) : True
2026-04-16 14:44:26,548 - semo.validator - INFO - Tag Exists 'tag1': True
2026-04-16 14:44:26,548 - semo.validator - INFO - Approval for list for tag operation for tag (tag1): True
2026-04-16 14:44:26,548 - semo.backend - INFO - Approved - List files for tag direct operation (tag1) : True
2026-04-16 14:44:26,548 - semo.validator - INFO - Tag Exists 'tag1': True
2026-04-16 14:44:26,548 - semo.validator - INFO - Approval for list for tag operation for tag (tag1): True
2026-04-16 14:44:26,548 - semo.backend - INFO - Approved - List files for tag direct operation (tag1) : True
2026-04-16 14:44:26,551 - semo.validator - INFO - Tag Exists 'tag1': True
2026-04-16 14:44:26,551 - semo.validator - INFO - Approval for list for tag operation for tag (tag1): True
2026-04-16 14:44:26,551 - semo.backend - INFO - Approved - List files for tag direct operation (tag1) : True
2026-04-16 14:44:26,553 - semo.validator - INFO - Tag Exists 'tag1': True
2026-04-16 14:44:26,553 - semo.validator - INFO - Approval for list for tag operation for tag (tag1): True
2026-04-16 14:44:26,553 - semo.backend - INFO - Approved - List files for tag direct operation (tag1) : True
2026-04-16 14:44:26,554 - semo.validator - INFO - Tag Exists 'tag1': True
2026-04-16 14:44:26,554 - semo.validator - INFO - Approval for list for tag operation for tag (tag1): True
2026-04-16 14:44:26,554 - semo.backend - INFO - Approved - List files for tag direct operation (tag1) : True
2026-04-16 14:44:26,556 - semo.validator - INFO - Tag Exists 'tag1': True
2026-04-16 14:44:26,556 - semo.validator - INFO - Approval for list for tag operation for tag (tag1): True
2026-04-16 14:44:26,556 - semo.backend - INFO - Approved - List files for tag direct operation (tag1) : True
2026-04-16 14:44:26,557 - semo.validator - INFO - Tag Exists 'tag1': True
2026-04-16 14:44:26,557 - semo.validator - INFO - Approval for list for tag operation for tag (tag1): True
2026-04-16 14:44:26,557 - semo.backend - INFO - Approved - List files for tag direct operation (tag1) : True
2026-04-16 14:44:26,557 - semo.validator - INFO - Tag Exists 'tag1': True
2026-04-16 14:44:26,557 - semo.validator - INFO - Approval for list for tag operation for tag (tag1): True
2026-04-16 14:44:26,557 - semo.backend - INFO - Approved - List files for tag direct operation (tag1) : True
2026-04-16 14:44:26,560 - semo.validator - INFO - Tag Exists 'tag1': True
2026-04-16 14:44:26,560 - semo.validator - INFO - Approval for list for tag operation for tag (tag1): True
2026-04-16 14:44:26,560 - semo.backend - INFO - Approved - List files for tag direct operation (tag1) : True
2026-04-16 14:44:26,560 - semo.validator - INFO - Tag Exists 'tag1': True
2026-04-16 14:44:26,561 - semo.validator - INFO - Approval for list for tag operation for tag (tag1): True
2026-04-16 14:44:26,561 - semo.backend - INFO - Approved - List files for tag direct operation (tag1) : True
2026-04-16 14:44:26,561 - semo.validator - INFO - Tag Exists 'tag1': True
2026-04-16 14:44:26,561 - semo.validator - INFO - Approval for list for tag operation for tag (tag1): True
2026-04-16 14:44:26,561 - semo.backend - INFO - Approved - List files for tag direct operation (tag1) : True
2026-04-16 14:44:26,566 - semo.validator - INFO - Tag Exists 'tag1': True
2026-04-16 14:44:26,566 - semo.validator - INFO - Approval for list for tag operation for tag (tag1): True
2026-04-16 14:44:26,566 - semo.backend - INFO - Approved - List files for tag direct operation (tag1) : True
2026-04-16 14:44:26,567 - semo.validator - INFO - Tag Exists 'tag1': True
2026-04-16 14:44:26,567 - semo.validator - INFO - Approval for list for tag operation for tag (tag1): True
2026-04-16 14:44:26,567 - semo.backend - INFO - Approved - List files for tag direct operation (tag1) : True
2026-04-16 14:44:26,568 - semo.validator - INFO - Tag Exists 'tag1': True
2026-04-16 14:44:26,568 - semo.validator - INFO - Approval for list for tag operation for tag (tag1): True
2026-04-16 14:44:26,568 - semo.backend - INFO - Approved - List files for tag direct operation (tag1) : True
2026-04-16 14:44:26,570 - semo.validator - INFO - Tag Exists 'tag1': True
2026-04-16 14:44:26,570 - semo.validator - INFO - Approval for list for tag operation for tag (tag1): True
2026-04-16 14:44:26,570 - semo.backend - INFO - Approved - List files for tag direct operation (tag1) : True
2026-04-16 14:44:26,570 - semo.validator - INFO - Tag Exists 'tag1': True
2026-04-16 14:44:26,570 - semo.validator - INFO - Approval for list for tag operation for tag (tag1): True
2026-04-16 14:44:26,570 - semo.backend - INFO - Approved - List files for tag direct operation (tag1) : True
2026-04-16 14:44:26,571 - semo.validator - INFO - Tag Exists 'tag1': True
2026-04-16 14:44:26,571 - semo.validator - INFO - Approval for list for tag operation for tag (tag1): True
2026-04-16 14:44:26,571 - semo.backend - INFO - Approved - List files for tag direct operation (tag1) : True
2026-04-16 14:44:26,574 - semo.validator - INFO - Tag Exists 'tag1': True
2026-04-16 14:44:26,574 - semo.validator - INFO - Approval for list for tag operation for tag (tag1): True
2026-04-16 14:44:26,575 - semo.backend - INFO - Approved - List files for tag direct operation (tag1) : True
2026-04-16 14:44:26,575 - semo.validator - INFO - Tag Exists 'tag1': True
2026-04-16 14:44:26,575 - semo.validator - INFO - Approval for list for tag operation for tag (tag1): True
2026-04-16 14:44:26,575 - semo.backend - INFO - Approved - List files for tag direct operation (tag1) : True
2026-04-16 14:44:26,576 - semo.validator - INFO - Tag Exists 'tag1': True
2026-04-16 14:44:26,576 - semo.validator - INFO - Approval for list for tag operation for tag (tag1): True
2026-04-16 14:44:26,576 - semo.backend - INFO - Approved - List files for tag direct operation (tag1) : True
2026-04-16 14:44:26,577 - semo.validator - INFO - Tag Exists 'tag1': True
2026-04-16 14:44:26,577 - semo.validator - INFO - Approval for list for tag operation for tag (tag1): True
2026-04-16 14:44:26,577 - semo.backend - INFO - Approved - List files for tag direct operation (tag1) : True
2026-04-16 14:44:31,359 - semo.validator - INFO - Tag Exists 'tag1': True
2026-04-16 14:44:31,359 - semo.validator - INFO - Approval for list for tag operation for tag (tag1): True
2026-04-16 14:44:31,359 - semo.backend - INFO - Approved - List files for tag direct operation (tag1) : True
2026-04-16 14:44:35,099 - semo.validator - INFO - Tag Exists 'tag1': True
2026-04-16 14:44:35,099 - semo.validator - INFO - Approval for list for tag operation for tag (tag1): True
2026-04-16 14:44:35,099 - semo.backend - INFO - Approved - List files for tag direct operation (tag1) : True
2026-04-16 14:44:35,100 - semo.validator - INFO - Tag Exists 'tag3': True
2026-04-16 14:44:35,100 - semo.validator - INFO - Approval for list for tag operation for tag (tag3): True
2026-04-16 14:44:35,100 - semo.backend - INFO - Approved - List direct subtags operation (tag3) : True
2026-04-16 14:44:35,101 - semo.validator - INFO - Tag Exists 'tag3': True
2026-04-16 14:44:35,101 - semo.validator - INFO - Approval for list for tag operation for tag (tag3): True
2026-04-16 14:44:35,101 - semo.backend - INFO - Approved - List files for tag direct operation (tag3) : True
2026-04-16 14:44:35,103 - semo.validator - INFO - Tag Exists 'tag3': True
2026-04-16 14:44:35,104 - semo.validator - INFO - Approval for list for tag operation for tag (tag3): True
2026-04-16 14:44:35,104 - semo.backend - INFO - Approved - List files for tag direct operation (tag3) : True
2026-04-16 14:44:35,104 - semo.validator - INFO - Tag Exists 'tag3': True
2026-04-16 14:44:35,104 - semo.validator - INFO - Approval for list for tag operation for tag (tag3): True
2026-04-16 14:44:35,104 - semo.backend - INFO - Approved - List files for tag direct operation (tag3) : True
2026-04-16 14:44:35,105 - semo.validator - INFO - Tag Exists 'tag3': True
2026-04-16 14:44:35,105 - semo.validator - INFO - Approval for list for tag operation for tag (tag3): True
2026-04-16 14:44:35,105 - semo.backend - INFO - Approved - List files for tag direct operation (tag3) : True
2026-04-16 14:44:35,106 - semo.validator - INFO - Tag Exists 'tag3': True
2026-04-16 14:44:35,106 - semo.validator - INFO - Approval for list for tag operation for tag (tag3): True
2026-04-16 14:44:35,106 - semo.backend - INFO - Approved - List files for tag direct operation (tag3) : True
2026-04-16 14:44:35,107 - semo.validator - INFO - Tag Exists 'tag3': True
2026-04-16 14:44:35,107 - semo.validator - INFO - Approval for list for tag operation for tag (tag3): True
2026-04-16 14:44:35,107 - semo.backend - INFO - Approved - List files for tag direct operation (tag3) : True
2026-04-16 14:44:35,108 - semo.validator - INFO - Tag Exists 'tag3': True
2026-04-16 14:44:35,108 - semo.validator - INFO - Approval for list for tag operation for tag (tag3): True
2026-04-16 14:44:35,108 - semo.backend - INFO - Approved - List files for tag direct operation (tag3) : True
2026-04-16 14:44:35,108 - semo.validator - INFO - Tag Exists 'tag3': True
2026-04-16 14:44:35,108 - semo.validator - INFO - Approval for list for tag operation for tag (tag3): True
2026-04-16 14:44:35,108 - semo.backend - INFO - Approved - List files for tag direct operation (tag3) : True
2026-04-16 14:44:35,110 - semo.validator - INFO - Tag Exists 'tag3': True
2026-04-16 14:44:35,110 - semo.validator - INFO - Approval for list for tag operation for tag (tag3): True
2026-04-16 14:44:35,110 - semo.backend - INFO - Approved - List files for tag direct operation (tag3) : True
2026-04-16 14:44:35,617 - semo.validator - INFO - Tag Exists 'tag3': True
2026-04-16 14:44:35,617 - semo.validator - INFO - Approval for list for tag operation for tag (tag3): True
2026-04-16 14:44:35,617 - semo.backend - INFO - Approved - List files for tag direct operation (tag3) : True
2026-04-16 14:44:35,619 - semo.validator - INFO - Tag Exists 'tag3': True
2026-04-16 14:44:35,619 - semo.validator - INFO - Approval for list for tag operation for tag (tag3): True
2026-04-16 14:44:35,619 - semo.backend - INFO - Approved - List files for tag direct operation (tag3) : True
2026-04-16 14:44:35,622 - semo.validator - INFO - Tag Exists 'tag3': True
2026-04-16 14:44:35,622 - semo.validator - INFO - Approval for list for tag operation for tag (tag3): True
2026-04-16 14:44:35,622 - semo.backend - INFO - Approved - List files for tag direct operation (tag3) : True
2026-04-16 14:44:35,625 - semo.validator - INFO - Tag Exists 'tag3': True
2026-04-16 14:44:35,625 - semo.validator - INFO - Approval for list for tag operation for tag (tag3): True
2026-04-16 14:44:35,625 - semo.backend - INFO - Approved - List files for tag direct operation (tag3) : True
2026-04-16 14:44:35,631 - semo.validator - INFO - Tag Exists 'tag3': True
2026-04-16 14:44:35,631 - semo.validator - INFO - Approval for list for tag operation for tag (tag3): True
2026-04-16 14:44:35,631 - semo.backend - INFO - Approved - List files for tag direct operation (tag3) : True
2026-04-16 14:44:36,611 - semo.validator - INFO - Tag Exists 'tag1': True
2026-04-16 14:44:36,611 - semo.validator - INFO - Approval for list for tag operation for tag (tag1): True
2026-04-16 14:44:36,612 - semo.backend - INFO - Approved - List direct subtags operation (tag1) : True
2026-04-16 14:44:36,612 - semo.validator - INFO - Tag Exists 'tag1': True
2026-04-16 14:44:36,613 - semo.validator - INFO - Approval for list for tag operation for tag (tag1): True
2026-04-16 14:44:36,613 - semo.backend - INFO - Approved - List files for tag direct operation (tag1) : True
2026-04-16 14:44:36,615 - semo.validator - INFO - Tag Exists 'tag1': True
2026-04-16 14:44:36,615 - semo.validator - INFO - Approval for list for tag operation for tag (tag1): True
2026-04-16 14:44:36,615 - semo.backend - INFO - Approved - List files for tag direct operation (tag1) : True
2026-04-16 14:44:36,616 - semo.validator - INFO - Tag Exists 'tag1': True
2026-04-16 14:44:36,616 - semo.validator - INFO - Approval for list for tag operation for tag (tag1): True
2026-04-16 14:44:36,616 - semo.backend - INFO - Approved - List files for tag direct operation (tag1) : True
2026-04-16 14:44:36,617 - semo.validator - INFO - Tag Exists 'tag1': True
2026-04-16 14:44:36,617 - semo.validator - INFO - Approval for list for tag operation for tag (tag1): True
2026-04-16 14:44:36,617 - semo.backend - INFO - Approved - List files for tag direct operation (tag1) : True
2026-04-16 14:44:36,618 - semo.validator - INFO - Tag Exists 'tag1': True
2026-04-16 14:44:36,618 - semo.validator - INFO - Approval for list for tag operation for tag (tag1): True
2026-04-16 14:44:36,618 - semo.backend - INFO - Approved - List files for tag direct operation (tag1) : True
2026-04-16 14:44:36,619 - semo.validator - INFO - Tag Exists 'tag1': True
2026-04-16 14:44:36,619 - semo.validator - INFO - Approval for list for tag operation for tag (tag1): True
2026-04-16 14:44:36,619 - semo.backend - INFO - Approved - List files for tag direct operation (tag1) : True
2026-04-16 14:44:36,619 - semo.validator - INFO - Tag Exists 'tag1': True
2026-04-16 14:44:36,619 - semo.validator - INFO - Approval for list for tag operation for tag (tag1): True
2026-04-16 14:44:36,619 - semo.backend - INFO - Approved - List files for tag direct operation (tag1) : True
2026-04-16 14:44:36,622 - semo.validator - INFO - Tag Exists 'tag1': True
2026-04-16 14:44:36,622 - semo.validator - INFO - Approval for list for tag operation for tag (tag1): True
2026-04-16 14:44:36,622 - semo.backend - INFO - Approved - List files for tag direct operation (tag1) : True
2026-04-16 14:44:36,622 - semo.validator - INFO - Tag Exists 'tag1': True
2026-04-16 14:44:36,622 - semo.validator - INFO - Approval for list for tag operation for tag (tag1): True
2026-04-16 14:44:36,622 - semo.backend - INFO - Approved - List files for tag direct operation (tag1) : True
2026-04-16 14:44:36,623 - semo.validator - INFO - Tag Exists 'tag1': True
2026-04-16 14:44:36,623 - semo.validator - INFO - Approval for list for tag operation for tag (tag1): True
2026-04-16 14:44:36,623 - semo.backend - INFO - Approved - List files for tag direct operation (tag1) : True
2026-04-16 14:44:36,624 - semo.validator - INFO - Tag Exists 'tag1': True
2026-04-16 14:44:36,624 - semo.validator - INFO - Approval for list for tag operation for tag (tag1): True
2026-04-16 14:44:36,624 - semo.backend - INFO - Approved - List files for tag direct operation (tag1) : True
2026-04-16 14:44:36,625 - semo.validator - INFO - Tag Exists 'tag1': True
2026-04-16 14:44:36,625 - semo.validator - INFO - Approval for list for tag operation for tag (tag1): True
2026-04-16 14:44:36,625 - semo.backend - INFO - Approved - List files for tag direct operation (tag1) : True
2026-04-16 14:44:36,625 - semo.validator - INFO - Tag Exists 'tag1': True
2026-04-16 14:44:36,625 - semo.validator - INFO - Approval for list for tag operation for tag (tag1): True
2026-04-16 14:44:36,625 - semo.backend - INFO - Approved - List files for tag direct operation (tag1) : True
2026-04-16 14:44:36,627 - semo.validator - INFO - Tag Exists 'tag1': True
2026-04-16 14:44:36,627 - semo.validator - INFO - Approval for list for tag operation for tag (tag1): True
2026-04-16 14:44:36,627 - semo.backend - INFO - Approved - List files for tag direct operation (tag1) : True
2026-04-16 14:44:37,063 - semo.validator - INFO - Tag Exists 'tag2': True
2026-04-16 14:44:37,063 - semo.validator - INFO - Approval for list for tag operation for tag (tag2): True
2026-04-16 14:44:37,063 - semo.backend - INFO - Approved - List direct subtags operation (tag2) : True
2026-04-16 14:44:37,064 - semo.validator - INFO - Tag Exists 'tag2': True
2026-04-16 14:44:37,064 - semo.validator - INFO - Approval for list for tag operation for tag (tag2): True
2026-04-16 14:44:37,064 - semo.backend - INFO - Approved - List files for tag direct operation (tag2) : True
2026-04-16 14:44:37,065 - semo.validator - INFO - Tag Exists 'tag2': True
2026-04-16 14:44:37,065 - semo.validator - INFO - Approval for list for tag operation for tag (tag2): True
2026-04-16 14:44:37,065 - semo.backend - INFO - Approved - List files for tag direct operation (tag2) : True
2026-04-16 14:44:37,066 - semo.validator - INFO - Tag Exists 'tag2': True
2026-04-16 14:44:37,066 - semo.validator - INFO - Approval for list for tag operation for tag (tag2): True
2026-04-16 14:44:37,066 - semo.backend - INFO - Approved - List files for tag direct operation (tag2) : True
2026-04-16 14:44:37,068 - semo.validator - INFO - Tag Exists 'tag2': True
2026-04-16 14:44:37,068 - semo.validator - INFO - Approval for list for tag operation for tag (tag2): True
2026-04-16 14:44:37,068 - semo.backend - INFO - Approved - List files for tag direct operation (tag2) : True
2026-04-16 14:44:38,622 - semo.validator - INFO - Tag Exists 'tag1': True
2026-04-16 14:44:38,622 - semo.validator - INFO - Approval for list for tag operation for tag (tag1): True
2026-04-16 14:44:38,622 - semo.backend - INFO - Approved - List files for tag direct operation (tag1) : True
2026-04-16 14:44:38,623 - semo.validator - INFO - Tag Exists 'tag1': True
2026-04-16 14:44:38,623 - semo.validator - INFO - Approval for list for tag operation for tag (tag1): True
2026-04-16 14:44:38,623 - semo.backend - INFO - Approved - List files for tag direct operation (tag1) : True
2026-04-16 14:44:38,624 - semo.validator - INFO - Tag Exists 'tag1': True
2026-04-16 14:44:38,624 - semo.validator - INFO - Approval for list for tag operation for tag (tag1): True
2026-04-16 14:44:38,624 - semo.backend - INFO - Approved - List direct subtags operation (tag1) : True
2026-04-16 14:44:38,624 - semo.validator - INFO - Tag Exists 'tag1': True
2026-04-16 14:44:38,624 - semo.validator - INFO - Approval for list for tag operation for tag (tag1): True
2026-04-16 14:44:38,624 - semo.backend - INFO - Approved - List files for tag direct operation (tag1) : True
2026-04-16 14:44:38,627 - semo.validator - INFO - Tag Exists 'tag1': True
2026-04-16 14:44:38,627 - semo.validator - INFO - Approval for list for tag operation for tag (tag1): True
2026-04-16 14:44:38,627 - semo.backend - INFO - Approved - List files for tag direct operation (tag1) : True
2026-04-16 14:44:38,629 - semo.validator - INFO - Tag Exists 'tag3': True
2026-04-16 14:44:38,629 - semo.validator - INFO - Approval for list for tag operation for tag (tag3): True
2026-04-16 14:44:38,629 - semo.backend - INFO - Approved - List files for tag direct operation (tag3) : True
2026-04-16 14:44:38,630 - semo.validator - INFO - Tag Exists 'tag3': True
2026-04-16 14:44:38,630 - semo.validator - INFO - Approval for list for tag operation for tag (tag3): True
2026-04-16 14:44:38,630 - semo.backend - INFO - Approved - List files for tag direct operation (tag3) : True
2026-04-16 14:44:38,631 - semo.validator - INFO - Tag Exists 'tag3': True
2026-04-16 14:44:38,631 - semo.validator - INFO - Approval for list for tag operation for tag (tag3): True
2026-04-16 14:44:38,631 - semo.backend - INFO - Approved - List direct subtags operation (tag3) : True
2026-04-16 14:44:38,631 - semo.validator - INFO - Tag Exists 'tag3': True
2026-04-16 14:44:38,631 - semo.validator - INFO - Approval for list for tag operation for tag (tag3): True
2026-04-16 14:44:38,631 - semo.backend - INFO - Approved - List files for tag direct operation (tag3) : True
2026-04-16 14:44:38,632 - semo.validator - INFO - Tag Exists 'tag3': True
2026-04-16 14:44:38,632 - semo.validator - INFO - Approval for list for tag operation for tag (tag3): True
2026-04-16 14:44:38,632 - semo.backend - INFO - Approved - List files for tag direct operation (tag3) : True
2026-04-16 14:44:38,633 - semo.validator - INFO - Tag Exists 'tag3': True
2026-04-16 14:44:38,633 - semo.validator - INFO - Approval for list for tag operation for tag (tag3): True
2026-04-16 14:44:38,633 - semo.backend - INFO - Approved - List files for tag direct operation (tag3) : True
2026-04-16 14:44:38,634 - semo.validator - INFO - Tag Exists 'tag1': True
2026-04-16 14:44:38,634 - semo.validator - INFO - Approval for list for tag operation for tag (tag1): True
2026-04-16 14:44:38,634 - semo.backend - INFO - Approved - List files for tag direct operation (tag1) : True
2026-04-16 14:44:38,636 - semo.validator - INFO - Tag Exists 'tag2': True
2026-04-16 14:44:38,636 - semo.validator - INFO - Approval for list for tag operation for tag (tag2): True
2026-04-16 14:44:38,636 - semo.backend - INFO - Approved - List files for tag direct operation (tag2) : True
2026-04-16 14:44:38,637 - semo.validator - INFO - Tag Exists 'tag2': True
2026-04-16 14:44:38,637 - semo.validator - INFO - Approval for list for tag operation for tag (tag2): True
2026-04-16 14:44:38,637 - semo.backend - INFO - Approved - List files for tag direct operation (tag2) : True
2026-04-16 14:44:38,637 - semo.validator - INFO - Tag Exists 'tag2': True
2026-04-16 14:44:38,637 - semo.validator - INFO - Approval for list for tag operation for tag (tag2): True
2026-04-16 14:44:38,637 - semo.backend - INFO - Approved - List direct subtags operation (tag2) : True
2026-04-16 14:44:38,638 - semo.validator - INFO - Tag Exists 'tag2': True
2026-04-16 14:44:38,638 - semo.validator - INFO - Approval for list for tag operation for tag (tag2): True
2026-04-16 14:44:38,638 - semo.backend - INFO - Approved - List files for tag direct operation (tag2) : True
2026-04-16 14:44:38,639 - semo.validator - INFO - Tag Exists 'tag2': True
2026-04-16 14:44:38,640 - semo.validator - INFO - Approval for list for tag operation for tag (tag2): True
2026-04-16 14:44:38,640 - semo.backend - INFO - Approved - List files for tag direct operation (tag2) : True
2026-04-16 14:44:38,641 - semo.validator - INFO - Tag Exists 'tag2': True
2026-04-16 14:44:38,641 - semo.validator - INFO - Approval for list for tag operation for tag (tag2): True
2026-04-16 14:44:38,641 - semo.backend - INFO - Approved - List files for tag direct operation (tag2) : True
2026-04-16 14:44:43,708 - semo.validator - INFO - Tag Exists 'tag1': True
2026-04-16 14:44:43,708 - semo.validator - INFO - Approval for list for tag operation for tag (tag1): True
2026-04-16 14:44:43,708 - semo.backend - INFO - Approved - List files for tag direct operation (tag1) : True
2026-04-16 14:44:43,710 - semo.validator - INFO - Tag Exists 'tag1': True
2026-04-16 14:44:43,710 - semo.validator - INFO - Approval for list for tag operation for tag (tag1): True
2026-04-16 14:44:43,710 - semo.backend - INFO - Approved - List files for tag direct operation (tag1) : True
2026-04-16 14:44:43,712 - semo.validator - INFO - Tag Exists 'tag1': True
2026-04-16 14:44:43,712 - semo.validator - INFO - Approval for list for tag operation for tag (tag1): True
2026-04-16 14:44:43,712 - semo.backend - INFO - Approved - List direct subtags operation (tag1) : True
2026-04-16 14:44:43,713 - semo.validator - INFO - Tag Exists 'tag1': True
2026-04-16 14:44:43,713 - semo.validator - INFO - Approval for list for tag operation for tag (tag1): True
2026-04-16 14:44:43,713 - semo.backend - INFO - Approved - List files for tag direct operation (tag1) : True
2026-04-16 14:44:43,716 - semo.validator - INFO - Tag Exists 'tag1': True
2026-04-16 14:44:43,716 - semo.validator - INFO - Approval for list for tag operation for tag (tag1): True
2026-04-16 14:44:43,716 - semo.backend - INFO - Approved - List files for tag direct operation (tag1) : True
2026-04-16 14:44:43,717 - semo.validator - INFO - Tag Exists 'tag3': True
2026-04-16 14:44:43,717 - semo.validator - INFO - Approval for list for tag operation for tag (tag3): True
2026-04-16 14:44:43,717 - semo.backend - INFO - Approved - List files for tag direct operation (tag3) : True
2026-04-16 14:44:43,720 - semo.validator - INFO - Tag Exists 'tag3': True
2026-04-16 14:44:43,720 - semo.validator - INFO - Approval for list for tag operation for tag (tag3): True
2026-04-16 14:44:43,720 - semo.backend - INFO - Approved - List files for tag direct operation (tag3) : True
2026-04-16 14:44:43,721 - semo.validator - INFO - Tag Exists 'tag3': True
2026-04-16 14:44:43,721 - semo.validator - INFO - Approval for list for tag operation for tag (tag3): True
2026-04-16 14:44:43,721 - semo.backend - INFO - Approved - List direct subtags operation (tag3) : True
2026-04-16 14:44:43,721 - semo.validator - INFO - Tag Exists 'tag3': True
2026-04-16 14:44:43,721 - semo.validator - INFO - Approval for list for tag operation for tag (tag3): True
2026-04-16 14:44:43,721 - semo.backend - INFO - Approved - List files for tag direct operation (tag3) : True
2026-04-16 14:44:43,723 - semo.validator - INFO - Tag Exists 'tag3': True
2026-04-16 14:44:43,723 - semo.validator - INFO - Approval for list for tag operation for tag (tag3): True
2026-04-16 14:44:43,723 - semo.backend - INFO - Approved - List files for tag direct operation (tag3) : True
2026-04-16 14:44:43,724 - semo.validator - INFO - Tag Exists 'tag3': True
2026-04-16 14:44:43,724 - semo.validator - INFO - Approval for list for tag operation for tag (tag3): True
2026-04-16 14:44:43,724 - semo.backend - INFO - Approved - List files for tag direct operation (tag3) : True
2026-04-16 14:44:43,726 - semo.validator - INFO - Tag Exists 'tag1': True
2026-04-16 14:44:43,726 - semo.validator - INFO - Approval for list for tag operation for tag (tag1): True
2026-04-16 14:44:43,726 - semo.backend - INFO - Approved - List files for tag direct operation (tag1) : True
2026-04-16 14:44:43,727 - semo.validator - INFO - Tag Exists 'tag2': True
2026-04-16 14:44:43,727 - semo.validator - INFO - Approval for list for tag operation for tag (tag2): True
2026-04-16 14:44:43,727 - semo.backend - INFO - Approved - List files for tag direct operation (tag2) : True
2026-04-16 14:44:43,728 - semo.validator - INFO - Tag Exists 'tag2': True
2026-04-16 14:44:43,728 - semo.validator - INFO - Approval for list for tag operation for tag (tag2): True
2026-04-16 14:44:43,728 - semo.backend - INFO - Approved - List files for tag direct operation (tag2) : True
2026-04-16 14:44:43,729 - semo.validator - INFO - Tag Exists 'tag2': True
2026-04-16 14:44:43,729 - semo.validator - INFO - Approval for list for tag operation for tag (tag2): True
2026-04-16 14:44:43,729 - semo.backend - INFO - Approved - List direct subtags operation (tag2) : True
2026-04-16 14:44:43,729 - semo.validator - INFO - Tag Exists 'tag2': True
2026-04-16 14:44:43,729 - semo.validator - INFO - Approval for list for tag operation for tag (tag2): True
2026-04-16 14:44:43,729 - semo.backend - INFO - Approved - List files for tag direct operation (tag2) : True
2026-04-16 14:44:43,730 - semo.validator - INFO - Tag Exists 'tag2': True
2026-04-16 14:44:43,730 - semo.validator - INFO - Approval for list for tag operation for tag (tag2): True
2026-04-16 14:44:43,730 - semo.backend - INFO - Approved - List files for tag direct operation (tag2) : True
2026-04-16 14:44:43,733 - semo.validator - INFO - Tag Exists 'tag2': True
2026-04-16 14:44:43,733 - semo.validator - INFO - Approval for list for tag operation for tag (tag2): True
2026-04-16 14:44:43,733 - semo.backend - INFO - Approved - List files for tag direct operation (tag2) : True
2026-04-16 14:44:48,786 - semo.validator - INFO - Tag Exists 'tag1': True
2026-04-16 14:44:48,786 - semo.validator - INFO - Approval for list for tag operation for tag (tag1): True
2026-04-16 14:44:48,786 - semo.backend - INFO - Approved - List files for tag direct operation (tag1) : True
2026-04-16 14:44:48,787 - semo.validator - INFO - Tag Exists 'tag1': True
2026-04-16 14:44:48,787 - semo.validator - INFO - Approval for list for tag operation for tag (tag1): True
2026-04-16 14:44:48,787 - semo.backend - INFO - Approved - List files for tag direct operation (tag1) : True
2026-04-16 14:44:48,788 - semo.validator - INFO - Tag Exists 'tag1': True
2026-04-16 14:44:48,788 - semo.validator - INFO - Approval for list for tag operation for tag (tag1): True
2026-04-16 14:44:48,788 - semo.backend - INFO - Approved - List direct subtags operation (tag1) : True
2026-04-16 14:44:48,788 - semo.validator - INFO - Tag Exists 'tag1': True
2026-04-16 14:44:48,788 - semo.validator - INFO - Approval for list for tag operation for tag (tag1): True
2026-04-16 14:44:48,788 - semo.backend - INFO - Approved - List files for tag direct operation (tag1) : True
2026-04-16 14:44:48,790 - semo.validator - INFO - Tag Exists 'tag1': True
2026-04-16 14:44:48,790 - semo.validator - INFO - Approval for list for tag operation for tag (tag1): True
2026-04-16 14:44:48,790 - semo.backend - INFO - Approved - List files for tag direct operation (tag1) : True
2026-04-16 14:44:48,791 - semo.validator - INFO - Tag Exists 'tag3': True
2026-04-16 14:44:48,791 - semo.validator - INFO - Approval for list for tag operation for tag (tag3): True
2026-04-16 14:44:48,791 - semo.backend - INFO - Approved - List files for tag direct operation (tag3) : True
2026-04-16 14:44:48,792 - semo.validator - INFO - Tag Exists 'tag3': True
2026-04-16 14:44:48,792 - semo.validator - INFO - Approval for list for tag operation for tag (tag3): True
2026-04-16 14:44:48,792 - semo.backend - INFO - Approved - List files for tag direct operation (tag3) : True
2026-04-16 14:44:48,793 - semo.validator - INFO - Tag Exists 'tag3': True
2026-04-16 14:44:48,793 - semo.validator - INFO - Approval for list for tag operation for tag (tag3): True
2026-04-16 14:44:48,793 - semo.backend - INFO - Approved - List direct subtags operation (tag3) : True
2026-04-16 14:44:48,794 - semo.validator - INFO - Tag Exists 'tag3': True
2026-04-16 14:44:48,794 - semo.validator - INFO - Approval for list for tag operation for tag (tag3): True
2026-04-16 14:44:48,794 - semo.backend - INFO - Approved - List files for tag direct operation (tag3) : True
2026-04-16 14:44:48,795 - semo.validator - INFO - Tag Exists 'tag3': True
2026-04-16 14:44:48,795 - semo.validator - INFO - Approval for list for tag operation for tag (tag3): True
2026-04-16 14:44:48,795 - semo.backend - INFO - Approved - List files for tag direct operation (tag3) : True
2026-04-16 14:44:48,796 - semo.validator - INFO - Tag Exists 'tag3': True
2026-04-16 14:44:48,796 - semo.validator - INFO - Approval for list for tag operation for tag (tag3): True
2026-04-16 14:44:48,796 - semo.backend - INFO - Approved - List files for tag direct operation (tag3) : True
2026-04-16 14:44:48,797 - semo.validator - INFO - Tag Exists 'tag1': True
2026-04-16 14:44:48,797 - semo.validator - INFO - Approval for list for tag operation for tag (tag1): True
2026-04-16 14:44:48,797 - semo.backend - INFO - Approved - List files for tag direct operation (tag1) : True
2026-04-16 14:44:48,798 - semo.validator - INFO - Tag Exists 'tag2': True
2026-04-16 14:44:48,798 - semo.validator - INFO - Approval for list for tag operation for tag (tag2): True
2026-04-16 14:44:48,798 - semo.backend - INFO - Approved - List files for tag direct operation (tag2) : True
2026-04-16 14:44:48,799 - semo.validator - INFO - Tag Exists 'tag2': True
2026-04-16 14:44:48,799 - semo.validator - INFO - Approval for list for tag operation for tag (tag2): True
2026-04-16 14:44:48,799 - semo.backend - INFO - Approved - List files for tag direct operation (tag2) : True
2026-04-16 14:44:48,800 - semo.validator - INFO - Tag Exists 'tag2': True
2026-04-16 14:44:48,800 - semo.validator - INFO - Approval for list for tag operation for tag (tag2): True
2026-04-16 14:44:48,800 - semo.backend - INFO - Approved - List direct subtags operation (tag2) : True
2026-04-16 14:44:48,801 - semo.validator - INFO - Tag Exists 'tag2': True
2026-04-16 14:44:48,801 - semo.validator - INFO - Approval for list for tag operation for tag (tag2): True
2026-04-16 14:44:48,801 - semo.backend - INFO - Approved - List files for tag direct operation (tag2) : True
2026-04-16 14:44:48,802 - semo.validator - INFO - Tag Exists 'tag2': True
2026-04-16 14:44:48,802 - semo.validator - INFO - Approval for list for tag operation for tag (tag2): True
2026-04-16 14:44:48,802 - semo.backend - INFO - Approved - List files for tag direct operation (tag2) : True
2026-04-16 14:44:48,803 - semo.validator - INFO - Tag Exists 'tag2': True
2026-04-16 14:44:48,803 - semo.validator - INFO - Approval for list for tag operation for tag (tag2): True
2026-04-16 14:44:48,803 - semo.backend - INFO - Approved - List files for tag direct operation (tag2) : True
2026-04-16 14:54:28,424 - semo.validator - INFO - Tag Exists 'tag1': True
2026-04-16 14:54:28,425 - semo.validator - INFO - Approval for list for tag operation for tag (tag1): True
2026-04-16 14:54:28,425 - semo.backend - INFO - Approved - List direct subtags operation (tag1) : True
2026-04-16 14:54:28,425 - semo.validator - INFO - Tag Exists 'tag1': True
2026-04-16 14:54:28,425 - semo.validator - INFO - Approval for list for tag operation for tag (tag1): True
2026-04-16 14:54:28,425 - semo.backend - INFO - Approved - List files for tag direct operation (tag1) : True
2026-04-16 14:54:28,427 - semo.validator - INFO - Tag Exists 'tag1': True
2026-04-16 14:54:28,427 - semo.validator - INFO - Approval for list for tag operation for tag (tag1): True
2026-04-16 14:54:28,427 - semo.backend - INFO - Approved - List files for tag direct operation (tag1) : True
2026-04-16 14:54:28,429 - semo.validator - INFO - Tag Exists 'tag1': True
2026-04-16 14:54:28,429 - semo.validator - INFO - Approval for list for tag operation for tag (tag1): True
2026-04-16 14:54:28,429 - semo.backend - INFO - Approved - List files for tag direct operation (tag1) : True
2026-04-16 14:54:28,493 - semo.validator - INFO - Tag Exists 'tag1': True
2026-04-16 14:54:28,493 - semo.validator - INFO - Approval for list for tag operation for tag (tag1): True
2026-04-16 14:54:28,493 - semo.backend - INFO - Approved - List files for tag direct operation (tag1) : True
2026-04-16 14:54:28,494 - semo.validator - INFO - Tag Exists 'tag1': True
2026-04-16 14:54:28,494 - semo.validator - INFO - Approval for list for tag operation for tag (tag1): True
2026-04-16 14:54:28,494 - semo.backend - INFO - Approved - List direct subtags operation (tag1) : True
2026-04-16 14:54:28,494 - semo.validator - INFO - Tag Exists 'tag2': True
2026-04-16 14:54:28,494 - semo.validator - INFO - Approval for list for tag operation for tag (tag2): True
2026-04-16 14:54:28,494 - semo.backend - INFO - Approved - List files for tag direct operation (tag2) : True
2026-04-16 14:54:28,495 - semo.validator - INFO - Tag Exists 'tag1': True
2026-04-16 14:54:28,495 - semo.validator - INFO - Approval for list for tag operation for tag (tag1): True
2026-04-16 14:54:28,495 - semo.backend - INFO - Approved - List files for tag direct operation (tag1) : True
2026-04-16 14:54:28,495 - semo.validator - INFO - Tag Exists 'tag2': True
2026-04-16 14:54:28,495 - semo.validator - INFO - Approval for list for tag operation for tag (tag2): True
2026-04-16 14:54:28,495 - semo.backend - INFO - Approved - List direct subtags operation (tag2) : True
2026-04-16 14:54:28,497 - semo.validator - INFO - Tag Exists 'tag2': True
2026-04-16 14:54:28,497 - semo.validator - INFO - Approval for list for tag operation for tag (tag2): True
2026-04-16 14:54:28,497 - semo.backend - INFO - Approved - List files for tag direct operation (tag2) : True
2026-04-16 14:54:28,497 - semo.validator - INFO - Tag Exists 'tag1': True
2026-04-16 14:54:28,497 - semo.validator - INFO - Approval for list for tag operation for tag (tag1): True
2026-04-16 14:54:28,497 - semo.backend - INFO - Approved - List files for tag direct operation (tag1) : True
2026-04-16 14:54:28,498 - semo.validator - INFO - Tag Exists 'tag3': True
2026-04-16 14:54:28,498 - semo.validator - INFO - Approval for list for tag operation for tag (tag3): True
2026-04-16 14:54:28,498 - semo.backend - INFO - Approved - List files for tag direct operation (tag3) : True
2026-04-16 14:54:28,499 - semo.validator - INFO - Tag Exists 'tag2': True
2026-04-16 14:54:28,499 - semo.validator - INFO - Approval for list for tag operation for tag (tag2): True
2026-04-16 14:54:28,499 - semo.backend - INFO - Approved - List files for tag direct operation (tag2) : True
2026-04-16 14:54:28,500 - semo.validator - INFO - Tag Exists 'tag1': True
2026-04-16 14:54:28,501 - semo.validator - INFO - Approval for list for tag operation for tag (tag1): True
2026-04-16 14:54:28,501 - semo.backend - INFO - Approved - List files for tag direct operation (tag1) : True
2026-04-16 14:54:28,501 - semo.validator - INFO - Tag Exists 'tag3': True
2026-04-16 14:54:28,501 - semo.validator - INFO - Approval for list for tag operation for tag (tag3): True
2026-04-16 14:54:28,501 - semo.backend - INFO - Approved - List direct subtags operation (tag3) : True
2026-04-16 14:54:28,502 - semo.validator - INFO - Tag Exists 'tag3': True
2026-04-16 14:54:28,502 - semo.validator - INFO - Approval for list for tag operation for tag (tag3): True
2026-04-16 14:54:28,502 - semo.backend - INFO - Approved - List files for tag direct operation (tag3) : True
2026-04-16 14:54:28,503 - semo.validator - INFO - Tag Exists 'tag3': True
2026-04-16 14:54:28,503 - semo.validator - INFO - Approval for list for tag operation for tag (tag3): True
2026-04-16 14:54:28,503 - semo.backend - INFO - Approved - List files for tag direct operation (tag3) : True
2026-04-16 14:54:29,678 - semo.validator - INFO - Tag Exists 'tag1': True
2026-04-16 14:54:29,678 - semo.validator - INFO - Approval for list for tag operation for tag (tag1): True
2026-04-16 14:54:29,678 - semo.backend - INFO - Approved - List files for tag direct operation (tag1) : True
2026-04-16 14:54:29,680 - semo.validator - INFO - Tag Exists 'tag1': True
2026-04-16 14:54:29,680 - semo.validator - INFO - Approval for list for tag operation for tag (tag1): True
2026-04-16 14:54:29,680 - semo.backend - INFO - Approved - List files for tag direct operation (tag1) : True
2026-04-16 14:54:29,682 - semo.validator - INFO - Tag Exists 'tag1': True
2026-04-16 14:54:29,682 - semo.validator - INFO - Approval for list for tag operation for tag (tag1): True
2026-04-16 14:54:29,682 - semo.backend - INFO - Approved - List direct subtags operation (tag1) : True
2026-04-16 14:54:29,682 - semo.validator - INFO - Tag Exists 'tag1': True
2026-04-16 14:54:29,682 - semo.validator - INFO - Approval for list for tag operation for tag (tag1): True
2026-04-16 14:54:29,683 - semo.backend - INFO - Approved - List files for tag direct operation (tag1) : True
2026-04-16 14:54:29,684 - semo.validator - INFO - Tag Exists 'tag1': True
2026-04-16 14:54:29,684 - semo.validator - INFO - Approval for list for tag operation for tag (tag1): True
2026-04-16 14:54:29,684 - semo.backend - INFO - Approved - List files for tag direct operation (tag1) : True
2026-04-16 14:54:29,685 - semo.validator - INFO - Tag Exists 'tag3': True
2026-04-16 14:54:29,685 - semo.validator - INFO - Approval for list for tag operation for tag (tag3): True
2026-04-16 14:54:29,689 - semo.backend - INFO - Approved - List files for tag direct operation (tag3) : True
2026-04-16 14:54:29,690 - semo.validator - INFO - Tag Exists 'tag3': True
2026-04-16 14:54:29,690 - semo.validator - INFO - Approval for list for tag operation for tag (tag3): True
2026-04-16 14:54:29,691 - semo.backend - INFO - Approved - List files for tag direct operation (tag3) : True
2026-04-16 14:54:29,691 - semo.validator - INFO - Tag Exists 'tag3': True
2026-04-16 14:54:29,691 - semo.validator - INFO - Approval for list for tag operation for tag (tag3): True
2026-04-16 14:54:29,691 - semo.backend - INFO - Approved - List direct subtags operation (tag3) : True
2026-04-16 14:54:29,692 - semo.validator - INFO - Tag Exists 'tag3': True
2026-04-16 14:54:29,692 - semo.validator - INFO - Approval for list for tag operation for tag (tag3): True
2026-04-16 14:54:29,692 - semo.backend - INFO - Approved - List files for tag direct operation (tag3) : True
2026-04-16 14:54:29,693 - semo.validator - INFO - Tag Exists 'tag3': True
2026-04-16 14:54:29,693 - semo.validator - INFO - Approval for list for tag operation for tag (tag3): True
2026-04-16 14:54:29,693 - semo.backend - INFO - Approved - List files for tag direct operation (tag3) : True
2026-04-16 14:54:29,694 - semo.validator - INFO - Tag Exists 'tag3': True
2026-04-16 14:54:29,694 - semo.validator - INFO - Approval for list for tag operation for tag (tag3): True
2026-04-16 14:54:29,694 - semo.backend - INFO - Approved - List files for tag direct operation (tag3) : True
2026-04-16 14:54:29,696 - semo.validator - INFO - Tag Exists 'tag1': True
2026-04-16 14:54:29,696 - semo.validator - INFO - Approval for list for tag operation for tag (tag1): True
2026-04-16 14:54:29,696 - semo.backend - INFO - Approved - List files for tag direct operation (tag1) : True
2026-04-16 14:54:29,697 - semo.validator - INFO - Tag Exists 'tag1': True
2026-04-16 14:54:29,697 - semo.validator - INFO - Approval for list for tag operation for tag (tag1): True
2026-04-16 14:54:29,697 - semo.backend - INFO - Approved - List files for tag direct operation (tag1) : True
2026-04-16 14:54:29,698 - semo.validator - INFO - Tag Exists 'tag2': True
2026-04-16 14:54:29,698 - semo.validator - INFO - Approval for list for tag operation for tag (tag2): True
2026-04-16 14:54:29,698 - semo.backend - INFO - Approved - List files for tag direct operation (tag2) : True
2026-04-16 14:54:29,700 - semo.validator - INFO - Tag Exists 'tag2': True
2026-04-16 14:54:29,700 - semo.validator - INFO - Approval for list for tag operation for tag (tag2): True
2026-04-16 14:54:29,700 - semo.backend - INFO - Approved - List files for tag direct operation (tag2) : True
2026-04-16 14:54:29,700 - semo.validator - INFO - Tag Exists 'tag2': True
2026-04-16 14:54:29,701 - semo.validator - INFO - Approval for list for tag operation for tag (tag2): True
2026-04-16 14:54:29,701 - semo.backend - INFO - Approved - List direct subtags operation (tag2) : True
2026-04-16 14:54:29,701 - semo.validator - INFO - Tag Exists 'tag2': True
2026-04-16 14:54:29,703 - semo.validator - INFO - Approval for list for tag operation for tag (tag2): True
2026-04-16 14:54:29,703 - semo.backend - INFO - Approved - List files for tag direct operation (tag2) : True
2026-04-16 14:54:29,704 - semo.validator - INFO - Tag Exists 'tag2': True
2026-04-16 14:54:29,704 - semo.validator - INFO - Approval for list for tag operation for tag (tag2): True
2026-04-16 14:54:29,704 - semo.backend - INFO - Approved - List files for tag direct operation (tag2) : True
2026-04-16 14:54:29,706 - semo.validator - INFO - Tag Exists 'tag2': True
2026-04-16 14:54:29,706 - semo.validator - INFO - Approval for list for tag operation for tag (tag2): True
2026-04-16 14:54:29,706 - semo.backend - INFO - Approved - List files for tag direct operation (tag2) : True
2026-04-16 14:54:33,504 - semo.validator - INFO - Tag Exists 'tag2': True
2026-04-16 14:54:33,504 - semo.validator - INFO - Approval for list for tag operation for tag (tag2): True
2026-04-16 14:54:33,504 - semo.backend - INFO - Approved - List files for tag direct operation (tag2) : True
2026-04-16 14:54:33,504 - semo.validator - INFO - Tag Exists 'tag1': True
2026-04-16 14:54:33,504 - semo.validator - INFO - Approval for list for tag operation for tag (tag1): True
2026-04-16 14:54:33,504 - semo.backend - INFO - Approved - List files for tag direct operation (tag1) : True
2026-04-16 14:54:33,505 - semo.validator - INFO - Tag Exists 'tag1': True
2026-04-16 14:54:33,505 - semo.validator - INFO - Approval for list for tag operation for tag (tag1): True
2026-04-16 14:54:33,505 - semo.backend - INFO - Approved - List direct subtags operation (tag1) : True
2026-04-16 14:54:33,506 - semo.validator - INFO - Tag Exists 'tag2': True
2026-04-16 14:54:33,506 - semo.validator - INFO - Approval for list for tag operation for tag (tag2): True
2026-04-16 14:54:33,506 - semo.backend - INFO - Approved - List direct subtags operation (tag2) : True
2026-04-16 14:54:33,507 - semo.validator - INFO - Tag Exists 'tag1': True
2026-04-16 14:54:33,508 - semo.validator - INFO - Approval for list for tag operation for tag (tag1): True
2026-04-16 14:54:33,508 - semo.backend - INFO - Approved - List files for tag direct operation (tag1) : True
2026-04-16 14:54:33,509 - semo.validator - INFO - Tag Exists 'tag2': True
2026-04-16 14:54:33,509 - semo.validator - INFO - Approval for list for tag operation for tag (tag2): True
2026-04-16 14:54:33,509 - semo.backend - INFO - Approved - List files for tag direct operation (tag2) : True
2026-04-16 14:54:33,511 - semo.validator - INFO - Tag Exists 'tag2': True
2026-04-16 14:54:33,511 - semo.validator - INFO - Approval for list for tag operation for tag (tag2): True
2026-04-16 14:54:33,511 - semo.backend - INFO - Approved - List files for tag direct operation (tag2) : True
2026-04-16 14:54:33,511 - semo.validator - INFO - Tag Exists 'tag1': True
2026-04-16 14:54:33,511 - semo.validator - INFO - Approval for list for tag operation for tag (tag1): True
2026-04-16 14:54:33,511 - semo.backend - INFO - Approved - List files for tag direct operation (tag1) : True
2026-04-16 14:54:33,514 - semo.validator - INFO - Tag Exists 'tag1': True
2026-04-16 14:54:33,514 - semo.validator - INFO - Approval for list for tag operation for tag (tag1): True
2026-04-16 14:54:33,514 - semo.backend - INFO - Approved - List files for tag direct operation (tag1) : True
2026-04-16 14:54:33,514 - semo.validator - INFO - Tag Exists 'tag3': True
2026-04-16 14:54:33,514 - semo.validator - INFO - Approval for list for tag operation for tag (tag3): True
2026-04-16 14:54:33,514 - semo.backend - INFO - Approved - List files for tag direct operation (tag3) : True
2026-04-16 14:54:33,515 - semo.validator - INFO - Tag Exists 'tag3': True
2026-04-16 14:54:33,515 - semo.validator - INFO - Approval for list for tag operation for tag (tag3): True
2026-04-16 14:54:33,515 - semo.backend - INFO - Approved - List direct subtags operation (tag3) : True
2026-04-16 14:54:33,516 - semo.validator - INFO - Tag Exists 'tag3': True
2026-04-16 14:54:33,516 - semo.validator - INFO - Approval for list for tag operation for tag (tag3): True
2026-04-16 14:54:33,516 - semo.backend - INFO - Approved - List files for tag direct operation (tag3) : True
2026-04-16 14:54:33,517 - semo.validator - INFO - Tag Exists 'tag3': True
2026-04-16 14:54:33,517 - semo.validator - INFO - Approval for list for tag operation for tag (tag3): True
2026-04-16 14:54:33,517 - semo.backend - INFO - Approved - List files for tag direct operation (tag3) : True
2026-04-16 14:54:34,741 - semo.validator - INFO - Tag Exists 'tag1': True
2026-04-16 14:54:34,741 - semo.validator - INFO - Approval for list for tag operation for tag (tag1): True
2026-04-16 14:54:34,741 - semo.backend - INFO - Approved - List files for tag direct operation (tag1) : True
2026-04-16 14:54:34,742 - semo.validator - INFO - Tag Exists 'tag1': True
2026-04-16 14:54:34,743 - semo.validator - INFO - Approval for list for tag operation for tag (tag1): True
2026-04-16 14:54:34,743 - semo.backend - INFO - Approved - List files for tag direct operation (tag1) : True
2026-04-16 14:54:34,743 - semo.validator - INFO - Tag Exists 'tag1': True
2026-04-16 14:54:34,743 - semo.validator - INFO - Approval for list for tag operation for tag (tag1): True
2026-04-16 14:54:34,743 - semo.backend - INFO - Approved - List direct subtags operation (tag1) : True
2026-04-16 14:54:34,744 - semo.validator - INFO - Tag Exists 'tag1': True
2026-04-16 14:54:34,744 - semo.validator - INFO - Approval for list for tag operation for tag (tag1): True
2026-04-16 14:54:34,744 - semo.backend - INFO - Approved - List files for tag direct operation (tag1) : True
2026-04-16 14:54:34,747 - semo.validator - INFO - Tag Exists 'tag1': True
2026-04-16 14:54:34,747 - semo.validator - INFO - Approval for list for tag operation for tag (tag1): True
2026-04-16 14:54:34,747 - semo.backend - INFO - Approved - List files for tag direct operation (tag1) : True
2026-04-16 14:54:34,748 - semo.validator - INFO - Tag Exists 'tag3': True
2026-04-16 14:54:34,748 - semo.validator - INFO - Approval for list for tag operation for tag (tag3): True
2026-04-16 14:54:34,748 - semo.backend - INFO - Approved - List files for tag direct operation (tag3) : True
2026-04-16 14:54:34,750 - semo.validator - INFO - Tag Exists 'tag3': True
2026-04-16 14:54:34,750 - semo.validator - INFO - Approval for list for tag operation for tag (tag3): True
2026-04-16 14:54:34,750 - semo.backend - INFO - Approved - List files for tag direct operation (tag3) : True
2026-04-16 14:54:34,751 - semo.validator - INFO - Tag Exists 'tag3': True
2026-04-16 14:54:34,751 - semo.validator - INFO - Approval for list for tag operation for tag (tag3): True
2026-04-16 14:54:34,751 - semo.backend - INFO - Approved - List direct subtags operation (tag3) : True
2026-04-16 14:54:34,752 - semo.validator - INFO - Tag Exists 'tag3': True
2026-04-16 14:54:34,752 - semo.validator - INFO - Approval for list for tag operation for tag (tag3): True
2026-04-16 14:54:34,752 - semo.backend - INFO - Approved - List files for tag direct operation (tag3) : True
2026-04-16 14:54:34,753 - semo.validator - INFO - Tag Exists 'tag3': True
2026-04-16 14:54:34,753 - semo.validator - INFO - Approval for list for tag operation for tag (tag3): True
2026-04-16 14:54:34,753 - semo.backend - INFO - Approved - List files for tag direct operation (tag3) : True
2026-04-16 14:54:34,755 - semo.validator - INFO - Tag Exists 'tag3': True
2026-04-16 14:54:34,755 - semo.validator - INFO - Approval for list for tag operation for tag (tag3): True
2026-04-16 14:54:34,755 - semo.backend - INFO - Approved - List files for tag direct operation (tag3) : True
2026-04-16 14:54:34,756 - semo.validator - INFO - Tag Exists 'tag1': True
2026-04-16 14:54:34,756 - semo.validator - INFO - Approval for list for tag operation for tag (tag1): True
2026-04-16 14:54:34,756 - semo.backend - INFO - Approved - List files for tag direct operation (tag1) : True
2026-04-16 14:54:34,757 - semo.validator - INFO - Tag Exists 'tag1': True
2026-04-16 14:54:34,757 - semo.validator - INFO - Approval for list for tag operation for tag (tag1): True
2026-04-16 14:54:34,758 - semo.backend - INFO - Approved - List files for tag direct operation (tag1) : True
2026-04-16 14:54:34,759 - semo.validator - INFO - Tag Exists 'tag2': True
2026-04-16 14:54:34,759 - semo.validator - INFO - Approval for list for tag operation for tag (tag2): True
2026-04-16 14:54:34,759 - semo.backend - INFO - Approved - List files for tag direct operation (tag2) : True
2026-04-16 14:54:34,760 - semo.validator - INFO - Tag Exists 'tag2': True
2026-04-16 14:54:34,760 - semo.validator - INFO - Approval for list for tag operation for tag (tag2): True
2026-04-16 14:54:34,760 - semo.backend - INFO - Approved - List files for tag direct operation (tag2) : True
2026-04-16 14:54:34,762 - semo.validator - INFO - Tag Exists 'tag2': True
2026-04-16 14:54:34,762 - semo.validator - INFO - Approval for list for tag operation for tag (tag2): True
2026-04-16 14:54:34,762 - semo.backend - INFO - Approved - List direct subtags operation (tag2) : True
2026-04-16 14:54:34,762 - semo.validator - INFO - Tag Exists 'tag2': True
2026-04-16 14:54:34,762 - semo.validator - INFO - Approval for list for tag operation for tag (tag2): True
2026-04-16 14:54:34,762 - semo.backend - INFO - Approved - List files for tag direct operation (tag2) : True
2026-04-16 14:54:34,763 - semo.validator - INFO - Tag Exists 'tag2': True
2026-04-16 14:54:34,763 - semo.validator - INFO - Approval for list for tag operation for tag (tag2): True
2026-04-16 14:54:34,763 - semo.backend - INFO - Approved - List files for tag direct operation (tag2) : True
2026-04-16 14:54:34,764 - semo.validator - INFO - Tag Exists 'tag2': True
2026-04-16 14:54:34,764 - semo.validator - INFO - Approval for list for tag operation for tag (tag2): True
2026-04-16 14:54:34,764 - semo.backend - INFO - Approved - List files for tag direct operation (tag2) : True
2026-04-16 14:54:39,816 - semo.validator - INFO - Tag Exists 'tag1': True
2026-04-16 14:54:39,817 - semo.validator - INFO - Approval for list for tag operation for tag (tag1): True
2026-04-16 14:54:39,817 - semo.backend - INFO - Approved - List files for tag direct operation (tag1) : True
2026-04-16 14:54:39,817 - semo.validator - INFO - Tag Exists 'tag1': True
2026-04-16 14:54:39,818 - semo.validator - INFO - Approval for list for tag operation for tag (tag1): True
2026-04-16 14:54:39,818 - semo.backend - INFO - Approved - List files for tag direct operation (tag1) : True
2026-04-16 14:54:39,818 - semo.validator - INFO - Tag Exists 'tag1': True
2026-04-16 14:54:39,818 - semo.validator - INFO - Approval for list for tag operation for tag (tag1): True
2026-04-16 14:54:39,818 - semo.backend - INFO - Approved - List direct subtags operation (tag1) : True
2026-04-16 14:54:39,819 - semo.validator - INFO - Tag Exists 'tag1': True
2026-04-16 14:54:39,819 - semo.validator - INFO - Approval for list for tag operation for tag (tag1): True
2026-04-16 14:54:39,819 - semo.backend - INFO - Approved - List files for tag direct operation (tag1) : True
2026-04-16 14:54:39,821 - semo.validator - INFO - Tag Exists 'tag1': True
2026-04-16 14:54:39,821 - semo.validator - INFO - Approval for list for tag operation for tag (tag1): True
2026-04-16 14:54:39,821 - semo.backend - INFO - Approved - List files for tag direct operation (tag1) : True
2026-04-16 14:54:39,823 - semo.validator - INFO - Tag Exists 'tag3': True
2026-04-16 14:54:39,823 - semo.validator - INFO - Approval for list for tag operation for tag (tag3): True
2026-04-16 14:54:39,823 - semo.backend - INFO - Approved - List files for tag direct operation (tag3) : True
2026-04-16 14:54:39,824 - semo.validator - INFO - Tag Exists 'tag3': True
2026-04-16 14:54:39,824 - semo.validator - INFO - Approval for list for tag operation for tag (tag3): True
2026-04-16 14:54:39,824 - semo.backend - INFO - Approved - List files for tag direct operation (tag3) : True
2026-04-16 14:54:39,825 - semo.validator - INFO - Tag Exists 'tag3': True
2026-04-16 14:54:39,825 - semo.validator - INFO - Approval for list for tag operation for tag (tag3): True
2026-04-16 14:54:39,825 - semo.backend - INFO - Approved - List direct subtags operation (tag3) : True
2026-04-16 14:54:39,826 - semo.validator - INFO - Tag Exists 'tag3': True
2026-04-16 14:54:39,826 - semo.validator - INFO - Approval for list for tag operation for tag (tag3): True
2026-04-16 14:54:39,826 - semo.backend - INFO - Approved - List files for tag direct operation (tag3) : True
2026-04-16 14:54:39,827 - semo.validator - INFO - Tag Exists 'tag3': True
2026-04-16 14:54:39,827 - semo.validator - INFO - Approval for list for tag operation for tag (tag3): True
2026-04-16 14:54:39,827 - semo.backend - INFO - Approved - List files for tag direct operation (tag3) : True
2026-04-16 14:54:39,828 - semo.validator - INFO - Tag Exists 'tag3': True
2026-04-16 14:54:39,828 - semo.validator - INFO - Approval for list for tag operation for tag (tag3): True
2026-04-16 14:54:39,828 - semo.backend - INFO - Approved - List files for tag direct operation (tag3) : True
2026-04-16 14:54:39,829 - semo.validator - INFO - Tag Exists 'tag1': True
2026-04-16 14:54:39,829 - semo.validator - INFO - Approval for list for tag operation for tag (tag1): True
2026-04-16 14:54:39,829 - semo.backend - INFO - Approved - List files for tag direct operation (tag1) : True
2026-04-16 14:54:39,830 - semo.validator - INFO - Tag Exists 'tag1': True
2026-04-16 14:54:39,830 - semo.validator - INFO - Approval for list for tag operation for tag (tag1): True
2026-04-16 14:54:39,830 - semo.backend - INFO - Approved - List files for tag direct operation (tag1) : True
2026-04-16 14:54:39,832 - semo.validator - INFO - Tag Exists 'tag2': True
2026-04-16 14:54:39,832 - semo.validator - INFO - Approval for list for tag operation for tag (tag2): True
2026-04-16 14:54:39,832 - semo.backend - INFO - Approved - List files for tag direct operation (tag2) : True
2026-04-16 14:54:39,833 - semo.validator - INFO - Tag Exists 'tag2': True
2026-04-16 14:54:39,833 - semo.validator - INFO - Approval for list for tag operation for tag (tag2): True
2026-04-16 14:54:39,833 - semo.backend - INFO - Approved - List files for tag direct operation (tag2) : True
2026-04-16 14:54:39,834 - semo.validator - INFO - Tag Exists 'tag2': True
2026-04-16 14:54:39,835 - semo.validator - INFO - Approval for list for tag operation for tag (tag2): True
2026-04-16 14:54:39,835 - semo.backend - INFO - Approved - List direct subtags operation (tag2) : True
2026-04-16 14:54:39,835 - semo.validator - INFO - Tag Exists 'tag2': True
2026-04-16 14:54:39,835 - semo.validator - INFO - Approval for list for tag operation for tag (tag2): True
2026-04-16 14:54:39,835 - semo.backend - INFO - Approved - List files for tag direct operation (tag2) : True
2026-04-16 14:54:39,836 - semo.validator - INFO - Tag Exists 'tag2': True
2026-04-16 14:54:39,836 - semo.validator - INFO - Approval for list for tag operation for tag (tag2): True
2026-04-16 14:54:39,836 - semo.backend - INFO - Approved - List files for tag direct operation (tag2) : True
2026-04-16 14:54:39,837 - semo.validator - INFO - Tag Exists 'tag2': True
2026-04-16 14:54:39,837 - semo.validator - INFO - Approval for list for tag operation for tag (tag2): True
2026-04-16 14:54:39,837 - semo.backend - INFO - Approved - List files for tag direct operation (tag2) : True
2026-04-16 14:54:44,889 - semo.validator - INFO - Tag Exists 'tag1': True
2026-04-16 14:54:44,889 - semo.validator - INFO - Approval for list for tag operation for tag (tag1): True
2026-04-16 14:54:44,889 - semo.backend - INFO - Approved - List files for tag direct operation (tag1) : True
2026-04-16 14:54:44,890 - semo.validator - INFO - Tag Exists 'tag1': True
2026-04-16 14:54:44,890 - semo.validator - INFO - Approval for list for tag operation for tag (tag1): True
2026-04-16 14:54:44,890 - semo.backend - INFO - Approved - List files for tag direct operation (tag1) : True
2026-04-16 14:54:44,891 - semo.validator - INFO - Tag Exists 'tag1': True
2026-04-16 14:54:44,891 - semo.validator - INFO - Approval for list for tag operation for tag (tag1): True
2026-04-16 14:54:44,891 - semo.backend - INFO - Approved - List direct subtags operation (tag1) : True
2026-04-16 14:54:44,891 - semo.validator - INFO - Tag Exists 'tag1': True
2026-04-16 14:54:44,892 - semo.validator - INFO - Approval for list for tag operation for tag (tag1): True
2026-04-16 14:54:44,892 - semo.backend - INFO - Approved - List files for tag direct operation (tag1) : True
2026-04-16 14:54:44,893 - semo.validator - INFO - Tag Exists 'tag1': True
2026-04-16 14:54:44,893 - semo.validator - INFO - Approval for list for tag operation for tag (tag1): True
2026-04-16 14:54:44,893 - semo.backend - INFO - Approved - List files for tag direct operation (tag1) : True
2026-04-16 14:54:44,895 - semo.validator - INFO - Tag Exists 'tag3': True
2026-04-16 14:54:44,895 - semo.validator - INFO - Approval for list for tag operation for tag (tag3): True
2026-04-16 14:54:44,895 - semo.backend - INFO - Approved - List files for tag direct operation (tag3) : True
2026-04-16 14:54:44,896 - semo.validator - INFO - Tag Exists 'tag3': True
2026-04-16 14:54:44,896 - semo.validator - INFO - Approval for list for tag operation for tag (tag3): True
2026-04-16 14:54:44,896 - semo.backend - INFO - Approved - List files for tag direct operation (tag3) : True
2026-04-16 14:54:44,897 - semo.validator - INFO - Tag Exists 'tag3': True
2026-04-16 14:54:44,897 - semo.validator - INFO - Approval for list for tag operation for tag (tag3): True
2026-04-16 14:54:44,897 - semo.backend - INFO - Approved - List direct subtags operation (tag3) : True
2026-04-16 14:54:44,898 - semo.validator - INFO - Tag Exists 'tag3': True
2026-04-16 14:54:44,898 - semo.validator - INFO - Approval for list for tag operation for tag (tag3): True
2026-04-16 14:54:44,898 - semo.backend - INFO - Approved - List files for tag direct operation (tag3) : True
2026-04-16 14:54:44,899 - semo.validator - INFO - Tag Exists 'tag3': True
2026-04-16 14:54:44,899 - semo.validator - INFO - Approval for list for tag operation for tag (tag3): True
2026-04-16 14:54:44,899 - semo.backend - INFO - Approved - List files for tag direct operation (tag3) : True
2026-04-16 14:54:44,900 - semo.validator - INFO - Tag Exists 'tag3': True
2026-04-16 14:54:44,900 - semo.validator - INFO - Approval for list for tag operation for tag (tag3): True
2026-04-16 14:54:44,900 - semo.backend - INFO - Approved - List files for tag direct operation (tag3) : True
2026-04-16 14:54:44,901 - semo.validator - INFO - Tag Exists 'tag1': True
2026-04-16 14:54:44,901 - semo.validator - INFO - Approval for list for tag operation for tag (tag1): True
2026-04-16 14:54:44,901 - semo.backend - INFO - Approved - List files for tag direct operation (tag1) : True
2026-04-16 14:54:44,902 - semo.validator - INFO - Tag Exists 'tag1': True
2026-04-16 14:54:44,902 - semo.validator - INFO - Approval for list for tag operation for tag (tag1): True
2026-04-16 14:54:44,902 - semo.backend - INFO - Approved - List files for tag direct operation (tag1) : True
2026-04-16 14:54:44,903 - semo.validator - INFO - Tag Exists 'tag2': True
2026-04-16 14:54:44,903 - semo.validator - INFO - Approval for list for tag operation for tag (tag2): True
2026-04-16 14:54:44,903 - semo.backend - INFO - Approved - List files for tag direct operation (tag2) : True
2026-04-16 14:54:44,904 - semo.validator - INFO - Tag Exists 'tag2': True
2026-04-16 14:54:44,904 - semo.validator - INFO - Approval for list for tag operation for tag (tag2): True
2026-04-16 14:54:44,904 - semo.backend - INFO - Approved - List files for tag direct operation (tag2) : True
2026-04-16 14:54:44,905 - semo.validator - INFO - Tag Exists 'tag2': True
2026-04-16 14:54:44,905 - semo.validator - INFO - Approval for list for tag operation for tag (tag2): True
2026-04-16 14:54:44,905 - semo.backend - INFO - Approved - List direct subtags operation (tag2) : True
2026-04-16 14:54:44,906 - semo.validator - INFO - Tag Exists 'tag2': True
2026-04-16 14:54:44,906 - semo.validator - INFO - Approval for list for tag operation for tag (tag2): True
2026-04-16 14:54:44,906 - semo.backend - INFO - Approved - List files for tag direct operation (tag2) : True
2026-04-16 14:54:44,908 - semo.validator - INFO - Tag Exists 'tag2': True
2026-04-16 14:54:44,908 - semo.validator - INFO - Approval for list for tag operation for tag (tag2): True
2026-04-16 14:54:44,908 - semo.backend - INFO - Approved - List files for tag direct operation (tag2) : True
2026-04-16 14:54:44,909 - semo.validator - INFO - Tag Exists 'tag2': True
2026-04-16 14:54:44,909 - semo.validator - INFO - Approval for list for tag operation for tag (tag2): True
2026-04-16 14:54:44,909 - semo.backend - INFO - Approved - List files for tag direct operation (tag2) : True
2026-04-16 14:54:49,962 - semo.validator - INFO - Tag Exists 'tag1': True
2026-04-16 14:54:49,962 - semo.validator - INFO - Approval for list for tag operation for tag (tag1): True
2026-04-16 14:54:49,962 - semo.backend - INFO - Approved - List files for tag direct operation (tag1) : True
2026-04-16 14:54:49,964 - semo.validator - INFO - Tag Exists 'tag1': True
2026-04-16 14:54:49,964 - semo.validator - INFO - Approval for list for tag operation for tag (tag1): True
2026-04-16 14:54:49,964 - semo.backend - INFO - Approved - List files for tag direct operation (tag1) : True
2026-04-16 14:54:49,966 - semo.validator - INFO - Tag Exists 'tag1': True
2026-04-16 14:54:49,966 - semo.validator - INFO - Approval for list for tag operation for tag (tag1): True
2026-04-16 14:54:49,966 - semo.backend - INFO - Approved - List direct subtags operation (tag1) : True
2026-04-16 14:54:49,966 - semo.validator - INFO - Tag Exists 'tag1': True
2026-04-16 14:54:49,966 - semo.validator - INFO - Approval for list for tag operation for tag (tag1): True
2026-04-16 14:54:49,966 - semo.backend - INFO - Approved - List files for tag direct operation (tag1) : True
2026-04-16 14:54:49,968 - semo.validator - INFO - Tag Exists 'tag1': True
2026-04-16 14:54:49,968 - semo.validator - INFO - Approval for list for tag operation for tag (tag1): True
2026-04-16 14:54:49,968 - semo.backend - INFO - Approved - List files for tag direct operation (tag1) : True
2026-04-16 14:54:49,969 - semo.validator - INFO - Tag Exists 'tag3': True
2026-04-16 14:54:49,969 - semo.validator - INFO - Approval for list for tag operation for tag (tag3): True
2026-04-16 14:54:49,969 - semo.backend - INFO - Approved - List files for tag direct operation (tag3) : True
2026-04-16 14:54:49,971 - semo.validator - INFO - Tag Exists 'tag3': True
2026-04-16 14:54:49,971 - semo.validator - INFO - Approval for list for tag operation for tag (tag3): True
2026-04-16 14:54:49,971 - semo.backend - INFO - Approved - List files for tag direct operation (tag3) : True
2026-04-16 14:54:49,972 - semo.validator - INFO - Tag Exists 'tag3': True
2026-04-16 14:54:49,972 - semo.validator - INFO - Approval for list for tag operation for tag (tag3): True
2026-04-16 14:54:49,972 - semo.backend - INFO - Approved - List direct subtags operation (tag3) : True
2026-04-16 14:54:49,972 - semo.validator - INFO - Tag Exists 'tag3': True
2026-04-16 14:54:49,972 - semo.validator - INFO - Approval for list for tag operation for tag (tag3): True
2026-04-16 14:54:49,972 - semo.backend - INFO - Approved - List files for tag direct operation (tag3) : True
2026-04-16 14:54:49,973 - semo.validator - INFO - Tag Exists 'tag3': True
2026-04-16 14:54:49,973 - semo.validator - INFO - Approval for list for tag operation for tag (tag3): True
2026-04-16 14:54:49,973 - semo.backend - INFO - Approved - List files for tag direct operation (tag3) : True
2026-04-16 14:54:49,974 - semo.validator - INFO - Tag Exists 'tag3': True
2026-04-16 14:54:49,974 - semo.validator - INFO - Approval for list for tag operation for tag (tag3): True
2026-04-16 14:54:49,974 - semo.backend - INFO - Approved - List files for tag direct operation (tag3) : True
2026-04-16 14:54:49,976 - semo.validator - INFO - Tag Exists 'tag1': True
2026-04-16 14:54:49,976 - semo.validator - INFO - Approval for list for tag operation for tag (tag1): True
2026-04-16 14:54:49,976 - semo.backend - INFO - Approved - List files for tag direct operation (tag1) : True
2026-04-16 14:54:49,977 - semo.validator - INFO - Tag Exists 'tag1': True
2026-04-16 14:54:49,977 - semo.validator - INFO - Approval for list for tag operation for tag (tag1): True
2026-04-16 14:54:49,977 - semo.backend - INFO - Approved - List files for tag direct operation (tag1) : True
2026-04-16 14:54:49,978 - semo.validator - INFO - Tag Exists 'tag2': True
2026-04-16 14:54:49,978 - semo.validator - INFO - Approval for list for tag operation for tag (tag2): True
2026-04-16 14:54:49,978 - semo.backend - INFO - Approved - List files for tag direct operation (tag2) : True
2026-04-16 14:54:49,979 - semo.validator - INFO - Tag Exists 'tag2': True
2026-04-16 14:54:49,979 - semo.validator - INFO - Approval for list for tag operation for tag (tag2): True
2026-04-16 14:54:49,979 - semo.backend - INFO - Approved - List files for tag direct operation (tag2) : True
2026-04-16 14:54:49,980 - semo.validator - INFO - Tag Exists 'tag2': True
2026-04-16 14:54:49,980 - semo.validator - INFO - Approval for list for tag operation for tag (tag2): True
2026-04-16 14:54:49,980 - semo.backend - INFO - Approved - List direct subtags operation (tag2) : True
2026-04-16 14:54:49,981 - semo.validator - INFO - Tag Exists 'tag2': True
2026-04-16 14:54:49,981 - semo.validator - INFO - Approval for list for tag operation for tag (tag2): True
2026-04-16 14:54:49,981 - semo.backend - INFO - Approved - List files for tag direct operation (tag2) : True
2026-04-16 14:54:49,983 - semo.validator - INFO - Tag Exists 'tag2': True
2026-04-16 14:54:49,983 - semo.validator - INFO - Approval for list for tag operation for tag (tag2): True
2026-04-16 14:54:49,983 - semo.backend - INFO - Approved - List files for tag direct operation (tag2) : True
2026-04-16 14:54:49,984 - semo.validator - INFO - Tag Exists 'tag2': True
2026-04-16 14:54:49,984 - semo.validator - INFO - Approval for list for tag operation for tag (tag2): True
2026-04-16 14:54:49,984 - semo.backend - INFO - Approved - List files for tag direct operation (tag2) : True
2026-04-16 14:54:55,022 - semo.validator - INFO - Tag Exists 'tag1': True
2026-04-16 14:54:55,022 - semo.validator - INFO - Approval for list for tag operation for tag (tag1): True
2026-04-16 14:54:55,022 - semo.backend - INFO - Approved - List files for tag direct operation (tag1) : True
2026-04-16 14:54:55,023 - semo.validator - INFO - Tag Exists 'tag1': True
2026-04-16 14:54:55,023 - semo.validator - INFO - Approval for list for tag operation for tag (tag1): True
2026-04-16 14:54:55,023 - semo.backend - INFO - Approved - List files for tag direct operation (tag1) : True
2026-04-16 14:54:55,024 - semo.validator - INFO - Tag Exists 'tag1': True
2026-04-16 14:54:55,024 - semo.validator - INFO - Approval for list for tag operation for tag (tag1): True
2026-04-16 14:54:55,024 - semo.backend - INFO - Approved - List direct subtags operation (tag1) : True
2026-04-16 14:54:55,024 - semo.validator - INFO - Tag Exists 'tag1': True
2026-04-16 14:54:55,024 - semo.validator - INFO - Approval for list for tag operation for tag (tag1): True
2026-04-16 14:54:55,024 - semo.backend - INFO - Approved - List files for tag direct operation (tag1) : True
2026-04-16 14:54:55,026 - semo.validator - INFO - Tag Exists 'tag1': True
2026-04-16 14:54:55,026 - semo.validator - INFO - Approval for list for tag operation for tag (tag1): True
2026-04-16 14:54:55,026 - semo.backend - INFO - Approved - List files for tag direct operation (tag1) : True
2026-04-16 14:54:55,027 - semo.validator - INFO - Tag Exists 'tag3': True
2026-04-16 14:54:55,027 - semo.validator - INFO - Approval for list for tag operation for tag (tag3): True
2026-04-16 14:54:55,027 - semo.backend - INFO - Approved - List files for tag direct operation (tag3) : True
2026-04-16 14:54:55,029 - semo.validator - INFO - Tag Exists 'tag3': True
2026-04-16 14:54:55,029 - semo.validator - INFO - Approval for list for tag operation for tag (tag3): True
2026-04-16 14:54:55,029 - semo.backend - INFO - Approved - List files for tag direct operation (tag3) : True
2026-04-16 14:54:55,030 - semo.validator - INFO - Tag Exists 'tag3': True
2026-04-16 14:54:55,030 - semo.validator - INFO - Approval for list for tag operation for tag (tag3): True
2026-04-16 14:54:55,030 - semo.backend - INFO - Approved - List direct subtags operation (tag3) : True
2026-04-16 14:54:55,031 - semo.validator - INFO - Tag Exists 'tag3': True
2026-04-16 14:54:55,031 - semo.validator - INFO - Approval for list for tag operation for tag (tag3): True
2026-04-16 14:54:55,031 - semo.backend - INFO - Approved - List files for tag direct operation (tag3) : True
2026-04-16 14:54:55,032 - semo.validator - INFO - Tag Exists 'tag3': True
2026-04-16 14:54:55,032 - semo.validator - INFO - Approval for list for tag operation for tag (tag3): True
2026-04-16 14:54:55,032 - semo.backend - INFO - Approved - List files for tag direct operation (tag3) : True
2026-04-16 14:54:55,033 - semo.validator - INFO - Tag Exists 'tag3': True
2026-04-16 14:54:55,033 - semo.validator - INFO - Approval for list for tag operation for tag (tag3): True
2026-04-16 14:54:55,033 - semo.backend - INFO - Approved - List files for tag direct operation (tag3) : True
2026-04-16 14:54:55,034 - semo.validator - INFO - Tag Exists 'tag1': True
2026-04-16 14:54:55,034 - semo.validator - INFO - Approval for list for tag operation for tag (tag1): True
2026-04-16 14:54:55,034 - semo.backend - INFO - Approved - List files for tag direct operation (tag1) : True
2026-04-16 14:54:55,035 - semo.validator - INFO - Tag Exists 'tag1': True
2026-04-16 14:54:55,035 - semo.validator - INFO - Approval for list for tag operation for tag (tag1): True
2026-04-16 14:54:55,035 - semo.backend - INFO - Approved - List files for tag direct operation (tag1) : True
2026-04-16 14:54:55,037 - semo.validator - INFO - Tag Exists 'tag2': True
2026-04-16 14:54:55,037 - semo.validator - INFO - Approval for list for tag operation for tag (tag2): True
2026-04-16 14:54:55,037 - semo.backend - INFO - Approved - List files for tag direct operation (tag2) : True
2026-04-16 14:54:55,038 - semo.validator - INFO - Tag Exists 'tag2': True
2026-04-16 14:54:55,038 - semo.validator - INFO - Approval for list for tag operation for tag (tag2): True
2026-04-16 14:54:55,038 - semo.backend - INFO - Approved - List files for tag direct operation (tag2) : True
2026-04-16 14:54:55,039 - semo.validator - INFO - Tag Exists 'tag2': True
2026-04-16 14:54:55,039 - semo.validator - INFO - Approval for list for tag operation for tag (tag2): True
2026-04-16 14:54:55,039 - semo.backend - INFO - Approved - List direct subtags operation (tag2) : True
2026-04-16 14:54:55,039 - semo.validator - INFO - Tag Exists 'tag2': True
2026-04-16 14:54:55,039 - semo.validator - INFO - Approval for list for tag operation for tag (tag2): True
2026-04-16 14:54:55,039 - semo.backend - INFO - Approved - List files for tag direct operation (tag2) : True
2026-04-16 14:54:55,041 - semo.validator - INFO - Tag Exists 'tag2': True
2026-04-16 14:54:55,041 - semo.validator - INFO - Approval for list for tag operation for tag (tag2): True
2026-04-16 14:54:55,041 - semo.backend - INFO - Approved - List files for tag direct operation (tag2) : True
2026-04-16 14:54:55,043 - semo.validator - INFO - Tag Exists 'tag2': True
2026-04-16 14:54:55,043 - semo.validator - INFO - Approval for list for tag operation for tag (tag2): True
2026-04-16 14:54:55,043 - semo.backend - INFO - Approved - List files for tag direct operation (tag2) : True
2026-04-16 14:55:00,098 - semo.validator - INFO - Tag Exists 'tag1': True
2026-04-16 14:55:00,099 - semo.validator - INFO - Approval for list for tag operation for tag (tag1): True
2026-04-16 14:55:00,099 - semo.backend - INFO - Approved - List files for tag direct operation (tag1) : True
2026-04-16 14:55:00,100 - semo.validator - INFO - Tag Exists 'tag1': True
2026-04-16 14:55:00,100 - semo.validator - INFO - Approval for list for tag operation for tag (tag1): True
2026-04-16 14:55:00,100 - semo.backend - INFO - Approved - List files for tag direct operation (tag1) : True
2026-04-16 14:55:00,102 - semo.validator - INFO - Tag Exists 'tag1': True
2026-04-16 14:55:00,102 - semo.validator - INFO - Approval for list for tag operation for tag (tag1): True
2026-04-16 14:55:00,102 - semo.backend - INFO - Approved - List direct subtags operation (tag1) : True
2026-04-16 14:55:00,103 - semo.validator - INFO - Tag Exists 'tag1': True
2026-04-16 14:55:00,103 - semo.validator - INFO - Approval for list for tag operation for tag (tag1): True
2026-04-16 14:55:00,103 - semo.backend - INFO - Approved - List files for tag direct operation (tag1) : True
2026-04-16 14:55:00,105 - semo.validator - INFO - Tag Exists 'tag1': True
2026-04-16 14:55:00,105 - semo.validator - INFO - Approval for list for tag operation for tag (tag1): True
2026-04-16 14:55:00,105 - semo.backend - INFO - Approved - List files for tag direct operation (tag1) : True
2026-04-16 14:55:00,106 - semo.validator - INFO - Tag Exists 'tag3': True
2026-04-16 14:55:00,106 - semo.validator - INFO - Approval for list for tag operation for tag (tag3): True
2026-04-16 14:55:00,106 - semo.backend - INFO - Approved - List files for tag direct operation (tag3) : True
2026-04-16 14:55:00,109 - semo.validator - INFO - Tag Exists 'tag3': True
2026-04-16 14:55:00,109 - semo.validator - INFO - Approval for list for tag operation for tag (tag3): True
2026-04-16 14:55:00,109 - semo.backend - INFO - Approved - List files for tag direct operation (tag3) : True
2026-04-16 14:55:00,110 - semo.validator - INFO - Tag Exists 'tag3': True
2026-04-16 14:55:00,110 - semo.validator - INFO - Approval for list for tag operation for tag (tag3): True
2026-04-16 14:55:00,110 - semo.backend - INFO - Approved - List direct subtags operation (tag3) : True
2026-04-16 14:55:00,110 - semo.validator - INFO - Tag Exists 'tag3': True
2026-04-16 14:55:00,110 - semo.validator - INFO - Approval for list for tag operation for tag (tag3): True
2026-04-16 14:55:00,111 - semo.backend - INFO - Approved - List files for tag direct operation (tag3) : True
2026-04-16 14:55:00,112 - semo.validator - INFO - Tag Exists 'tag3': True
2026-04-16 14:55:00,112 - semo.validator - INFO - Approval for list for tag operation for tag (tag3): True
2026-04-16 14:55:00,112 - semo.backend - INFO - Approved - List files for tag direct operation (tag3) : True
2026-04-16 14:55:00,113 - semo.validator - INFO - Tag Exists 'tag3': True
2026-04-16 14:55:00,113 - semo.validator - INFO - Approval for list for tag operation for tag (tag3): True
2026-04-16 14:55:00,113 - semo.backend - INFO - Approved - List files for tag direct operation (tag3) : True
2026-04-16 14:55:00,114 - semo.validator - INFO - Tag Exists 'tag1': True
2026-04-16 14:55:00,114 - semo.validator - INFO - Approval for list for tag operation for tag (tag1): True
2026-04-16 14:55:00,114 - semo.backend - INFO - Approved - List files for tag direct operation (tag1) : True
2026-04-16 14:55:00,115 - semo.validator - INFO - Tag Exists 'tag1': True
2026-04-16 14:55:00,115 - semo.validator - INFO - Approval for list for tag operation for tag (tag1): True
2026-04-16 14:55:00,115 - semo.backend - INFO - Approved - List files for tag direct operation (tag1) : True
2026-04-16 14:55:00,117 - semo.validator - INFO - Tag Exists 'tag2': True
2026-04-16 14:55:00,117 - semo.validator - INFO - Approval for list for tag operation for tag (tag2): True
2026-04-16 14:55:00,117 - semo.backend - INFO - Approved - List files for tag direct operation (tag2) : True
2026-04-16 14:55:00,118 - semo.validator - INFO - Tag Exists 'tag2': True
2026-04-16 14:55:00,118 - semo.validator - INFO - Approval for list for tag operation for tag (tag2): True
2026-04-16 14:55:00,118 - semo.backend - INFO - Approved - List files for tag direct operation (tag2) : True
2026-04-16 14:55:00,119 - semo.validator - INFO - Tag Exists 'tag2': True
2026-04-16 14:55:00,119 - semo.validator - INFO - Approval for list for tag operation for tag (tag2): True
2026-04-16 14:55:00,119 - semo.backend - INFO - Approved - List direct subtags operation (tag2) : True
2026-04-16 14:55:00,119 - semo.validator - INFO - Tag Exists 'tag2': True
2026-04-16 14:55:00,119 - semo.validator - INFO - Approval for list for tag operation for tag (tag2): True
2026-04-16 14:55:00,119 - semo.backend - INFO - Approved - List files for tag direct operation (tag2) : True
2026-04-16 14:55:00,121 - semo.validator - INFO - Tag Exists 'tag2': True
2026-04-16 14:55:00,121 - semo.validator - INFO - Approval for list for tag operation for tag (tag2): True
2026-04-16 14:55:00,121 - semo.backend - INFO - Approved - List files for tag direct operation (tag2) : True
2026-04-16 14:55:00,123 - semo.validator - INFO - Tag Exists 'tag2': True
2026-04-16 14:55:00,123 - semo.validator - INFO - Approval for list for tag operation for tag (tag2): True
2026-04-16 14:55:00,123 - semo.backend - INFO - Approved - List files for tag direct operation (tag2) : True
2026-04-16 14:55:05,174 - semo.validator - INFO - Tag Exists 'tag1': True
2026-04-16 14:55:05,174 - semo.validator - INFO - Approval for list for tag operation for tag (tag1): True
2026-04-16 14:55:05,174 - semo.backend - INFO - Approved - List files for tag direct operation (tag1) : True
2026-04-16 14:55:05,176 - semo.validator - INFO - Tag Exists 'tag1': True
2026-04-16 14:55:05,176 - semo.validator - INFO - Approval for list for tag operation for tag (tag1): True
2026-04-16 14:55:05,176 - semo.backend - INFO - Approved - List files for tag direct operation (tag1) : True
2026-04-16 14:55:05,177 - semo.validator - INFO - Tag Exists 'tag1': True
2026-04-16 14:55:05,177 - semo.validator - INFO - Approval for list for tag operation for tag (tag1): True
2026-04-16 14:55:05,177 - semo.backend - INFO - Approved - List direct subtags operation (tag1) : True
2026-04-16 14:55:05,178 - semo.validator - INFO - Tag Exists 'tag1': True
2026-04-16 14:55:05,178 - semo.validator - INFO - Approval for list for tag operation for tag (tag1): True
2026-04-16 14:55:05,178 - semo.backend - INFO - Approved - List files for tag direct operation (tag1) : True
2026-04-16 14:55:05,179 - semo.validator - INFO - Tag Exists 'tag1': True
2026-04-16 14:55:05,179 - semo.validator - INFO - Approval for list for tag operation for tag (tag1): True
2026-04-16 14:55:05,179 - semo.backend - INFO - Approved - List files for tag direct operation (tag1) : True
2026-04-16 14:55:05,180 - semo.validator - INFO - Tag Exists 'tag3': True
2026-04-16 14:55:05,180 - semo.validator - INFO - Approval for list for tag operation for tag (tag3): True
2026-04-16 14:55:05,180 - semo.backend - INFO - Approved - List files for tag direct operation (tag3) : True
2026-04-16 14:55:05,181 - semo.validator - INFO - Tag Exists 'tag3': True
2026-04-16 14:55:05,181 - semo.validator - INFO - Approval for list for tag operation for tag (tag3): True
2026-04-16 14:55:05,181 - semo.backend - INFO - Approved - List files for tag direct operation (tag3) : True
2026-04-16 14:55:05,183 - semo.validator - INFO - Tag Exists 'tag3': True
2026-04-16 14:55:05,183 - semo.validator - INFO - Approval for list for tag operation for tag (tag3): True
2026-04-16 14:55:05,183 - semo.backend - INFO - Approved - List direct subtags operation (tag3) : True
2026-04-16 14:55:05,184 - semo.validator - INFO - Tag Exists 'tag3': True
2026-04-16 14:55:05,184 - semo.validator - INFO - Approval for list for tag operation for tag (tag3): True
2026-04-16 14:55:05,184 - semo.backend - INFO - Approved - List files for tag direct operation (tag3) : True
2026-04-16 14:55:05,184 - semo.validator - INFO - Tag Exists 'tag3': True
2026-04-16 14:55:05,185 - semo.validator - INFO - Approval for list for tag operation for tag (tag3): True
2026-04-16 14:55:05,185 - semo.backend - INFO - Approved - List files for tag direct operation (tag3) : True
2026-04-16 14:55:05,185 - semo.validator - INFO - Tag Exists 'tag3': True
2026-04-16 14:55:05,185 - semo.validator - INFO - Approval for list for tag operation for tag (tag3): True
2026-04-16 14:55:05,185 - semo.backend - INFO - Approved - List files for tag direct operation (tag3) : True
2026-04-16 14:55:05,186 - semo.validator - INFO - Tag Exists 'tag1': True
2026-04-16 14:55:05,186 - semo.validator - INFO - Approval for list for tag operation for tag (tag1): True
2026-04-16 14:55:05,186 - semo.backend - INFO - Approved - List files for tag direct operation (tag1) : True
2026-04-16 14:55:05,187 - semo.validator - INFO - Tag Exists 'tag1': True
2026-04-16 14:55:05,187 - semo.validator - INFO - Approval for list for tag operation for tag (tag1): True
2026-04-16 14:55:05,187 - semo.backend - INFO - Approved - List files for tag direct operation (tag1) : True
2026-04-16 14:55:05,189 - semo.validator - INFO - Tag Exists 'tag2': True
2026-04-16 14:55:05,189 - semo.validator - INFO - Approval for list for tag operation for tag (tag2): True
2026-04-16 14:55:05,189 - semo.backend - INFO - Approved - List files for tag direct operation (tag2) : True
2026-04-16 14:55:05,190 - semo.validator - INFO - Tag Exists 'tag2': True
2026-04-16 14:55:05,190 - semo.validator - INFO - Approval for list for tag operation for tag (tag2): True
2026-04-16 14:55:05,190 - semo.backend - INFO - Approved - List files for tag direct operation (tag2) : True
2026-04-16 14:55:05,190 - semo.validator - INFO - Tag Exists 'tag2': True
2026-04-16 14:55:05,190 - semo.validator - INFO - Approval for list for tag operation for tag (tag2): True
2026-04-16 14:55:05,190 - semo.backend - INFO - Approved - List direct subtags operation (tag2) : True
2026-04-16 14:55:05,191 - semo.validator - INFO - Tag Exists 'tag2': True
2026-04-16 14:55:05,191 - semo.validator - INFO - Approval for list for tag operation for tag (tag2): True
2026-04-16 14:55:05,191 - semo.backend - INFO - Approved - List files for tag direct operation (tag2) : True
2026-04-16 14:55:05,192 - semo.validator - INFO - Tag Exists 'tag2': True
2026-04-16 14:55:05,192 - semo.validator - INFO - Approval for list for tag operation for tag (tag2): True
2026-04-16 14:55:05,192 - semo.backend - INFO - Approved - List files for tag direct operation (tag2) : True
2026-04-16 14:55:05,194 - semo.validator - INFO - Tag Exists 'tag2': True
2026-04-16 14:55:05,194 - semo.validator - INFO - Approval for list for tag operation for tag (tag2): True
2026-04-16 14:55:05,194 - semo.backend - INFO - Approved - List files for tag direct operation (tag2) : True
2026-04-16 15:07:47,693 - semo.validator - INFO - Tag Exists 'tag1': True
2026-04-16 15:07:47,693 - semo.validator - INFO - Approval for list for tag operation for tag (tag1): True
2026-04-16 15:07:47,694 - semo.backend - INFO - Approved - List files for tag direct operation (tag1) : True
2026-04-16 15:07:47,697 - semo.validator - INFO - Tag Exists 'tag1': True
2026-04-16 15:07:47,697 - semo.validator - INFO - Approval for list for tag operation for tag (tag1): True
2026-04-16 15:07:47,697 - semo.backend - INFO - Approved - List files for tag direct operation (tag1) : True
2026-04-16 15:07:49,406 - semo.validator - INFO - Tag Exists 'tag1': True
2026-04-16 15:07:49,407 - semo.validator - INFO - Approval for list for tag operation for tag (tag1): True
2026-04-16 15:07:49,407 - semo.backend - INFO - Approved - List files for tag direct operation (tag1) : True
2026-04-16 15:07:49,408 - semo.validator - INFO - Tag Exists 'tag1': True
2026-04-16 15:07:49,408 - semo.validator - INFO - Approval for list for tag operation for tag (tag1): True
2026-04-16 15:07:49,408 - semo.backend - INFO - Approved - List files for tag direct operation (tag1) : True
2026-04-16 15:07:49,408 - semo.validator - INFO - Tag Exists 'tag1': True
2026-04-16 15:07:49,409 - semo.validator - INFO - Approval for list for tag operation for tag (tag1): True
2026-04-16 15:07:49,409 - semo.backend - INFO - Approved - List direct subtags operation (tag1) : True
2026-04-16 15:07:49,409 - semo.validator - INFO - Tag Exists 'tag1': True
2026-04-16 15:07:49,409 - semo.validator - INFO - Approval for list for tag operation for tag (tag1): True
2026-04-16 15:07:49,409 - semo.backend - INFO - Approved - List files for tag direct operation (tag1) : True
2026-04-16 15:07:49,411 - semo.validator - INFO - Tag Exists 'tag1': True
2026-04-16 15:07:49,411 - semo.validator - INFO - Approval for list for tag operation for tag (tag1): True
2026-04-16 15:07:49,411 - semo.backend - INFO - Approved - List files for tag direct operation (tag1) : True
2026-04-16 15:07:49,412 - semo.validator - INFO - Tag Exists 'tag3': True
2026-04-16 15:07:49,412 - semo.validator - INFO - Approval for list for tag operation for tag (tag3): True
2026-04-16 15:07:49,412 - semo.backend - INFO - Approved - List files for tag direct operation (tag3) : True
2026-04-16 15:07:49,413 - semo.validator - INFO - Tag Exists 'tag3': True
2026-04-16 15:07:49,413 - semo.validator - INFO - Approval for list for tag operation for tag (tag3): True
2026-04-16 15:07:49,413 - semo.backend - INFO - Approved - List files for tag direct operation (tag3) : True
2026-04-16 15:07:49,414 - semo.validator - INFO - Tag Exists 'tag3': True
2026-04-16 15:07:49,414 - semo.validator - INFO - Approval for list for tag operation for tag (tag3): True
2026-04-16 15:07:49,414 - semo.backend - INFO - Approved - List direct subtags operation (tag3) : True
2026-04-16 15:07:49,415 - semo.validator - INFO - Tag Exists 'tag3': True
2026-04-16 15:07:49,415 - semo.validator - INFO - Approval for list for tag operation for tag (tag3): True
2026-04-16 15:07:49,415 - semo.backend - INFO - Approved - List files for tag direct operation (tag3) : True
2026-04-16 15:07:49,416 - semo.validator - INFO - Tag Exists 'tag2': True
2026-04-16 15:07:49,416 - semo.validator - INFO - Approval for list for tag operation for tag (tag2): True
2026-04-16 15:07:49,416 - semo.backend - INFO - Approved - List files for tag direct operation (tag2) : True
2026-04-16 15:07:49,419 - semo.validator - INFO - Tag Exists 'tag2': True
2026-04-16 15:07:49,419 - semo.validator - INFO - Approval for list for tag operation for tag (tag2): True
2026-04-16 15:07:49,419 - semo.backend - INFO - Approved - List files for tag direct operation (tag2) : True
2026-04-16 15:07:49,420 - semo.validator - INFO - Tag Exists 'tag2': True
2026-04-16 15:07:49,420 - semo.validator - INFO - Approval for list for tag operation for tag (tag2): True
2026-04-16 15:07:49,420 - semo.backend - INFO - Approved - List direct subtags operation (tag2) : True
2026-04-16 15:07:49,421 - semo.validator - INFO - Tag Exists 'tag2': True
2026-04-16 15:07:49,421 - semo.validator - INFO - Approval for list for tag operation for tag (tag2): True
2026-04-16 15:07:49,421 - semo.backend - INFO - Approved - List files for tag direct operation (tag2) : True
2026-04-16 15:07:51,342 - semo.validator - INFO - Tag Exists 'tag1': True
2026-04-16 15:07:51,342 - semo.validator - INFO - Approval for list for tag operation for tag (tag1): True
2026-04-16 15:07:51,342 - semo.backend - INFO - Approved - List direct subtags operation (tag1) : True
2026-04-16 15:07:51,344 - semo.validator - INFO - Tag Exists 'tag1': True
2026-04-16 15:07:51,344 - semo.validator - INFO - Approval for list for tag operation for tag (tag1): True
2026-04-16 15:07:51,344 - semo.backend - INFO - Approved - List files for tag direct operation (tag1) : True
2026-04-16 15:08:31,032 - semo.validator - INFO - Tag Exists 'tag1': True
2026-04-16 15:08:31,033 - semo.validator - INFO - Approval for list for tag operation for tag (tag1): True
2026-04-16 15:08:31,033 - semo.backend - INFO - Approved - List direct subtags operation (tag1) : True
2026-04-16 15:08:31,036 - semo.validator - INFO - Tag Exists 'tag1': True
2026-04-16 15:08:31,036 - semo.validator - INFO - Approval for list for tag operation for tag (tag1): True
2026-04-16 15:08:31,036 - semo.backend - INFO - Approved - List files for tag direct operation (tag1) : True
2026-04-16 15:08:31,042 - semo.validator - INFO - Tag Exists 'tag1': True
2026-04-16 15:08:31,042 - semo.validator - INFO - Approval for list for tag operation for tag (tag1): True
2026-04-16 15:08:31,042 - semo.backend - INFO - Approved - List files for tag direct operation (tag1) : True
2026-04-16 15:08:32,146 - semo.validator - INFO - Tag Exists 'tag2': True
2026-04-16 15:08:32,147 - semo.validator - INFO - Approval for list for tag operation for tag (tag2): True
2026-04-16 15:08:32,147 - semo.backend - INFO - Approved - List files for tag direct operation (tag2) : True
2026-04-16 15:08:32,148 - semo.validator - INFO - Tag Exists 'tag2': True
2026-04-16 15:08:32,148 - semo.validator - INFO - Approval for list for tag operation for tag (tag2): True
2026-04-16 15:08:32,148 - semo.backend - INFO - Approved - List files for tag direct operation (tag2) : True
2026-04-16 15:08:32,148 - semo.validator - INFO - Tag Exists 'tag2': True
2026-04-16 15:08:32,148 - semo.validator - INFO - Approval for list for tag operation for tag (tag2): True
2026-04-16 15:08:32,148 - semo.backend - INFO - Approved - List direct subtags operation (tag2) : True
2026-04-16 15:08:32,149 - semo.validator - INFO - Tag Exists 'tag2': True
2026-04-16 15:08:32,149 - semo.validator - INFO - Approval for list for tag operation for tag (tag2): True
2026-04-16 15:08:32,149 - semo.backend - INFO - Approved - List files for tag direct operation (tag2) : True
2026-04-16 15:08:32,150 - semo.validator - INFO - Tag Exists 'tag2': True
2026-04-16 15:08:32,150 - semo.validator - INFO - Approval for list for tag operation for tag (tag2): True
2026-04-16 15:08:32,150 - semo.backend - INFO - Approved - List files for tag direct operation (tag2) : True
2026-04-16 15:08:32,151 - semo.validator - INFO - Tag Exists 'tag2': True
2026-04-16 15:08:32,151 - semo.validator - INFO - Approval for list for tag operation for tag (tag2): True
2026-04-16 15:08:32,151 - semo.backend - INFO - Approved - List files for tag direct operation (tag2) : True
2026-04-16 15:08:32,153 - semo.validator - INFO - Tag Exists 'tag1': True
2026-04-16 15:08:32,154 - semo.validator - INFO - Approval for list for tag operation for tag (tag1): True
2026-04-16 15:08:32,154 - semo.backend - INFO - Approved - List files for tag direct operation (tag1) : True
2026-04-16 15:08:32,155 - semo.validator - INFO - Tag Exists 'tag1': True
2026-04-16 15:08:32,155 - semo.validator - INFO - Approval for list for tag operation for tag (tag1): True
2026-04-16 15:08:32,155 - semo.backend - INFO - Approved - List files for tag direct operation (tag1) : True
2026-04-16 15:08:32,155 - semo.validator - INFO - Tag Exists 'tag1': True
2026-04-16 15:08:32,155 - semo.validator - INFO - Approval for list for tag operation for tag (tag1): True
2026-04-16 15:08:32,155 - semo.backend - INFO - Approved - List direct subtags operation (tag1) : True
2026-04-16 15:08:32,157 - semo.validator - INFO - Tag Exists 'tag1': True
2026-04-16 15:08:32,157 - semo.validator - INFO - Approval for list for tag operation for tag (tag1): True
2026-04-16 15:08:32,157 - semo.backend - INFO - Approved - List files for tag direct operation (tag1) : True
2026-04-16 15:08:32,158 - semo.validator - INFO - Tag Exists 'tag1': True
2026-04-16 15:08:32,158 - semo.validator - INFO - Approval for list for tag operation for tag (tag1): True
2026-04-16 15:08:32,158 - semo.backend - INFO - Approved - List files for tag direct operation (tag1) : True
2026-04-16 15:08:32,159 - semo.validator - INFO - Tag Exists 'tag3': True
2026-04-16 15:08:32,159 - semo.validator - INFO - Approval for list for tag operation for tag (tag3): True
2026-04-16 15:08:32,159 - semo.backend - INFO - Approved - List files for tag direct operation (tag3) : True
2026-04-16 15:08:32,160 - semo.validator - INFO - Tag Exists 'tag3': True
2026-04-16 15:08:32,160 - semo.validator - INFO - Approval for list for tag operation for tag (tag3): True
2026-04-16 15:08:32,160 - semo.backend - INFO - Approved - List files for tag direct operation (tag3) : True
2026-04-16 15:08:32,161 - semo.validator - INFO - Tag Exists 'tag3': True
2026-04-16 15:08:32,161 - semo.validator - INFO - Approval for list for tag operation for tag (tag3): True
2026-04-16 15:08:32,161 - semo.backend - INFO - Approved - List direct subtags operation (tag3) : True
2026-04-16 15:08:32,161 - semo.validator - INFO - Tag Exists 'tag3': True
2026-04-16 15:08:32,161 - semo.validator - INFO - Approval for list for tag operation for tag (tag3): True
2026-04-16 15:08:32,161 - semo.backend - INFO - Approved - List files for tag direct operation (tag3) : True
2026-04-16 15:08:32,162 - semo.validator - INFO - Tag Exists 'tag3': True
2026-04-16 15:08:32,162 - semo.validator - INFO - Approval for list for tag operation for tag (tag3): True
2026-04-16 15:08:32,162 - semo.backend - INFO - Approved - List files for tag direct operation (tag3) : True
2026-04-16 15:08:32,163 - semo.validator - INFO - Tag Exists 'tag3': True
2026-04-16 15:08:32,163 - semo.validator - INFO - Approval for list for tag operation for tag (tag3): True
2026-04-16 15:08:32,163 - semo.backend - INFO - Approved - List files for tag direct operation (tag3) : True
2026-04-16 15:08:32,165 - semo.validator - INFO - Tag Exists 'tag1': True
2026-04-16 15:08:32,165 - semo.validator - INFO - Approval for list for tag operation for tag (tag1): True
2026-04-16 15:08:32,165 - semo.backend - INFO - Approved - List files for tag direct operation (tag1) : True
2026-04-16 15:08:44,773 - semo.validator - INFO - Tag Exists 'tag1': True
2026-04-16 15:08:44,774 - semo.validator - INFO - Approval for list for tag operation for tag (tag1): True
2026-04-16 15:08:44,774 - semo.backend - INFO - Approved - List direct subtags operation (tag1) : True
2026-04-16 15:08:44,776 - semo.validator - INFO - Tag Exists 'tag1': True
2026-04-16 15:08:44,777 - semo.validator - INFO - Approval for list for tag operation for tag (tag1): True
2026-04-16 15:08:44,777 - semo.backend - INFO - Approved - List files for tag direct operation (tag1) : True
2026-04-16 15:08:44,780 - semo.validator - INFO - Tag Exists 'tag1': True
2026-04-16 15:08:44,780 - semo.validator - INFO - Approval for list for tag operation for tag (tag1): True
2026-04-16 15:08:44,780 - semo.backend - INFO - Approved - List files for tag direct operation (tag1) : True
2026-04-16 15:08:44,784 - semo.validator - INFO - Tag Exists 'tag1': True
2026-04-16 15:08:44,785 - semo.validator - INFO - Approval for list for tag operation for tag (tag1): True
2026-04-16 15:08:44,785 - semo.backend - INFO - Approved - List files for tag direct operation (tag1) : True
2026-04-16 15:15:56,714 - semo.validator - INFO - Tag Exists 'tag1': True
2026-04-16 15:15:56,715 - semo.validator - INFO - Approval for list for tag operation for tag (tag1): True
2026-04-16 15:15:56,715 - semo.backend - INFO - Approved - List direct subtags operation (tag1) : True
2026-04-16 15:15:56,716 - semo.validator - INFO - Tag Exists 'tag1': True
2026-04-16 15:15:56,716 - semo.validator - INFO - Approval for list for tag operation for tag (tag1): True
2026-04-16 15:15:56,716 - semo.backend - INFO - Approved - List files for tag direct operation (tag1) : True
2026-04-16 15:15:56,718 - semo.validator - INFO - Tag Exists 'tag1': True
2026-04-16 15:15:56,718 - semo.validator - INFO - Approval for list for tag operation for tag (tag1): True
2026-04-16 15:15:56,718 - semo.backend - INFO - Approved - List files for tag direct operation (tag1) : True
2026-04-16 15:15:57,837 - semo.validator - INFO - Tag Exists 'tag1': True
2026-04-16 15:15:57,837 - semo.validator - INFO - Approval for list for tag operation for tag (tag1): True
2026-04-16 15:15:57,837 - semo.backend - INFO - Approved - List files for tag direct operation (tag1) : True
2026-04-16 15:15:57,839 - semo.validator - INFO - Tag Exists 'tag1': True
2026-04-16 15:15:57,839 - semo.validator - INFO - Approval for list for tag operation for tag (tag1): True
2026-04-16 15:15:57,839 - semo.backend - INFO - Approved - List files for tag direct operation (tag1) : True
2026-04-16 15:15:57,840 - semo.validator - INFO - Tag Exists 'tag1': True
2026-04-16 15:15:57,840 - semo.validator - INFO - Approval for list for tag operation for tag (tag1): True
2026-04-16 15:15:57,840 - semo.backend - INFO - Approved - List direct subtags operation (tag1) : True
2026-04-16 15:15:57,840 - semo.validator - INFO - Tag Exists 'tag1': True
2026-04-16 15:15:57,840 - semo.validator - INFO - Approval for list for tag operation for tag (tag1): True
2026-04-16 15:15:57,840 - semo.backend - INFO - Approved - List files for tag direct operation (tag1) : True
2026-04-16 15:15:57,842 - semo.validator - INFO - Tag Exists 'tag1': True
2026-04-16 15:15:57,842 - semo.validator - INFO - Approval for list for tag operation for tag (tag1): True
2026-04-16 15:15:57,842 - semo.backend - INFO - Approved - List files for tag direct operation (tag1) : True
2026-04-16 15:15:57,843 - semo.validator - INFO - Tag Exists 'tag3': True
2026-04-16 15:15:57,843 - semo.validator - INFO - Approval for list for tag operation for tag (tag3): True
2026-04-16 15:15:57,843 - semo.backend - INFO - Approved - List files for tag direct operation (tag3) : True
2026-04-16 15:15:57,844 - semo.validator - INFO - Tag Exists 'tag3': True
2026-04-16 15:15:57,844 - semo.validator - INFO - Approval for list for tag operation for tag (tag3): True
2026-04-16 15:15:57,844 - semo.backend - INFO - Approved - List files for tag direct operation (tag3) : True
2026-04-16 15:15:57,844 - semo.validator - INFO - Tag Exists 'tag3': True
2026-04-16 15:15:57,844 - semo.validator - INFO - Approval for list for tag operation for tag (tag3): True
2026-04-16 15:15:57,845 - semo.backend - INFO - Approved - List direct subtags operation (tag3) : True
2026-04-16 15:15:57,845 - semo.validator - INFO - Tag Exists 'tag3': True
2026-04-16 15:15:57,845 - semo.validator - INFO - Approval for list for tag operation for tag (tag3): True
2026-04-16 15:15:57,845 - semo.backend - INFO - Approved - List files for tag direct operation (tag3) : True
2026-04-16 15:15:57,847 - semo.validator - INFO - Tag Exists 'tag3': True
2026-04-16 15:15:57,847 - semo.validator - INFO - Approval for list for tag operation for tag (tag3): True
2026-04-16 15:15:57,847 - semo.backend - INFO - Approved - List files for tag direct operation (tag3) : True
2026-04-16 15:15:57,848 - semo.validator - INFO - Tag Exists 'tag3': True
2026-04-16 15:15:57,848 - semo.validator - INFO - Approval for list for tag operation for tag (tag3): True
2026-04-16 15:15:57,848 - semo.backend - INFO - Approved - List files for tag direct operation (tag3) : True
2026-04-16 15:15:57,849 - semo.validator - INFO - Tag Exists 'tag1': True
2026-04-16 15:15:57,849 - semo.validator - INFO - Approval for list for tag operation for tag (tag1): True
2026-04-16 15:15:57,849 - semo.backend - INFO - Approved - List files for tag direct operation (tag1) : True
2026-04-16 15:15:57,850 - semo.validator - INFO - Tag Exists 'tag2': True
2026-04-16 15:15:57,850 - semo.validator - INFO - Approval for list for tag operation for tag (tag2): True
2026-04-16 15:15:57,851 - semo.backend - INFO - Approved - List files for tag direct operation (tag2) : True
2026-04-16 15:15:57,851 - semo.validator - INFO - Tag Exists 'tag2': True
2026-04-16 15:15:57,851 - semo.validator - INFO - Approval for list for tag operation for tag (tag2): True
2026-04-16 15:15:57,851 - semo.backend - INFO - Approved - List files for tag direct operation (tag2) : True
2026-04-16 15:15:57,852 - semo.validator - INFO - Tag Exists 'tag2': True
2026-04-16 15:15:57,852 - semo.validator - INFO - Approval for list for tag operation for tag (tag2): True
2026-04-16 15:15:57,852 - semo.backend - INFO - Approved - List direct subtags operation (tag2) : True
2026-04-16 15:15:57,853 - semo.validator - INFO - Tag Exists 'tag2': True
2026-04-16 15:15:57,853 - semo.validator - INFO - Approval for list for tag operation for tag (tag2): True
2026-04-16 15:15:57,853 - semo.backend - INFO - Approved - List files for tag direct operation (tag2) : True
2026-04-16 15:15:57,854 - semo.validator - INFO - Tag Exists 'tag2': True
2026-04-16 15:15:57,854 - semo.validator - INFO - Approval for list for tag operation for tag (tag2): True
2026-04-16 15:15:57,854 - semo.backend - INFO - Approved - List files for tag direct operation (tag2) : True
2026-04-16 15:15:57,855 - semo.validator - INFO - Tag Exists 'tag2': True
2026-04-16 15:15:57,855 - semo.validator - INFO - Approval for list for tag operation for tag (tag2): True
2026-04-16 15:15:57,855 - semo.backend - INFO - Approved - List files for tag direct operation (tag2) : True
2026-04-16 15:16:52,489 - semo.validator - INFO - Tag Exists 'tag1': True
2026-04-16 15:16:52,489 - semo.validator - INFO - Approval for list for tag operation for tag (tag1): True
2026-04-16 15:16:52,489 - semo.backend - INFO - Approved - List direct subtags operation (tag1) : True
2026-04-16 15:16:52,492 - semo.validator - INFO - Tag Exists 'tag1': True
2026-04-16 15:16:52,492 - semo.validator - INFO - Approval for list for tag operation for tag (tag1): True
2026-04-16 15:16:52,492 - semo.backend - INFO - Approved - List files for tag direct operation (tag1) : True
2026-04-16 15:16:52,497 - semo.validator - INFO - Tag Exists 'tag1': True
2026-04-16 15:16:52,497 - semo.validator - INFO - Approval for list for tag operation for tag (tag1): True
2026-04-16 15:16:52,497 - semo.backend - INFO - Approved - List files for tag direct operation (tag1) : True
2026-04-16 15:16:52,502 - semo.validator - INFO - Tag Exists 'tag1': True
2026-04-16 15:16:52,503 - semo.validator - INFO - Approval for list for tag operation for tag (tag1): True
2026-04-16 15:16:52,503 - semo.backend - INFO - Approved - List files for tag direct operation (tag1) : True
2026-04-16 15:16:53,615 - semo.validator - INFO - Tag Exists 'tag2': True
2026-04-16 15:16:53,615 - semo.validator - INFO - Approval for list for tag operation for tag (tag2): True
2026-04-16 15:16:53,616 - semo.backend - INFO - Approved - List files for tag direct operation (tag2) : True
2026-04-16 15:16:53,617 - semo.validator - INFO - Tag Exists 'tag2': True
2026-04-16 15:16:53,617 - semo.validator - INFO - Approval for list for tag operation for tag (tag2): True
2026-04-16 15:16:53,617 - semo.backend - INFO - Approved - List files for tag direct operation (tag2) : True
2026-04-16 15:16:53,618 - semo.validator - INFO - Tag Exists 'tag2': True
2026-04-16 15:16:53,618 - semo.validator - INFO - Approval for list for tag operation for tag (tag2): True
2026-04-16 15:16:53,618 - semo.backend - INFO - Approved - List direct subtags operation (tag2) : True
2026-04-16 15:16:53,619 - semo.validator - INFO - Tag Exists 'tag2': True
2026-04-16 15:16:53,619 - semo.validator - INFO - Approval for list for tag operation for tag (tag2): True
2026-04-16 15:16:53,619 - semo.backend - INFO - Approved - List files for tag direct operation (tag2) : True
2026-04-16 15:16:53,620 - semo.validator - INFO - Tag Exists 'tag1': True
2026-04-16 15:16:53,620 - semo.validator - INFO - Approval for list for tag operation for tag (tag1): True
2026-04-16 15:16:53,620 - semo.backend - INFO - Approved - List files for tag direct operation (tag1) : True
2026-04-16 15:16:53,621 - semo.validator - INFO - Tag Exists 'tag1': True
2026-04-16 15:16:53,621 - semo.validator - INFO - Approval for list for tag operation for tag (tag1): True
2026-04-16 15:16:53,621 - semo.backend - INFO - Approved - List files for tag direct operation (tag1) : True
2026-04-16 15:16:53,622 - semo.validator - INFO - Tag Exists 'tag1': True
2026-04-16 15:16:53,622 - semo.validator - INFO - Approval for list for tag operation for tag (tag1): True
2026-04-16 15:16:53,622 - semo.backend - INFO - Approved - List direct subtags operation (tag1) : True
2026-04-16 15:16:53,623 - semo.validator - INFO - Tag Exists 'tag1': True
2026-04-16 15:16:53,623 - semo.validator - INFO - Approval for list for tag operation for tag (tag1): True
2026-04-16 15:16:53,623 - semo.backend - INFO - Approved - List files for tag direct operation (tag1) : True
2026-04-16 15:16:53,625 - semo.validator - INFO - Tag Exists 'tag1': True
2026-04-16 15:16:53,625 - semo.validator - INFO - Approval for list for tag operation for tag (tag1): True
2026-04-16 15:16:53,625 - semo.backend - INFO - Approved - List files for tag direct operation (tag1) : True
2026-04-16 15:16:53,626 - semo.validator - INFO - Tag Exists 'tag3': True
2026-04-16 15:16:53,626 - semo.validator - INFO - Approval for list for tag operation for tag (tag3): True
2026-04-16 15:16:53,626 - semo.backend - INFO - Approved - List files for tag direct operation (tag3) : True
2026-04-16 15:16:53,628 - semo.validator - INFO - Tag Exists 'tag3': True
2026-04-16 15:16:53,628 - semo.validator - INFO - Approval for list for tag operation for tag (tag3): True
2026-04-16 15:16:53,628 - semo.backend - INFO - Approved - List files for tag direct operation (tag3) : True
2026-04-16 15:16:53,628 - semo.validator - INFO - Tag Exists 'tag3': True
2026-04-16 15:16:53,628 - semo.validator - INFO - Approval for list for tag operation for tag (tag3): True
2026-04-16 15:16:53,628 - semo.backend - INFO - Approved - List direct subtags operation (tag3) : True
2026-04-16 15:16:53,629 - semo.validator - INFO - Tag Exists 'tag3': True
2026-04-16 15:16:53,629 - semo.validator - INFO - Approval for list for tag operation for tag (tag3): True
2026-04-16 15:16:53,629 - semo.backend - INFO - Approved - List files for tag direct operation (tag3) : True
2026-04-16 15:16:53,630 - semo.validator - INFO - Tag Exists 'tag1': True
2026-04-16 15:16:53,630 - semo.validator - INFO - Approval for list for tag operation for tag (tag1): True
2026-04-16 15:16:53,630 - semo.backend - INFO - Approved - List files for tag direct operation (tag1) : True
2026-04-16 15:16:53,631 - semo.validator - INFO - Tag Exists 'tag1': True
2026-04-16 15:16:53,631 - semo.validator - INFO - Approval for list for tag operation for tag (tag1): True
2026-04-16 15:16:53,631 - semo.backend - INFO - Approved - List files for tag direct operation (tag1) : True
2026-04-16 15:16:58,687 - semo.validator - INFO - Tag Exists 'tag2': True
2026-04-16 15:16:58,688 - semo.validator - INFO - Approval for list for tag operation for tag (tag2): True
2026-04-16 15:16:58,688 - semo.backend - INFO - Approved - List files for tag direct operation (tag2) : True
2026-04-16 15:16:58,689 - semo.validator - INFO - Tag Exists 'tag2': True
2026-04-16 15:16:58,689 - semo.validator - INFO - Approval for list for tag operation for tag (tag2): True
2026-04-16 15:16:58,689 - semo.backend - INFO - Approved - List files for tag direct operation (tag2) : True
2026-04-16 15:16:58,693 - semo.validator - INFO - Tag Exists 'tag2': True
2026-04-16 15:16:58,693 - semo.validator - INFO - Approval for list for tag operation for tag (tag2): True
2026-04-16 15:16:58,693 - semo.backend - INFO - Approved - List direct subtags operation (tag2) : True
2026-04-16 15:16:58,694 - semo.validator - INFO - Tag Exists 'tag2': True
2026-04-16 15:16:58,694 - semo.validator - INFO - Approval for list for tag operation for tag (tag2): True
2026-04-16 15:16:58,694 - semo.backend - INFO - Approved - List files for tag direct operation (tag2) : True
2026-04-16 15:16:58,697 - semo.validator - INFO - Tag Exists 'tag1': True
2026-04-16 15:16:58,697 - semo.validator - INFO - Approval for list for tag operation for tag (tag1): True
2026-04-16 15:16:58,697 - semo.backend - INFO - Approved - List files for tag direct operation (tag1) : True
2026-04-16 15:16:58,698 - semo.validator - INFO - Tag Exists 'tag1': True
2026-04-16 15:16:58,698 - semo.validator - INFO - Approval for list for tag operation for tag (tag1): True
2026-04-16 15:16:58,698 - semo.backend - INFO - Approved - List files for tag direct operation (tag1) : True
2026-04-16 15:16:58,700 - semo.validator - INFO - Tag Exists 'tag1': True
2026-04-16 15:16:58,700 - semo.validator - INFO - Approval for list for tag operation for tag (tag1): True
2026-04-16 15:16:58,700 - semo.backend - INFO - Approved - List direct subtags operation (tag1) : True
2026-04-16 15:16:58,701 - semo.validator - INFO - Tag Exists 'tag1': True
2026-04-16 15:16:58,701 - semo.validator - INFO - Approval for list for tag operation for tag (tag1): True
2026-04-16 15:16:58,701 - semo.backend - INFO - Approved - List files for tag direct operation (tag1) : True
2026-04-16 15:16:58,702 - semo.validator - INFO - Tag Exists 'tag1': True
2026-04-16 15:16:58,702 - semo.validator - INFO - Approval for list for tag operation for tag (tag1): True
2026-04-16 15:16:58,702 - semo.backend - INFO - Approved - List files for tag direct operation (tag1) : True
2026-04-16 15:16:58,703 - semo.validator - INFO - Tag Exists 'tag3': True
2026-04-16 15:16:58,703 - semo.validator - INFO - Approval for list for tag operation for tag (tag3): True
2026-04-16 15:16:58,703 - semo.backend - INFO - Approved - List files for tag direct operation (tag3) : True
2026-04-16 15:16:58,704 - semo.validator - INFO - Tag Exists 'tag3': True
2026-04-16 15:16:58,704 - semo.validator - INFO - Approval for list for tag operation for tag (tag3): True
2026-04-16 15:16:58,704 - semo.backend - INFO - Approved - List files for tag direct operation (tag3) : True
2026-04-16 15:16:58,705 - semo.validator - INFO - Tag Exists 'tag3': True
2026-04-16 15:16:58,705 - semo.validator - INFO - Approval for list for tag operation for tag (tag3): True
2026-04-16 15:16:58,705 - semo.backend - INFO - Approved - List direct subtags operation (tag3) : True
2026-04-16 15:16:58,706 - semo.validator - INFO - Tag Exists 'tag3': True
2026-04-16 15:16:58,706 - semo.validator - INFO - Approval for list for tag operation for tag (tag3): True
2026-04-16 15:16:58,706 - semo.backend - INFO - Approved - List files for tag direct operation (tag3) : True
2026-04-16 15:16:58,708 - semo.validator - INFO - Tag Exists 'tag1': True
2026-04-16 15:16:58,708 - semo.validator - INFO - Approval for list for tag operation for tag (tag1): True
2026-04-16 15:16:58,708 - semo.backend - INFO - Approved - List files for tag direct operation (tag1) : True
2026-04-16 15:16:58,709 - semo.validator - INFO - Tag Exists 'tag1': True
2026-04-16 15:16:58,709 - semo.validator - INFO - Approval for list for tag operation for tag (tag1): True
2026-04-16 15:16:58,709 - semo.backend - INFO - Approved - List files for tag direct operation (tag1) : True
2026-04-16 15:17:03,762 - semo.validator - INFO - Tag Exists 'tag2': True
2026-04-16 15:17:03,762 - semo.validator - INFO - Approval for list for tag operation for tag (tag2): True
2026-04-16 15:17:03,762 - semo.backend - INFO - Approved - List files for tag direct operation (tag2) : True
2026-04-16 15:17:03,764 - semo.validator - INFO - Tag Exists 'tag2': True
2026-04-16 15:17:03,764 - semo.validator - INFO - Approval for list for tag operation for tag (tag2): True
2026-04-16 15:17:03,764 - semo.backend - INFO - Approved - List files for tag direct operation (tag2) : True
2026-04-16 15:17:03,765 - semo.validator - INFO - Tag Exists 'tag2': True
2026-04-16 15:17:03,765 - semo.validator - INFO - Approval for list for tag operation for tag (tag2): True
2026-04-16 15:17:03,765 - semo.backend - INFO - Approved - List direct subtags operation (tag2) : True
2026-04-16 15:17:03,765 - semo.validator - INFO - Tag Exists 'tag2': True
2026-04-16 15:17:03,765 - semo.validator - INFO - Approval for list for tag operation for tag (tag2): True
2026-04-16 15:17:03,765 - semo.backend - INFO - Approved - List files for tag direct operation (tag2) : True
2026-04-16 15:17:03,767 - semo.validator - INFO - Tag Exists 'tag1': True
2026-04-16 15:17:03,767 - semo.validator - INFO - Approval for list for tag operation for tag (tag1): True
2026-04-16 15:17:03,767 - semo.backend - INFO - Approved - List files for tag direct operation (tag1) : True
2026-04-16 15:17:03,768 - semo.validator - INFO - Tag Exists 'tag1': True
2026-04-16 15:17:03,768 - semo.validator - INFO - Approval for list for tag operation for tag (tag1): True
2026-04-16 15:17:03,768 - semo.backend - INFO - Approved - List files for tag direct operation (tag1) : True
2026-04-16 15:17:03,768 - semo.validator - INFO - Tag Exists 'tag1': True
2026-04-16 15:17:03,768 - semo.validator - INFO - Approval for list for tag operation for tag (tag1): True
2026-04-16 15:17:03,768 - semo.backend - INFO - Approved - List direct subtags operation (tag1) : True
2026-04-16 15:17:03,770 - semo.validator - INFO - Tag Exists 'tag1': True
2026-04-16 15:17:03,770 - semo.validator - INFO - Approval for list for tag operation for tag (tag1): True
2026-04-16 15:17:03,770 - semo.backend - INFO - Approved - List files for tag direct operation (tag1) : True
2026-04-16 15:17:03,771 - semo.validator - INFO - Tag Exists 'tag1': True
2026-04-16 15:17:03,771 - semo.validator - INFO - Approval for list for tag operation for tag (tag1): True
2026-04-16 15:17:03,771 - semo.backend - INFO - Approved - List files for tag direct operation (tag1) : True
2026-04-16 15:17:03,772 - semo.validator - INFO - Tag Exists 'tag3': True
2026-04-16 15:17:03,772 - semo.validator - INFO - Approval for list for tag operation for tag (tag3): True
2026-04-16 15:17:03,772 - semo.backend - INFO - Approved - List files for tag direct operation (tag3) : True
2026-04-16 15:17:03,773 - semo.validator - INFO - Tag Exists 'tag3': True
2026-04-16 15:17:03,773 - semo.validator - INFO - Approval for list for tag operation for tag (tag3): True
2026-04-16 15:17:03,773 - semo.backend - INFO - Approved - List files for tag direct operation (tag3) : True
2026-04-16 15:17:03,774 - semo.validator - INFO - Tag Exists 'tag3': True
2026-04-16 15:17:03,774 - semo.validator - INFO - Approval for list for tag operation for tag (tag3): True
2026-04-16 15:17:03,774 - semo.backend - INFO - Approved - List direct subtags operation (tag3) : True
2026-04-16 15:17:03,774 - semo.validator - INFO - Tag Exists 'tag3': True
2026-04-16 15:17:03,774 - semo.validator - INFO - Approval for list for tag operation for tag (tag3): True
2026-04-16 15:17:03,774 - semo.backend - INFO - Approved - List files for tag direct operation (tag3) : True
2026-04-16 15:17:03,775 - semo.validator - INFO - Tag Exists 'tag1': True
2026-04-16 15:17:03,775 - semo.validator - INFO - Approval for list for tag operation for tag (tag1): True
2026-04-16 15:17:03,775 - semo.backend - INFO - Approved - List files for tag direct operation (tag1) : True
2026-04-16 15:17:03,776 - semo.validator - INFO - Tag Exists 'tag1': True
2026-04-16 15:17:03,776 - semo.validator - INFO - Approval for list for tag operation for tag (tag1): True
2026-04-16 15:17:03,776 - semo.backend - INFO - Approved - List files for tag direct operation (tag1) : True
2026-04-16 15:18:26,006 - semo.validator - INFO - Tag Exists 'tag1': True
2026-04-16 15:18:26,006 - semo.validator - INFO - Approval for list for tag operation for tag (tag1): True
2026-04-16 15:18:26,006 - semo.backend - INFO - Approved - List direct subtags operation (tag1) : True
2026-04-16 15:18:26,009 - semo.validator - INFO - Tag Exists 'tag1': True
2026-04-16 15:18:26,009 - semo.validator - INFO - Approval for list for tag operation for tag (tag1): True
2026-04-16 15:18:26,009 - semo.backend - INFO - Approved - List files for tag direct operation (tag1) : True
2026-04-16 15:18:27,132 - semo.validator - INFO - Tag Exists 'tag2': True
2026-04-16 15:18:27,132 - semo.validator - INFO - Approval for list for tag operation for tag (tag2): True
2026-04-16 15:18:27,132 - semo.backend - INFO - Approved - List files for tag direct operation (tag2) : True
2026-04-16 15:18:27,133 - semo.validator - INFO - Tag Exists 'tag2': True
2026-04-16 15:18:27,133 - semo.validator - INFO - Approval for list for tag operation for tag (tag2): True
2026-04-16 15:18:27,133 - semo.backend - INFO - Approved - List files for tag direct operation (tag2) : True
2026-04-16 15:18:27,134 - semo.validator - INFO - Tag Exists 'tag2': True
2026-04-16 15:18:27,134 - semo.validator - INFO - Approval for list for tag operation for tag (tag2): True
2026-04-16 15:18:27,134 - semo.backend - INFO - Approved - List direct subtags operation (tag2) : True
2026-04-16 15:18:27,135 - semo.validator - INFO - Tag Exists 'tag2': True
2026-04-16 15:18:27,135 - semo.validator - INFO - Approval for list for tag operation for tag (tag2): True
2026-04-16 15:18:27,135 - semo.backend - INFO - Approved - List files for tag direct operation (tag2) : True
2026-04-16 15:18:27,137 - semo.validator - INFO - Tag Exists 'tag1': True
2026-04-16 15:18:27,137 - semo.validator - INFO - Approval for list for tag operation for tag (tag1): True
2026-04-16 15:18:27,137 - semo.backend - INFO - Approved - List files for tag direct operation (tag1) : True
2026-04-16 15:18:27,138 - semo.validator - INFO - Tag Exists 'tag1': True
2026-04-16 15:18:27,138 - semo.validator - INFO - Approval for list for tag operation for tag (tag1): True
2026-04-16 15:18:27,138 - semo.backend - INFO - Approved - List files for tag direct operation (tag1) : True
2026-04-16 15:18:27,138 - semo.validator - INFO - Tag Exists 'tag1': True
2026-04-16 15:18:27,138 - semo.validator - INFO - Approval for list for tag operation for tag (tag1): True
2026-04-16 15:18:27,138 - semo.backend - INFO - Approved - List direct subtags operation (tag1) : True
2026-04-16 15:18:27,139 - semo.validator - INFO - Tag Exists 'tag1': True
2026-04-16 15:18:27,139 - semo.validator - INFO - Approval for list for tag operation for tag (tag1): True
2026-04-16 15:18:27,139 - semo.backend - INFO - Approved - List files for tag direct operation (tag1) : True
2026-04-16 15:18:27,140 - semo.validator - INFO - Tag Exists 'tag1': True
2026-04-16 15:18:27,140 - semo.validator - INFO - Approval for list for tag operation for tag (tag1): True
2026-04-16 15:18:27,140 - semo.backend - INFO - Approved - List files for tag direct operation (tag1) : True
2026-04-16 15:18:27,141 - semo.validator - INFO - Tag Exists 'tag3': True
2026-04-16 15:18:27,141 - semo.validator - INFO - Approval for list for tag operation for tag (tag3): True
2026-04-16 15:18:27,141 - semo.backend - INFO - Approved - List files for tag direct operation (tag3) : True
2026-04-16 15:18:27,144 - semo.validator - INFO - Tag Exists 'tag3': True
2026-04-16 15:18:27,144 - semo.validator - INFO - Approval for list for tag operation for tag (tag3): True
2026-04-16 15:18:27,144 - semo.backend - INFO - Approved - List files for tag direct operation (tag3) : True
2026-04-16 15:18:27,144 - semo.validator - INFO - Tag Exists 'tag3': True
2026-04-16 15:18:27,144 - semo.validator - INFO - Approval for list for tag operation for tag (tag3): True
2026-04-16 15:18:27,144 - semo.backend - INFO - Approved - List direct subtags operation (tag3) : True
2026-04-16 15:18:27,145 - semo.validator - INFO - Tag Exists 'tag3': True
2026-04-16 15:18:27,145 - semo.validator - INFO - Approval for list for tag operation for tag (tag3): True
2026-04-16 15:18:27,145 - semo.backend - INFO - Approved - List files for tag direct operation (tag3) : True
2026-04-16 15:18:43,534 - semo.validator - INFO - Tag Exists 'tag1': True
2026-04-16 15:18:43,534 - semo.validator - INFO - Approval for list for tag operation for tag (tag1): True
2026-04-16 15:18:43,534 - semo.backend - INFO - Approved - List direct subtags operation (tag1) : True
2026-04-16 15:18:43,537 - semo.validator - INFO - Tag Exists 'tag1': True
2026-04-16 15:18:43,537 - semo.validator - INFO - Approval for list for tag operation for tag (tag1): True
2026-04-16 15:18:43,537 - semo.backend - INFO - Approved - List files for tag direct operation (tag1) : True
2026-04-16 15:18:43,539 - semo.validator - INFO - Tag Exists 'tag1': True
2026-04-16 15:18:43,539 - semo.validator - INFO - Approval for list for tag operation for tag (tag1): True
2026-04-16 15:18:43,539 - semo.backend - INFO - Approved - List files for tag direct operation (tag1) : True
2026-04-16 15:18:43,541 - semo.validator - INFO - Tag Exists 'tag1': True
2026-04-16 15:18:43,542 - semo.validator - INFO - Approval for list for tag operation for tag (tag1): True
2026-04-16 15:18:43,543 - semo.backend - INFO - Approved - List files for tag direct operation (tag1) : True
2026-04-16 15:18:43,978 - semo.validator - INFO - Tag Exists 'tag2': True
2026-04-16 15:18:43,978 - semo.validator - INFO - Approval for list for tag operation for tag (tag2): True
2026-04-16 15:18:43,978 - semo.backend - INFO - Approved - List files for tag direct operation (tag2) : True
2026-04-16 15:18:43,979 - semo.validator - INFO - Tag Exists 'tag2': True
2026-04-16 15:18:43,979 - semo.validator - INFO - Approval for list for tag operation for tag (tag2): True
2026-04-16 15:18:43,979 - semo.backend - INFO - Approved - List files for tag direct operation (tag2) : True
2026-04-16 15:18:43,979 - semo.validator - INFO - Tag Exists 'tag2': True
2026-04-16 15:18:43,979 - semo.validator - INFO - Approval for list for tag operation for tag (tag2): True
2026-04-16 15:18:43,979 - semo.backend - INFO - Approved - List direct subtags operation (tag2) : True
2026-04-16 15:18:43,980 - semo.validator - INFO - Tag Exists 'tag2': True
2026-04-16 15:18:43,980 - semo.validator - INFO - Approval for list for tag operation for tag (tag2): True
2026-04-16 15:18:43,980 - semo.backend - INFO - Approved - List files for tag direct operation (tag2) : True
2026-04-16 15:18:43,981 - semo.validator - INFO - Tag Exists 'tag1': True
2026-04-16 15:18:43,981 - semo.validator - INFO - Approval for list for tag operation for tag (tag1): True
2026-04-16 15:18:43,981 - semo.backend - INFO - Approved - List files for tag direct operation (tag1) : True
2026-04-16 15:18:43,982 - semo.validator - INFO - Tag Exists 'tag1': True
2026-04-16 15:18:43,982 - semo.validator - INFO - Approval for list for tag operation for tag (tag1): True
2026-04-16 15:18:43,982 - semo.backend - INFO - Approved - List files for tag direct operation (tag1) : True
2026-04-16 15:18:43,983 - semo.validator - INFO - Tag Exists 'tag1': True
2026-04-16 15:18:43,983 - semo.validator - INFO - Approval for list for tag operation for tag (tag1): True
2026-04-16 15:18:43,983 - semo.backend - INFO - Approved - List direct subtags operation (tag1) : True
2026-04-16 15:18:43,984 - semo.validator - INFO - Tag Exists 'tag1': True
2026-04-16 15:18:43,984 - semo.validator - INFO - Approval for list for tag operation for tag (tag1): True
2026-04-16 15:18:43,984 - semo.backend - INFO - Approved - List files for tag direct operation (tag1) : True
2026-04-16 15:18:43,986 - semo.validator - INFO - Tag Exists 'tag1': True
2026-04-16 15:18:43,986 - semo.validator - INFO - Approval for list for tag operation for tag (tag1): True
2026-04-16 15:18:43,986 - semo.backend - INFO - Approved - List files for tag direct operation (tag1) : True
2026-04-16 15:18:43,987 - semo.validator - INFO - Tag Exists 'tag3': True
2026-04-16 15:18:43,987 - semo.validator - INFO - Approval for list for tag operation for tag (tag3): True
2026-04-16 15:18:43,987 - semo.backend - INFO - Approved - List files for tag direct operation (tag3) : True
2026-04-16 15:18:43,988 - semo.validator - INFO - Tag Exists 'tag3': True
2026-04-16 15:18:43,988 - semo.validator - INFO - Approval for list for tag operation for tag (tag3): True
2026-04-16 15:18:43,988 - semo.backend - INFO - Approved - List files for tag direct operation (tag3) : True
2026-04-16 15:18:43,989 - semo.validator - INFO - Tag Exists 'tag3': True
2026-04-16 15:18:43,989 - semo.validator - INFO - Approval for list for tag operation for tag (tag3): True
2026-04-16 15:18:43,989 - semo.backend - INFO - Approved - List direct subtags operation (tag3) : True
2026-04-16 15:18:43,990 - semo.validator - INFO - Tag Exists 'tag3': True
2026-04-16 15:18:43,990 - semo.validator - INFO - Approval for list for tag operation for tag (tag3): True
2026-04-16 15:18:43,990 - semo.backend - INFO - Approved - List files for tag direct operation (tag3) : True
2026-04-16 15:18:43,991 - semo.validator - INFO - Tag Exists 'tag1': True
2026-04-16 15:18:43,991 - semo.validator - INFO - Approval for list for tag operation for tag (tag1): True
2026-04-16 15:18:43,991 - semo.backend - INFO - Approved - List files for tag direct operation (tag1) : True
2026-04-16 15:18:43,992 - semo.validator - INFO - Tag Exists 'tag1': True
2026-04-16 15:18:43,992 - semo.validator - INFO - Approval for list for tag operation for tag (tag1): True
2026-04-16 15:18:43,992 - semo.backend - INFO - Approved - List files for tag direct operation (tag1) : True
2026-04-16 15:18:49,050 - semo.validator - INFO - Tag Exists 'tag2': True
2026-04-16 15:18:49,050 - semo.validator - INFO - Approval for list for tag operation for tag (tag2): True
2026-04-16 15:18:49,050 - semo.backend - INFO - Approved - List files for tag direct operation (tag2) : True
2026-04-16 15:18:49,051 - semo.validator - INFO - Tag Exists 'tag2': True
2026-04-16 15:18:49,051 - semo.validator - INFO - Approval for list for tag operation for tag (tag2): True
2026-04-16 15:18:49,051 - semo.backend - INFO - Approved - List files for tag direct operation (tag2) : True
2026-04-16 15:18:49,053 - semo.validator - INFO - Tag Exists 'tag2': True
2026-04-16 15:18:49,053 - semo.validator - INFO - Approval for list for tag operation for tag (tag2): True
2026-04-16 15:18:49,053 - semo.backend - INFO - Approved - List direct subtags operation (tag2) : True
2026-04-16 15:18:49,054 - semo.validator - INFO - Tag Exists 'tag2': True
2026-04-16 15:18:49,054 - semo.validator - INFO - Approval for list for tag operation for tag (tag2): True
2026-04-16 15:18:49,054 - semo.backend - INFO - Approved - List files for tag direct operation (tag2) : True
2026-04-16 15:18:49,056 - semo.validator - INFO - Tag Exists 'tag1': True
2026-04-16 15:18:49,056 - semo.validator - INFO - Approval for list for tag operation for tag (tag1): True
2026-04-16 15:18:49,056 - semo.backend - INFO - Approved - List files for tag direct operation (tag1) : True
2026-04-16 15:18:49,057 - semo.validator - INFO - Tag Exists 'tag1': True
2026-04-16 15:18:49,057 - semo.validator - INFO - Approval for list for tag operation for tag (tag1): True
2026-04-16 15:18:49,057 - semo.backend - INFO - Approved - List files for tag direct operation (tag1) : True
2026-04-16 15:18:49,058 - semo.validator - INFO - Tag Exists 'tag1': True
2026-04-16 15:18:49,058 - semo.validator - INFO - Approval for list for tag operation for tag (tag1): True
2026-04-16 15:18:49,058 - semo.backend - INFO - Approved - List direct subtags operation (tag1) : True
2026-04-16 15:18:49,059 - semo.validator - INFO - Tag Exists 'tag1': True
2026-04-16 15:18:49,059 - semo.validator - INFO - Approval for list for tag operation for tag (tag1): True
2026-04-16 15:18:49,059 - semo.backend - INFO - Approved - List files for tag direct operation (tag1) : True
2026-04-16 15:18:49,061 - semo.validator - INFO - Tag Exists 'tag1': True
2026-04-16 15:18:49,061 - semo.validator - INFO - Approval for list for tag operation for tag (tag1): True
2026-04-16 15:18:49,061 - semo.backend - INFO - Approved - List files for tag direct operation (tag1) : True
2026-04-16 15:18:49,062 - semo.validator - INFO - Tag Exists 'tag3': True
2026-04-16 15:18:49,062 - semo.validator - INFO - Approval for list for tag operation for tag (tag3): True
2026-04-16 15:18:49,062 - semo.backend - INFO - Approved - List files for tag direct operation (tag3) : True
2026-04-16 15:18:49,063 - semo.validator - INFO - Tag Exists 'tag3': True
2026-04-16 15:18:49,063 - semo.validator - INFO - Approval for list for tag operation for tag (tag3): True
2026-04-16 15:18:49,063 - semo.backend - INFO - Approved - List files for tag direct operation (tag3) : True
2026-04-16 15:18:49,064 - semo.validator - INFO - Tag Exists 'tag3': True
2026-04-16 15:18:49,064 - semo.validator - INFO - Approval for list for tag operation for tag (tag3): True
2026-04-16 15:18:49,064 - semo.backend - INFO - Approved - List direct subtags operation (tag3) : True
2026-04-16 15:18:49,064 - semo.validator - INFO - Tag Exists 'tag3': True
2026-04-16 15:18:49,064 - semo.validator - INFO - Approval for list for tag operation for tag (tag3): True
2026-04-16 15:18:49,065 - semo.backend - INFO - Approved - List files for tag direct operation (tag3) : True
2026-04-16 15:18:49,067 - semo.validator - INFO - Tag Exists 'tag1': True
2026-04-16 15:18:49,067 - semo.validator - INFO - Approval for list for tag operation for tag (tag1): True
2026-04-16 15:18:49,067 - semo.backend - INFO - Approved - List files for tag direct operation (tag1) : True
2026-04-16 15:18:49,068 - semo.validator - INFO - Tag Exists 'tag1': True
2026-04-16 15:18:49,068 - semo.validator - INFO - Approval for list for tag operation for tag (tag1): True
2026-04-16 15:18:49,068 - semo.backend - INFO - Approved - List files for tag direct operation (tag1) : True
2026-04-16 15:18:54,119 - semo.validator - INFO - Tag Exists 'tag2': True
2026-04-16 15:18:54,119 - semo.validator - INFO - Approval for list for tag operation for tag (tag2): True
2026-04-16 15:18:54,119 - semo.backend - INFO - Approved - List files for tag direct operation (tag2) : True
2026-04-16 15:18:54,120 - semo.validator - INFO - Tag Exists 'tag2': True
2026-04-16 15:18:54,120 - semo.validator - INFO - Approval for list for tag operation for tag (tag2): True
2026-04-16 15:18:54,120 - semo.backend - INFO - Approved - List files for tag direct operation (tag2) : True
2026-04-16 15:18:54,121 - semo.validator - INFO - Tag Exists 'tag2': True
2026-04-16 15:18:54,121 - semo.validator - INFO - Approval for list for tag operation for tag (tag2): True
2026-04-16 15:18:54,121 - semo.backend - INFO - Approved - List direct subtags operation (tag2) : True
2026-04-16 15:18:54,122 - semo.validator - INFO - Tag Exists 'tag2': True
2026-04-16 15:18:54,122 - semo.validator - INFO - Approval for list for tag operation for tag (tag2): True
2026-04-16 15:18:54,122 - semo.backend - INFO - Approved - List files for tag direct operation (tag2) : True
2026-04-16 15:18:54,124 - semo.validator - INFO - Tag Exists 'tag1': True
2026-04-16 15:18:54,124 - semo.validator - INFO - Approval for list for tag operation for tag (tag1): True
2026-04-16 15:18:54,124 - semo.backend - INFO - Approved - List files for tag direct operation (tag1) : True
2026-04-16 15:18:54,125 - semo.validator - INFO - Tag Exists 'tag1': True
2026-04-16 15:18:54,125 - semo.validator - INFO - Approval for list for tag operation for tag (tag1): True
2026-04-16 15:18:54,125 - semo.backend - INFO - Approved - List files for tag direct operation (tag1) : True
2026-04-16 15:18:54,126 - semo.validator - INFO - Tag Exists 'tag1': True
2026-04-16 15:18:54,126 - semo.validator - INFO - Approval for list for tag operation for tag (tag1): True
2026-04-16 15:18:54,126 - semo.backend - INFO - Approved - List direct subtags operation (tag1) : True
2026-04-16 15:18:54,128 - semo.validator - INFO - Tag Exists 'tag1': True
2026-04-16 15:18:54,128 - semo.validator - INFO - Approval for list for tag operation for tag (tag1): True
2026-04-16 15:18:54,128 - semo.backend - INFO - Approved - List files for tag direct operation (tag1) : True
2026-04-16 15:18:54,129 - semo.validator - INFO - Tag Exists 'tag1': True
2026-04-16 15:18:54,129 - semo.validator - INFO - Approval for list for tag operation for tag (tag1): True
2026-04-16 15:18:54,129 - semo.backend - INFO - Approved - List files for tag direct operation (tag1) : True
2026-04-16 15:18:54,130 - semo.validator - INFO - Tag Exists 'tag3': True
2026-04-16 15:18:54,130 - semo.validator - INFO - Approval for list for tag operation for tag (tag3): True
2026-04-16 15:18:54,130 - semo.backend - INFO - Approved - List files for tag direct operation (tag3) : True
2026-04-16 15:18:54,131 - semo.validator - INFO - Tag Exists 'tag3': True
2026-04-16 15:18:54,131 - semo.validator - INFO - Approval for list for tag operation for tag (tag3): True
2026-04-16 15:18:54,131 - semo.backend - INFO - Approved - List files for tag direct operation (tag3) : True
2026-04-16 15:18:54,132 - semo.validator - INFO - Tag Exists 'tag3': True
2026-04-16 15:18:54,132 - semo.validator - INFO - Approval for list for tag operation for tag (tag3): True
2026-04-16 15:18:54,132 - semo.backend - INFO - Approved - List direct subtags operation (tag3) : True
2026-04-16 15:18:54,133 - semo.validator - INFO - Tag Exists 'tag3': True
2026-04-16 15:18:54,133 - semo.validator - INFO - Approval for list for tag operation for tag (tag3): True
2026-04-16 15:18:54,133 - semo.backend - INFO - Approved - List files for tag direct operation (tag3) : True
2026-04-16 15:18:54,134 - semo.validator - INFO - Tag Exists 'tag1': True
2026-04-16 15:18:54,134 - semo.validator - INFO - Approval for list for tag operation for tag (tag1): True
2026-04-16 15:18:54,134 - semo.backend - INFO - Approved - List files for tag direct operation (tag1) : True
2026-04-16 15:18:54,135 - semo.validator - INFO - Tag Exists 'tag1': True
2026-04-16 15:18:54,135 - semo.validator - INFO - Approval for list for tag operation for tag (tag1): True
2026-04-16 15:18:54,135 - semo.backend - INFO - Approved - List files for tag direct operation (tag1) : True
2026-04-16 15:18:59,188 - semo.validator - INFO - Tag Exists 'tag2': True
2026-04-16 15:18:59,188 - semo.validator - INFO - Approval for list for tag operation for tag (tag2): True
2026-04-16 15:18:59,188 - semo.backend - INFO - Approved - List files for tag direct operation (tag2) : True
2026-04-16 15:18:59,191 - semo.validator - INFO - Tag Exists 'tag2': True
2026-04-16 15:18:59,191 - semo.validator - INFO - Approval for list for tag operation for tag (tag2): True
2026-04-16 15:18:59,191 - semo.backend - INFO - Approved - List files for tag direct operation (tag2) : True
2026-04-16 15:18:59,193 - semo.validator - INFO - Tag Exists 'tag2': True
2026-04-16 15:18:59,193 - semo.validator - INFO - Approval for list for tag operation for tag (tag2): True
2026-04-16 15:18:59,193 - semo.backend - INFO - Approved - List direct subtags operation (tag2) : True
2026-04-16 15:18:59,194 - semo.validator - INFO - Tag Exists 'tag2': True
2026-04-16 15:18:59,194 - semo.validator - INFO - Approval for list for tag operation for tag (tag2): True
2026-04-16 15:18:59,194 - semo.backend - INFO - Approved - List files for tag direct operation (tag2) : True
2026-04-16 15:18:59,196 - semo.validator - INFO - Tag Exists 'tag1': True
2026-04-16 15:18:59,196 - semo.validator - INFO - Approval for list for tag operation for tag (tag1): True
2026-04-16 15:18:59,196 - semo.backend - INFO - Approved - List files for tag direct operation (tag1) : True
2026-04-16 15:18:59,197 - semo.validator - INFO - Tag Exists 'tag1': True
2026-04-16 15:18:59,197 - semo.validator - INFO - Approval for list for tag operation for tag (tag1): True
2026-04-16 15:18:59,197 - semo.backend - INFO - Approved - List files for tag direct operation (tag1) : True
2026-04-16 15:18:59,198 - semo.validator - INFO - Tag Exists 'tag1': True
2026-04-16 15:18:59,198 - semo.validator - INFO - Approval for list for tag operation for tag (tag1): True
2026-04-16 15:18:59,198 - semo.backend - INFO - Approved - List direct subtags operation (tag1) : True
2026-04-16 15:18:59,198 - semo.validator - INFO - Tag Exists 'tag1': True
2026-04-16 15:18:59,198 - semo.validator - INFO - Approval for list for tag operation for tag (tag1): True
2026-04-16 15:18:59,198 - semo.backend - INFO - Approved - List files for tag direct operation (tag1) : True
2026-04-16 15:18:59,200 - semo.validator - INFO - Tag Exists 'tag1': True
2026-04-16 15:18:59,200 - semo.validator - INFO - Approval for list for tag operation for tag (tag1): True
2026-04-16 15:18:59,200 - semo.backend - INFO - Approved - List files for tag direct operation (tag1) : True
2026-04-16 15:18:59,201 - semo.validator - INFO - Tag Exists 'tag3': True
2026-04-16 15:18:59,201 - semo.validator - INFO - Approval for list for tag operation for tag (tag3): True
2026-04-16 15:18:59,201 - semo.backend - INFO - Approved - List files for tag direct operation (tag3) : True
2026-04-16 15:18:59,202 - semo.validator - INFO - Tag Exists 'tag3': True
2026-04-16 15:18:59,202 - semo.validator - INFO - Approval for list for tag operation for tag (tag3): True
2026-04-16 15:18:59,202 - semo.backend - INFO - Approved - List files for tag direct operation (tag3) : True
2026-04-16 15:18:59,203 - semo.validator - INFO - Tag Exists 'tag3': True
2026-04-16 15:18:59,203 - semo.validator - INFO - Approval for list for tag operation for tag (tag3): True
2026-04-16 15:18:59,203 - semo.backend - INFO - Approved - List direct subtags operation (tag3) : True
2026-04-16 15:18:59,205 - semo.validator - INFO - Tag Exists 'tag3': True
2026-04-16 15:18:59,205 - semo.validator - INFO - Approval for list for tag operation for tag (tag3): True
2026-04-16 15:18:59,205 - semo.backend - INFO - Approved - List files for tag direct operation (tag3) : True
2026-04-16 15:18:59,206 - semo.validator - INFO - Tag Exists 'tag1': True
2026-04-16 15:18:59,206 - semo.validator - INFO - Approval for list for tag operation for tag (tag1): True
2026-04-16 15:18:59,206 - semo.backend - INFO - Approved - List files for tag direct operation (tag1) : True
2026-04-16 15:18:59,207 - semo.validator - INFO - Tag Exists 'tag1': True
2026-04-16 15:18:59,207 - semo.validator - INFO - Approval for list for tag operation for tag (tag1): True
2026-04-16 15:18:59,207 - semo.backend - INFO - Approved - List files for tag direct operation (tag1) : True
2026-04-16 15:19:04,262 - semo.validator - INFO - Tag Exists 'tag2': True
2026-04-16 15:19:04,262 - semo.validator - INFO - Approval for list for tag operation for tag (tag2): True
2026-04-16 15:19:04,262 - semo.backend - INFO - Approved - List files for tag direct operation (tag2) : True
2026-04-16 15:19:04,264 - semo.validator - INFO - Tag Exists 'tag2': True
2026-04-16 15:19:04,264 - semo.validator - INFO - Approval for list for tag operation for tag (tag2): True
2026-04-16 15:19:04,264 - semo.backend - INFO - Approved - List files for tag direct operation (tag2) : True
2026-04-16 15:19:04,266 - semo.validator - INFO - Tag Exists 'tag2': True
2026-04-16 15:19:04,266 - semo.validator - INFO - Approval for list for tag operation for tag (tag2): True
2026-04-16 15:19:04,266 - semo.backend - INFO - Approved - List direct subtags operation (tag2) : True
2026-04-16 15:19:04,267 - semo.validator - INFO - Tag Exists 'tag2': True
2026-04-16 15:19:04,267 - semo.validator - INFO - Approval for list for tag operation for tag (tag2): True
2026-04-16 15:19:04,267 - semo.backend - INFO - Approved - List files for tag direct operation (tag2) : True
2026-04-16 15:19:04,268 - semo.validator - INFO - Tag Exists 'tag1': True
2026-04-16 15:19:04,268 - semo.validator - INFO - Approval for list for tag operation for tag (tag1): True
2026-04-16 15:19:04,268 - semo.backend - INFO - Approved - List files for tag direct operation (tag1) : True
2026-04-16 15:19:04,269 - semo.validator - INFO - Tag Exists 'tag1': True
2026-04-16 15:19:04,269 - semo.validator - INFO - Approval for list for tag operation for tag (tag1): True
2026-04-16 15:19:04,269 - semo.backend - INFO - Approved - List files for tag direct operation (tag1) : True
2026-04-16 15:19:04,271 - semo.validator - INFO - Tag Exists 'tag1': True
2026-04-16 15:19:04,271 - semo.validator - INFO - Approval for list for tag operation for tag (tag1): True
2026-04-16 15:19:04,271 - semo.backend - INFO - Approved - List direct subtags operation (tag1) : True
2026-04-16 15:19:04,271 - semo.validator - INFO - Tag Exists 'tag1': True
2026-04-16 15:19:04,271 - semo.validator - INFO - Approval for list for tag operation for tag (tag1): True
2026-04-16 15:19:04,271 - semo.backend - INFO - Approved - List files for tag direct operation (tag1) : True
2026-04-16 15:19:04,273 - semo.validator - INFO - Tag Exists 'tag1': True
2026-04-16 15:19:04,273 - semo.validator - INFO - Approval for list for tag operation for tag (tag1): True
2026-04-16 15:19:04,273 - semo.backend - INFO - Approved - List files for tag direct operation (tag1) : True
2026-04-16 15:19:04,274 - semo.validator - INFO - Tag Exists 'tag3': True
2026-04-16 15:19:04,274 - semo.validator - INFO - Approval for list for tag operation for tag (tag3): True
2026-04-16 15:19:04,274 - semo.backend - INFO - Approved - List files for tag direct operation (tag3) : True
2026-04-16 15:19:04,275 - semo.validator - INFO - Tag Exists 'tag3': True
2026-04-16 15:19:04,275 - semo.validator - INFO - Approval for list for tag operation for tag (tag3): True
2026-04-16 15:19:04,275 - semo.backend - INFO - Approved - List files for tag direct operation (tag3) : True
2026-04-16 15:19:04,276 - semo.validator - INFO - Tag Exists 'tag3': True
2026-04-16 15:19:04,276 - semo.validator - INFO - Approval for list for tag operation for tag (tag3): True
2026-04-16 15:19:04,276 - semo.backend - INFO - Approved - List direct subtags operation (tag3) : True
2026-04-16 15:19:04,276 - semo.validator - INFO - Tag Exists 'tag3': True
2026-04-16 15:19:04,276 - semo.validator - INFO - Approval for list for tag operation for tag (tag3): True
2026-04-16 15:19:04,276 - semo.backend - INFO - Approved - List files for tag direct operation (tag3) : True
2026-04-16 15:19:04,277 - semo.validator - INFO - Tag Exists 'tag1': True
2026-04-16 15:19:04,277 - semo.validator - INFO - Approval for list for tag operation for tag (tag1): True
2026-04-16 15:19:04,277 - semo.backend - INFO - Approved - List files for tag direct operation (tag1) : True
2026-04-16 15:19:04,278 - semo.validator - INFO - Tag Exists 'tag1': True
2026-04-16 15:19:04,278 - semo.validator - INFO - Approval for list for tag operation for tag (tag1): True
2026-04-16 15:19:04,278 - semo.backend - INFO - Approved - List files for tag direct operation (tag1) : True
2026-04-16 15:19:09,340 - semo.validator - INFO - Tag Exists 'tag2': True
2026-04-16 15:19:09,340 - semo.validator - INFO - Approval for list for tag operation for tag (tag2): True
2026-04-16 15:19:09,340 - semo.backend - INFO - Approved - List files for tag direct operation (tag2) : True
2026-04-16 15:19:09,341 - semo.validator - INFO - Tag Exists 'tag2': True
2026-04-16 15:19:09,341 - semo.validator - INFO - Approval for list for tag operation for tag (tag2): True
2026-04-16 15:19:09,341 - semo.backend - INFO - Approved - List files for tag direct operation (tag2) : True
2026-04-16 15:19:09,341 - semo.validator - INFO - Tag Exists 'tag2': True
2026-04-16 15:19:09,341 - semo.validator - INFO - Approval for list for tag operation for tag (tag2): True
2026-04-16 15:19:09,341 - semo.backend - INFO - Approved - List direct subtags operation (tag2) : True
2026-04-16 15:19:09,342 - semo.validator - INFO - Tag Exists 'tag2': True
2026-04-16 15:19:09,342 - semo.validator - INFO - Approval for list for tag operation for tag (tag2): True
2026-04-16 15:19:09,342 - semo.backend - INFO - Approved - List files for tag direct operation (tag2) : True
2026-04-16 15:19:09,343 - semo.validator - INFO - Tag Exists 'tag1': True
2026-04-16 15:19:09,343 - semo.validator - INFO - Approval for list for tag operation for tag (tag1): True
2026-04-16 15:19:09,343 - semo.backend - INFO - Approved - List files for tag direct operation (tag1) : True
2026-04-16 15:19:09,344 - semo.validator - INFO - Tag Exists 'tag1': True
2026-04-16 15:19:09,344 - semo.validator - INFO - Approval for list for tag operation for tag (tag1): True
2026-04-16 15:19:09,344 - semo.backend - INFO - Approved - List files for tag direct operation (tag1) : True
2026-04-16 15:19:09,345 - semo.validator - INFO - Tag Exists 'tag1': True
2026-04-16 15:19:09,345 - semo.validator - INFO - Approval for list for tag operation for tag (tag1): True
2026-04-16 15:19:09,345 - semo.backend - INFO - Approved - List direct subtags operation (tag1) : True
2026-04-16 15:19:09,346 - semo.validator - INFO - Tag Exists 'tag1': True
2026-04-16 15:19:09,346 - semo.validator - INFO - Approval for list for tag operation for tag (tag1): True
2026-04-16 15:19:09,346 - semo.backend - INFO - Approved - List files for tag direct operation (tag1) : True
2026-04-16 15:19:09,347 - semo.validator - INFO - Tag Exists 'tag1': True
2026-04-16 15:19:09,347 - semo.validator - INFO - Approval for list for tag operation for tag (tag1): True
2026-04-16 15:19:09,347 - semo.backend - INFO - Approved - List files for tag direct operation (tag1) : True
2026-04-16 15:19:09,348 - semo.validator - INFO - Tag Exists 'tag3': True
2026-04-16 15:19:09,348 - semo.validator - INFO - Approval for list for tag operation for tag (tag3): True
2026-04-16 15:19:09,348 - semo.backend - INFO - Approved - List files for tag direct operation (tag3) : True
2026-04-16 15:19:09,350 - semo.validator - INFO - Tag Exists 'tag3': True
2026-04-16 15:19:09,350 - semo.validator - INFO - Approval for list for tag operation for tag (tag3): True
2026-04-16 15:19:09,350 - semo.backend - INFO - Approved - List files for tag direct operation (tag3) : True
2026-04-16 15:19:09,351 - semo.validator - INFO - Tag Exists 'tag3': True
2026-04-16 15:19:09,351 - semo.validator - INFO - Approval for list for tag operation for tag (tag3): True
2026-04-16 15:19:09,351 - semo.backend - INFO - Approved - List direct subtags operation (tag3) : True
2026-04-16 15:19:09,351 - semo.validator - INFO - Tag Exists 'tag3': True
2026-04-16 15:19:09,351 - semo.validator - INFO - Approval for list for tag operation for tag (tag3): True
2026-04-16 15:19:09,351 - semo.backend - INFO - Approved - List files for tag direct operation (tag3) : True
2026-04-16 15:19:09,352 - semo.validator - INFO - Tag Exists 'tag1': True
2026-04-16 15:19:09,352 - semo.validator - INFO - Approval for list for tag operation for tag (tag1): True
2026-04-16 15:19:09,352 - semo.backend - INFO - Approved - List files for tag direct operation (tag1) : True
2026-04-16 15:19:09,353 - semo.validator - INFO - Tag Exists 'tag1': True
2026-04-16 15:19:09,353 - semo.validator - INFO - Approval for list for tag operation for tag (tag1): True
2026-04-16 15:19:09,353 - semo.backend - INFO - Approved - List files for tag direct operation (tag1) : True
2026-04-16 15:22:32,948 - semo.validator - INFO - Tag Exists 'tag1': True
2026-04-16 15:22:32,948 - semo.validator - INFO - Approval for list for tag operation for tag (tag1): True
2026-04-16 15:22:32,949 - semo.backend - INFO - Approved - List direct subtags operation (tag1) : True
2026-04-16 15:22:32,951 - semo.validator - INFO - Tag Exists 'tag1': True
2026-04-16 15:22:32,951 - semo.validator - INFO - Approval for list for tag operation for tag (tag1): True
2026-04-16 15:22:32,951 - semo.backend - INFO - Approved - List files for tag direct operation (tag1) : True
2026-04-16 15:22:32,954 - semo.validator - INFO - Tag Exists 'tag1': True
2026-04-16 15:22:32,954 - semo.validator - INFO - Approval for list for tag operation for tag (tag1): True
2026-04-16 15:22:32,954 - semo.backend - INFO - Approved - List files for tag direct operation (tag1) : True
2026-04-16 15:22:32,957 - semo.validator - INFO - Tag Exists 'tag1': True
2026-04-16 15:22:32,957 - semo.validator - INFO - Approval for list for tag operation for tag (tag1): True
2026-04-16 15:22:32,957 - semo.backend - INFO - Approved - List files for tag direct operation (tag1) : True
2026-04-16 15:22:32,959 - semo.validator - INFO - Tag Exists 'tag1': True
2026-04-16 15:22:32,959 - semo.validator - INFO - Approval for list for tag operation for tag (tag1): True
2026-04-16 15:22:32,959 - semo.backend - INFO - Approved - List files for tag direct operation (tag1) : True
2026-04-16 15:22:32,959 - semo.validator - INFO - Tag Exists 'tag1': True
2026-04-16 15:22:32,959 - semo.validator - INFO - Approval for list for tag operation for tag (tag1): True
2026-04-16 15:22:32,960 - semo.backend - INFO - Approved - List files for tag direct operation (tag1) : True
2026-04-16 15:22:32,960 - semo.validator - INFO - Tag Exists 'tag1': True
2026-04-16 15:22:32,960 - semo.validator - INFO - Approval for list for tag operation for tag (tag1): True
2026-04-16 15:22:32,960 - semo.backend - INFO - Approved - List files for tag direct operation (tag1) : True
2026-04-16 15:22:34,203 - semo.validator - INFO - Tag Exists 'tag1': True
2026-04-16 15:22:34,203 - semo.validator - INFO - Approval for list for tag operation for tag (tag1): True
2026-04-16 15:22:34,203 - semo.backend - INFO - Approved - List files for tag direct operation (tag1) : True
2026-04-16 15:22:34,204 - semo.validator - INFO - Tag Exists 'tag1': True
2026-04-16 15:22:34,204 - semo.validator - INFO - Approval for list for tag operation for tag (tag1): True
2026-04-16 15:22:34,204 - semo.backend - INFO - Approved - List files for tag direct operation (tag1) : True
2026-04-16 15:22:34,205 - semo.validator - INFO - Tag Exists 'tag1': True
2026-04-16 15:22:34,205 - semo.validator - INFO - Approval for list for tag operation for tag (tag1): True
2026-04-16 15:22:34,205 - semo.backend - INFO - Approved - List direct subtags operation (tag1) : True
2026-04-16 15:22:34,206 - semo.validator - INFO - Tag Exists 'tag1': True
2026-04-16 15:22:34,206 - semo.validator - INFO - Approval for list for tag operation for tag (tag1): True
2026-04-16 15:22:34,206 - semo.backend - INFO - Approved - List files for tag direct operation (tag1) : True
2026-04-16 15:22:34,208 - semo.validator - INFO - Tag Exists 'tag1': True
2026-04-16 15:22:34,208 - semo.validator - INFO - Approval for list for tag operation for tag (tag1): True
2026-04-16 15:22:34,208 - semo.backend - INFO - Approved - List files for tag direct operation (tag1) : True
2026-04-16 15:22:34,210 - semo.validator - INFO - Tag Exists 'tag3': True
2026-04-16 15:22:34,210 - semo.validator - INFO - Approval for list for tag operation for tag (tag3): True
2026-04-16 15:22:34,210 - semo.backend - INFO - Approved - List files for tag direct operation (tag3) : True
2026-04-16 15:22:34,212 - semo.validator - INFO - Tag Exists 'tag3': True
2026-04-16 15:22:34,212 - semo.validator - INFO - Approval for list for tag operation for tag (tag3): True
2026-04-16 15:22:34,212 - semo.backend - INFO - Approved - List files for tag direct operation (tag3) : True
2026-04-16 15:22:34,213 - semo.validator - INFO - Tag Exists 'tag3': True
2026-04-16 15:22:34,213 - semo.validator - INFO - Approval for list for tag operation for tag (tag3): True
2026-04-16 15:22:34,213 - semo.backend - INFO - Approved - List direct subtags operation (tag3) : True
2026-04-16 15:22:34,213 - semo.validator - INFO - Tag Exists 'tag3': True
2026-04-16 15:22:34,213 - semo.validator - INFO - Approval for list for tag operation for tag (tag3): True
2026-04-16 15:22:34,213 - semo.backend - INFO - Approved - List files for tag direct operation (tag3) : True
2026-04-16 15:22:34,215 - semo.validator - INFO - Tag Exists 'tag3': True
2026-04-16 15:22:34,215 - semo.validator - INFO - Approval for list for tag operation for tag (tag3): True
2026-04-16 15:22:34,215 - semo.backend - INFO - Approved - List files for tag direct operation (tag3) : True
2026-04-16 15:22:34,216 - semo.validator - INFO - Tag Exists 'tag3': True
2026-04-16 15:22:34,216 - semo.validator - INFO - Approval for list for tag operation for tag (tag3): True
2026-04-16 15:22:34,216 - semo.backend - INFO - Approved - List files for tag direct operation (tag3) : True
2026-04-16 15:22:34,217 - semo.validator - INFO - Tag Exists 'tag1': True
2026-04-16 15:22:34,217 - semo.validator - INFO - Approval for list for tag operation for tag (tag1): True
2026-04-16 15:22:34,217 - semo.backend - INFO - Approved - List files for tag direct operation (tag1) : True
2026-04-16 15:22:34,219 - semo.validator - INFO - Tag Exists 'tag2': True
2026-04-16 15:22:34,219 - semo.validator - INFO - Approval for list for tag operation for tag (tag2): True
2026-04-16 15:22:34,219 - semo.backend - INFO - Approved - List files for tag direct operation (tag2) : True
2026-04-16 15:22:34,220 - semo.validator - INFO - Tag Exists 'tag2': True
2026-04-16 15:22:34,220 - semo.validator - INFO - Approval for list for tag operation for tag (tag2): True
2026-04-16 15:22:34,220 - semo.backend - INFO - Approved - List files for tag direct operation (tag2) : True
2026-04-16 15:22:34,221 - semo.validator - INFO - Tag Exists 'tag2': True
2026-04-16 15:22:34,221 - semo.validator - INFO - Approval for list for tag operation for tag (tag2): True
2026-04-16 15:22:34,221 - semo.backend - INFO - Approved - List direct subtags operation (tag2) : True
2026-04-16 15:22:34,221 - semo.validator - INFO - Tag Exists 'tag2': True
2026-04-16 15:22:34,221 - semo.validator - INFO - Approval for list for tag operation for tag (tag2): True
2026-04-16 15:22:34,221 - semo.backend - INFO - Approved - List files for tag direct operation (tag2) : True
2026-04-16 15:22:34,223 - semo.validator - INFO - Tag Exists 'tag2': True
2026-04-16 15:22:34,223 - semo.validator - INFO - Approval for list for tag operation for tag (tag2): True
2026-04-16 15:22:34,223 - semo.backend - INFO - Approved - List files for tag direct operation (tag2) : True
2026-04-16 15:22:34,225 - semo.validator - INFO - Tag Exists 'tag2': True
2026-04-16 15:22:34,226 - semo.validator - INFO - Approval for list for tag operation for tag (tag2): True
2026-04-16 15:22:34,226 - semo.backend - INFO - Approved - List files for tag direct operation (tag2) : True
2026-04-16 15:25:31,077 - semo.validator - INFO - Tag Exists 'tag1': True
2026-04-16 15:25:31,078 - semo.validator - INFO - Approval for list for tag operation for tag (tag1): True
2026-04-16 15:25:31,078 - semo.backend - INFO - Approved - List direct subtags operation (tag1) : True
2026-04-16 15:25:31,080 - semo.validator - INFO - Tag Exists 'tag1': True
2026-04-16 15:25:31,081 - semo.validator - INFO - Approval for list for tag operation for tag (tag1): True
2026-04-16 15:25:31,081 - semo.backend - INFO - Approved - List files for tag direct operation (tag1) : True
2026-04-16 15:25:31,083 - semo.validator - INFO - Tag Exists 'tag1': True
2026-04-16 15:25:31,083 - semo.validator - INFO - Approval for list for tag operation for tag (tag1): True
2026-04-16 15:25:31,083 - semo.backend - INFO - Approved - List files for tag direct operation (tag1) : True
2026-04-16 15:25:31,084 - semo.validator - INFO - Tag Exists 'tag1': True
2026-04-16 15:25:31,084 - semo.validator - INFO - Approval for list for tag operation for tag (tag1): True
2026-04-16 15:25:31,084 - semo.backend - INFO - Approved - List files for tag direct operation (tag1) : True
2026-04-16 15:25:31,086 - semo.validator - INFO - Tag Exists 'tag1': True
2026-04-16 15:25:31,086 - semo.validator - INFO - Approval for list for tag operation for tag (tag1): True
2026-04-16 15:25:31,086 - semo.backend - INFO - Approved - List files for tag direct operation (tag1) : True
2026-04-16 15:25:31,088 - semo.validator - INFO - Tag Exists 'tag1': True
2026-04-16 15:25:31,088 - semo.validator - INFO - Approval for list for tag operation for tag (tag1): True
2026-04-16 15:25:31,088 - semo.backend - INFO - Approved - List files for tag direct operation (tag1) : True
2026-04-16 15:25:31,088 - semo.validator - INFO - Tag Exists 'tag1': True
2026-04-16 15:25:31,088 - semo.validator - INFO - Approval for list for tag operation for tag (tag1): True
2026-04-16 15:25:31,088 - semo.backend - INFO - Approved - List files for tag direct operation (tag1) : True
2026-04-16 15:25:32,201 - semo.validator - INFO - Tag Exists 'tag1': True
2026-04-16 15:25:32,201 - semo.validator - INFO - Approval for list for tag operation for tag (tag1): True
2026-04-16 15:25:32,201 - semo.backend - INFO - Approved - List files for tag direct operation (tag1) : True
2026-04-16 15:25:32,203 - semo.validator - INFO - Tag Exists 'tag1': True
2026-04-16 15:25:32,203 - semo.validator - INFO - Approval for list for tag operation for tag (tag1): True
2026-04-16 15:25:32,203 - semo.backend - INFO - Approved - List files for tag direct operation (tag1) : True
2026-04-16 15:25:32,204 - semo.validator - INFO - Tag Exists 'tag1': True
2026-04-16 15:25:32,204 - semo.validator - INFO - Approval for list for tag operation for tag (tag1): True
2026-04-16 15:25:32,204 - semo.backend - INFO - Approved - List direct subtags operation (tag1) : True
2026-04-16 15:25:32,204 - semo.validator - INFO - Tag Exists 'tag1': True
2026-04-16 15:25:32,204 - semo.validator - INFO - Approval for list for tag operation for tag (tag1): True
2026-04-16 15:25:32,204 - semo.backend - INFO - Approved - List files for tag direct operation (tag1) : True
2026-04-16 15:25:32,206 - semo.validator - INFO - Tag Exists 'tag1': True
2026-04-16 15:25:32,206 - semo.validator - INFO - Approval for list for tag operation for tag (tag1): True
2026-04-16 15:25:32,206 - semo.backend - INFO - Approved - List files for tag direct operation (tag1) : True
2026-04-16 15:25:32,207 - semo.validator - INFO - Tag Exists 'tag3': True
2026-04-16 15:25:32,207 - semo.validator - INFO - Approval for list for tag operation for tag (tag3): True
2026-04-16 15:25:32,207 - semo.backend - INFO - Approved - List files for tag direct operation (tag3) : True
2026-04-16 15:25:32,210 - semo.validator - INFO - Tag Exists 'tag3': True
2026-04-16 15:25:32,210 - semo.validator - INFO - Approval for list for tag operation for tag (tag3): True
2026-04-16 15:25:32,210 - semo.backend - INFO - Approved - List files for tag direct operation (tag3) : True
2026-04-16 15:25:32,211 - semo.validator - INFO - Tag Exists 'tag3': True
2026-04-16 15:25:32,211 - semo.validator - INFO - Approval for list for tag operation for tag (tag3): True
2026-04-16 15:25:32,211 - semo.backend - INFO - Approved - List direct subtags operation (tag3) : True
2026-04-16 15:25:32,211 - semo.validator - INFO - Tag Exists 'tag3': True
2026-04-16 15:25:32,211 - semo.validator - INFO - Approval for list for tag operation for tag (tag3): True
2026-04-16 15:25:32,211 - semo.backend - INFO - Approved - List files for tag direct operation (tag3) : True
2026-04-16 15:25:32,212 - semo.validator - INFO - Tag Exists 'tag3': True
2026-04-16 15:25:32,212 - semo.validator - INFO - Approval for list for tag operation for tag (tag3): True
2026-04-16 15:25:32,212 - semo.backend - INFO - Approved - List files for tag direct operation (tag3) : True
2026-04-16 15:25:32,214 - semo.validator - INFO - Tag Exists 'tag3': True
2026-04-16 15:25:32,214 - semo.validator - INFO - Approval for list for tag operation for tag (tag3): True
2026-04-16 15:25:32,214 - semo.backend - INFO - Approved - List files for tag direct operation (tag3) : True
2026-04-16 15:25:32,215 - semo.validator - INFO - Tag Exists 'tag1': True
2026-04-16 15:25:32,215 - semo.validator - INFO - Approval for list for tag operation for tag (tag1): True
2026-04-16 15:25:32,215 - semo.backend - INFO - Approved - List files for tag direct operation (tag1) : True
2026-04-16 15:25:32,216 - semo.validator - INFO - Tag Exists 'tag2': True
2026-04-16 15:25:32,216 - semo.validator - INFO - Approval for list for tag operation for tag (tag2): True
2026-04-16 15:25:32,216 - semo.backend - INFO - Approved - List files for tag direct operation (tag2) : True
2026-04-16 15:25:32,217 - semo.validator - INFO - Tag Exists 'tag2': True
2026-04-16 15:25:32,217 - semo.validator - INFO - Approval for list for tag operation for tag (tag2): True
2026-04-16 15:25:32,217 - semo.backend - INFO - Approved - List files for tag direct operation (tag2) : True
2026-04-16 15:25:32,218 - semo.validator - INFO - Tag Exists 'tag2': True
2026-04-16 15:25:32,218 - semo.validator - INFO - Approval for list for tag operation for tag (tag2): True
2026-04-16 15:25:32,218 - semo.backend - INFO - Approved - List direct subtags operation (tag2) : True
2026-04-16 15:25:32,218 - semo.validator - INFO - Tag Exists 'tag2': True
2026-04-16 15:25:32,218 - semo.validator - INFO - Approval for list for tag operation for tag (tag2): True
2026-04-16 15:25:32,218 - semo.backend - INFO - Approved - List files for tag direct operation (tag2) : True
2026-04-16 15:25:32,220 - semo.validator - INFO - Tag Exists 'tag2': True
2026-04-16 15:25:32,220 - semo.validator - INFO - Approval for list for tag operation for tag (tag2): True
2026-04-16 15:25:32,220 - semo.backend - INFO - Approved - List files for tag direct operation (tag2) : True
2026-04-16 15:25:32,223 - semo.validator - INFO - Tag Exists 'tag2': True
2026-04-16 15:25:32,223 - semo.validator - INFO - Approval for list for tag operation for tag (tag2): True
2026-04-16 15:25:32,223 - semo.backend - INFO - Approved - List files for tag direct operation (tag2) : True
2026-04-16 15:25:37,290 - semo.validator - INFO - Tag Exists 'tag1': True
2026-04-16 15:25:37,290 - semo.validator - INFO - Approval for list for tag operation for tag (tag1): True
2026-04-16 15:25:37,290 - semo.backend - INFO - Approved - List files for tag direct operation (tag1) : True
2026-04-16 15:25:37,291 - semo.validator - INFO - Tag Exists 'tag1': True
2026-04-16 15:25:37,291 - semo.validator - INFO - Approval for list for tag operation for tag (tag1): True
2026-04-16 15:25:37,291 - semo.backend - INFO - Approved - List files for tag direct operation (tag1) : True
2026-04-16 15:25:37,292 - semo.validator - INFO - Tag Exists 'tag1': True
2026-04-16 15:25:37,292 - semo.validator - INFO - Approval for list for tag operation for tag (tag1): True
2026-04-16 15:25:37,292 - semo.backend - INFO - Approved - List direct subtags operation (tag1) : True
2026-04-16 15:25:37,293 - semo.validator - INFO - Tag Exists 'tag1': True
2026-04-16 15:25:37,293 - semo.validator - INFO - Approval for list for tag operation for tag (tag1): True
2026-04-16 15:25:37,293 - semo.backend - INFO - Approved - List files for tag direct operation (tag1) : True
2026-04-16 15:25:37,296 - semo.validator - INFO - Tag Exists 'tag1': True
2026-04-16 15:25:37,296 - semo.validator - INFO - Approval for list for tag operation for tag (tag1): True
2026-04-16 15:25:37,296 - semo.backend - INFO - Approved - List files for tag direct operation (tag1) : True
2026-04-16 15:25:37,297 - semo.validator - INFO - Tag Exists 'tag3': True
2026-04-16 15:25:37,297 - semo.validator - INFO - Approval for list for tag operation for tag (tag3): True
2026-04-16 15:25:37,297 - semo.backend - INFO - Approved - List files for tag direct operation (tag3) : True
2026-04-16 15:25:37,299 - semo.validator - INFO - Tag Exists 'tag3': True
2026-04-16 15:25:37,299 - semo.validator - INFO - Approval for list for tag operation for tag (tag3): True
2026-04-16 15:25:37,299 - semo.backend - INFO - Approved - List files for tag direct operation (tag3) : True
2026-04-16 15:25:37,300 - semo.validator - INFO - Tag Exists 'tag3': True
2026-04-16 15:25:37,300 - semo.validator - INFO - Approval for list for tag operation for tag (tag3): True
2026-04-16 15:25:37,300 - semo.backend - INFO - Approved - List direct subtags operation (tag3) : True
2026-04-16 15:25:37,301 - semo.validator - INFO - Tag Exists 'tag3': True
2026-04-16 15:25:37,302 - semo.validator - INFO - Approval for list for tag operation for tag (tag3): True
2026-04-16 15:25:37,302 - semo.backend - INFO - Approved - List files for tag direct operation (tag3) : True
2026-04-16 15:25:37,303 - semo.validator - INFO - Tag Exists 'tag3': True
2026-04-16 15:25:37,303 - semo.validator - INFO - Approval for list for tag operation for tag (tag3): True
2026-04-16 15:25:37,303 - semo.backend - INFO - Approved - List files for tag direct operation (tag3) : True
2026-04-16 15:25:37,304 - semo.validator - INFO - Tag Exists 'tag3': True
2026-04-16 15:25:37,304 - semo.validator - INFO - Approval for list for tag operation for tag (tag3): True
2026-04-16 15:25:37,304 - semo.backend - INFO - Approved - List files for tag direct operation (tag3) : True
2026-04-16 15:25:37,305 - semo.validator - INFO - Tag Exists 'tag1': True
2026-04-16 15:25:37,305 - semo.validator - INFO - Approval for list for tag operation for tag (tag1): True
2026-04-16 15:25:37,305 - semo.backend - INFO - Approved - List files for tag direct operation (tag1) : True
2026-04-16 15:25:37,306 - semo.validator - INFO - Tag Exists 'tag2': True
2026-04-16 15:25:37,306 - semo.validator - INFO - Approval for list for tag operation for tag (tag2): True
2026-04-16 15:25:37,306 - semo.backend - INFO - Approved - List files for tag direct operation (tag2) : True
2026-04-16 15:25:37,307 - semo.validator - INFO - Tag Exists 'tag2': True
2026-04-16 15:25:37,307 - semo.validator - INFO - Approval for list for tag operation for tag (tag2): True
2026-04-16 15:25:37,307 - semo.backend - INFO - Approved - List files for tag direct operation (tag2) : True
2026-04-16 15:25:37,308 - semo.validator - INFO - Tag Exists 'tag2': True
2026-04-16 15:25:37,308 - semo.validator - INFO - Approval for list for tag operation for tag (tag2): True
2026-04-16 15:25:37,308 - semo.backend - INFO - Approved - List direct subtags operation (tag2) : True
2026-04-16 15:25:37,308 - semo.validator - INFO - Tag Exists 'tag2': True
2026-04-16 15:25:37,308 - semo.validator - INFO - Approval for list for tag operation for tag (tag2): True
2026-04-16 15:25:37,308 - semo.backend - INFO - Approved - List files for tag direct operation (tag2) : True
2026-04-16 15:25:37,310 - semo.validator - INFO - Tag Exists 'tag2': True
2026-04-16 15:25:37,310 - semo.validator - INFO - Approval for list for tag operation for tag (tag2): True
2026-04-16 15:25:37,310 - semo.backend - INFO - Approved - List files for tag direct operation (tag2) : True
2026-04-16 15:25:37,311 - semo.validator - INFO - Tag Exists 'tag2': True
2026-04-16 15:25:37,311 - semo.validator - INFO - Approval for list for tag operation for tag (tag2): True
2026-04-16 15:25:37,311 - semo.backend - INFO - Approved - List files for tag direct operation (tag2) : True
2026-04-16 15:25:42,370 - semo.validator - INFO - Tag Exists 'tag1': True
2026-04-16 15:25:42,370 - semo.validator - INFO - Approval for list for tag operation for tag (tag1): True
2026-04-16 15:25:42,370 - semo.backend - INFO - Approved - List files for tag direct operation (tag1) : True
2026-04-16 15:25:42,372 - semo.validator - INFO - Tag Exists 'tag1': True
2026-04-16 15:25:42,372 - semo.validator - INFO - Approval for list for tag operation for tag (tag1): True
2026-04-16 15:25:42,372 - semo.backend - INFO - Approved - List files for tag direct operation (tag1) : True
2026-04-16 15:25:42,373 - semo.validator - INFO - Tag Exists 'tag1': True
2026-04-16 15:25:42,373 - semo.validator - INFO - Approval for list for tag operation for tag (tag1): True
2026-04-16 15:25:42,373 - semo.backend - INFO - Approved - List direct subtags operation (tag1) : True
2026-04-16 15:25:42,373 - semo.validator - INFO - Tag Exists 'tag1': True
2026-04-16 15:25:42,374 - semo.validator - INFO - Approval for list for tag operation for tag (tag1): True
2026-04-16 15:25:42,374 - semo.backend - INFO - Approved - List files for tag direct operation (tag1) : True
2026-04-16 15:25:42,375 - semo.validator - INFO - Tag Exists 'tag1': True
2026-04-16 15:25:42,376 - semo.validator - INFO - Approval for list for tag operation for tag (tag1): True
2026-04-16 15:25:42,376 - semo.backend - INFO - Approved - List files for tag direct operation (tag1) : True
2026-04-16 15:25:42,377 - semo.validator - INFO - Tag Exists 'tag3': True
2026-04-16 15:25:42,377 - semo.validator - INFO - Approval for list for tag operation for tag (tag3): True
2026-04-16 15:25:42,377 - semo.backend - INFO - Approved - List files for tag direct operation (tag3) : True
2026-04-16 15:25:42,378 - semo.validator - INFO - Tag Exists 'tag3': True
2026-04-16 15:25:42,378 - semo.validator - INFO - Approval for list for tag operation for tag (tag3): True
2026-04-16 15:25:42,378 - semo.backend - INFO - Approved - List files for tag direct operation (tag3) : True
2026-04-16 15:25:42,379 - semo.validator - INFO - Tag Exists 'tag3': True
2026-04-16 15:25:42,379 - semo.validator - INFO - Approval for list for tag operation for tag (tag3): True
2026-04-16 15:25:42,379 - semo.backend - INFO - Approved - List direct subtags operation (tag3) : True
2026-04-16 15:25:42,379 - semo.validator - INFO - Tag Exists 'tag3': True
2026-04-16 15:25:42,379 - semo.validator - INFO - Approval for list for tag operation for tag (tag3): True
2026-04-16 15:25:42,379 - semo.backend - INFO - Approved - List files for tag direct operation (tag3) : True
2026-04-16 15:25:42,380 - semo.validator - INFO - Tag Exists 'tag3': True
2026-04-16 15:25:42,380 - semo.validator - INFO - Approval for list for tag operation for tag (tag3): True
2026-04-16 15:25:42,380 - semo.backend - INFO - Approved - List files for tag direct operation (tag3) : True
2026-04-16 15:25:42,383 - semo.validator - INFO - Tag Exists 'tag3': True
2026-04-16 15:25:42,383 - semo.validator - INFO - Approval for list for tag operation for tag (tag3): True
2026-04-16 15:25:42,383 - semo.backend - INFO - Approved - List files for tag direct operation (tag3) : True
2026-04-16 15:25:42,384 - semo.validator - INFO - Tag Exists 'tag1': True
2026-04-16 15:25:42,384 - semo.validator - INFO - Approval for list for tag operation for tag (tag1): True
2026-04-16 15:25:42,384 - semo.backend - INFO - Approved - List files for tag direct operation (tag1) : True
2026-04-16 15:25:42,385 - semo.validator - INFO - Tag Exists 'tag2': True
2026-04-16 15:25:42,385 - semo.validator - INFO - Approval for list for tag operation for tag (tag2): True
2026-04-16 15:25:42,385 - semo.backend - INFO - Approved - List files for tag direct operation (tag2) : True
2026-04-16 15:25:42,386 - semo.validator - INFO - Tag Exists 'tag2': True
2026-04-16 15:25:42,386 - semo.validator - INFO - Approval for list for tag operation for tag (tag2): True
2026-04-16 15:25:42,386 - semo.backend - INFO - Approved - List files for tag direct operation (tag2) : True
2026-04-16 15:25:42,387 - semo.validator - INFO - Tag Exists 'tag2': True
2026-04-16 15:25:42,387 - semo.validator - INFO - Approval for list for tag operation for tag (tag2): True
2026-04-16 15:25:42,387 - semo.backend - INFO - Approved - List direct subtags operation (tag2) : True
2026-04-16 15:25:42,387 - semo.validator - INFO - Tag Exists 'tag2': True
2026-04-16 15:25:42,387 - semo.validator - INFO - Approval for list for tag operation for tag (tag2): True
2026-04-16 15:25:42,387 - semo.backend - INFO - Approved - List files for tag direct operation (tag2) : True
2026-04-16 15:25:42,388 - semo.validator - INFO - Tag Exists 'tag2': True
2026-04-16 15:25:42,388 - semo.validator - INFO - Approval for list for tag operation for tag (tag2): True
2026-04-16 15:25:42,388 - semo.backend - INFO - Approved - List files for tag direct operation (tag2) : True
2026-04-16 15:25:42,389 - semo.validator - INFO - Tag Exists 'tag2': True
2026-04-16 15:25:42,389 - semo.validator - INFO - Approval for list for tag operation for tag (tag2): True
2026-04-16 15:25:42,389 - semo.backend - INFO - Approved - List files for tag direct operation (tag2) : True
2026-04-16 15:27:41,288 - semo.validator - INFO - Tag Exists 'tag1': True
2026-04-16 15:27:41,289 - semo.validator - INFO - Approval for list for tag operation for tag (tag1): True
2026-04-16 15:27:41,289 - semo.backend - INFO - Approved - List direct subtags operation (tag1) : True
2026-04-16 15:27:41,293 - semo.validator - INFO - Tag Exists 'tag1': True
2026-04-16 15:27:41,293 - semo.validator - INFO - Approval for list for tag operation for tag (tag1): True
2026-04-16 15:27:41,293 - semo.backend - INFO - Approved - List files for tag direct operation (tag1) : True
2026-04-16 15:27:41,300 - semo.validator - INFO - Tag Exists 'tag1': True
2026-04-16 15:27:41,300 - semo.validator - INFO - Approval for list for tag operation for tag (tag1): True
2026-04-16 15:27:41,300 - semo.backend - INFO - Approved - List files for tag direct operation (tag1) : True
2026-04-16 15:27:41,302 - semo.validator - INFO - Tag Exists 'tag1': True
2026-04-16 15:27:41,302 - semo.validator - INFO - Approval for list for tag operation for tag (tag1): True
2026-04-16 15:27:41,302 - semo.backend - INFO - Approved - List files for tag direct operation (tag1) : True
2026-04-16 15:27:41,304 - semo.validator - INFO - Tag Exists 'tag1': True
2026-04-16 15:27:41,304 - semo.validator - INFO - Approval for list for tag operation for tag (tag1): True
2026-04-16 15:27:41,305 - semo.backend - INFO - Approved - List files for tag direct operation (tag1) : True
2026-04-16 15:27:41,306 - semo.validator - INFO - Tag Exists 'tag1': True
2026-04-16 15:27:41,306 - semo.validator - INFO - Approval for list for tag operation for tag (tag1): True
2026-04-16 15:27:41,306 - semo.backend - INFO - Approved - List files for tag direct operation (tag1) : True
2026-04-16 15:27:41,307 - semo.validator - INFO - Tag Exists 'tag1': True
2026-04-16 15:27:41,307 - semo.validator - INFO - Approval for list for tag operation for tag (tag1): True
2026-04-16 15:27:41,307 - semo.backend - INFO - Approved - List files for tag direct operation (tag1) : True
2026-04-16 15:27:42,411 - semo.validator - INFO - Tag Exists 'tag1': True
2026-04-16 15:27:42,411 - semo.validator - INFO - Approval for list for tag operation for tag (tag1): True
2026-04-16 15:27:42,411 - semo.backend - INFO - Approved - List files for tag direct operation (tag1) : True
2026-04-16 15:27:42,412 - semo.validator - INFO - Tag Exists 'tag1': True
2026-04-16 15:27:42,412 - semo.validator - INFO - Approval for list for tag operation for tag (tag1): True
2026-04-16 15:27:42,412 - semo.backend - INFO - Approved - List files for tag direct operation (tag1) : True
2026-04-16 15:27:42,413 - semo.validator - INFO - Tag Exists 'tag1': True
2026-04-16 15:27:42,413 - semo.validator - INFO - Approval for list for tag operation for tag (tag1): True
2026-04-16 15:27:42,413 - semo.backend - INFO - Approved - List direct subtags operation (tag1) : True
2026-04-16 15:27:42,413 - semo.validator - INFO - Tag Exists 'tag1': True
2026-04-16 15:27:42,414 - semo.validator - INFO - Approval for list for tag operation for tag (tag1): True
2026-04-16 15:27:42,414 - semo.backend - INFO - Approved - List files for tag direct operation (tag1) : True
2026-04-16 15:27:42,416 - semo.validator - INFO - Tag Exists 'tag1': True
2026-04-16 15:27:42,416 - semo.validator - INFO - Approval for list for tag operation for tag (tag1): True
2026-04-16 15:27:42,416 - semo.backend - INFO - Approved - List files for tag direct operation (tag1) : True
2026-04-16 15:27:42,417 - semo.validator - INFO - Tag Exists 'tag3': True
2026-04-16 15:27:42,417 - semo.validator - INFO - Approval for list for tag operation for tag (tag3): True
2026-04-16 15:27:42,417 - semo.backend - INFO - Approved - List files for tag direct operation (tag3) : True
2026-04-16 15:27:42,419 - semo.validator - INFO - Tag Exists 'tag3': True
2026-04-16 15:27:42,419 - semo.validator - INFO - Approval for list for tag operation for tag (tag3): True
2026-04-16 15:27:42,419 - semo.backend - INFO - Approved - List files for tag direct operation (tag3) : True
2026-04-16 15:27:42,420 - semo.validator - INFO - Tag Exists 'tag3': True
2026-04-16 15:27:42,420 - semo.validator - INFO - Approval for list for tag operation for tag (tag3): True
2026-04-16 15:27:42,420 - semo.backend - INFO - Approved - List direct subtags operation (tag3) : True
2026-04-16 15:27:42,421 - semo.validator - INFO - Tag Exists 'tag3': True
2026-04-16 15:27:42,421 - semo.validator - INFO - Approval for list for tag operation for tag (tag3): True
2026-04-16 15:27:42,421 - semo.backend - INFO - Approved - List files for tag direct operation (tag3) : True
2026-04-16 15:27:42,422 - semo.validator - INFO - Tag Exists 'tag3': True
2026-04-16 15:27:42,422 - semo.validator - INFO - Approval for list for tag operation for tag (tag3): True
2026-04-16 15:27:42,422 - semo.backend - INFO - Approved - List files for tag direct operation (tag3) : True
2026-04-16 15:27:42,423 - semo.validator - INFO - Tag Exists 'tag3': True
2026-04-16 15:27:42,423 - semo.validator - INFO - Approval for list for tag operation for tag (tag3): True
2026-04-16 15:27:42,423 - semo.backend - INFO - Approved - List files for tag direct operation (tag3) : True
2026-04-16 15:27:42,424 - semo.validator - INFO - Tag Exists 'tag1': True
2026-04-16 15:27:42,424 - semo.validator - INFO - Approval for list for tag operation for tag (tag1): True
2026-04-16 15:27:42,424 - semo.backend - INFO - Approved - List files for tag direct operation (tag1) : True
2026-04-16 15:27:42,425 - semo.validator - INFO - Tag Exists 'tag2': True
2026-04-16 15:27:42,425 - semo.validator - INFO - Approval for list for tag operation for tag (tag2): True
2026-04-16 15:27:42,425 - semo.backend - INFO - Approved - List files for tag direct operation (tag2) : True
2026-04-16 15:27:42,426 - semo.validator - INFO - Tag Exists 'tag2': True
2026-04-16 15:27:42,426 - semo.validator - INFO - Approval for list for tag operation for tag (tag2): True
2026-04-16 15:27:42,426 - semo.backend - INFO - Approved - List files for tag direct operation (tag2) : True
2026-04-16 15:27:42,427 - semo.validator - INFO - Tag Exists 'tag2': True
2026-04-16 15:27:42,427 - semo.validator - INFO - Approval for list for tag operation for tag (tag2): True
2026-04-16 15:27:42,427 - semo.backend - INFO - Approved - List direct subtags operation (tag2) : True
2026-04-16 15:27:42,428 - semo.validator - INFO - Tag Exists 'tag2': True
2026-04-16 15:27:42,428 - semo.validator - INFO - Approval for list for tag operation for tag (tag2): True
2026-04-16 15:27:42,428 - semo.backend - INFO - Approved - List files for tag direct operation (tag2) : True
2026-04-16 15:27:42,429 - semo.validator - INFO - Tag Exists 'tag2': True
2026-04-16 15:27:42,429 - semo.validator - INFO - Approval for list for tag operation for tag (tag2): True
2026-04-16 15:27:42,429 - semo.backend - INFO - Approved - List files for tag direct operation (tag2) : True
2026-04-16 15:27:42,431 - semo.validator - INFO - Tag Exists 'tag2': True
2026-04-16 15:27:42,432 - semo.validator - INFO - Approval for list for tag operation for tag (tag2): True
2026-04-16 15:27:42,432 - semo.backend - INFO - Approved - List files for tag direct operation (tag2) : True
2026-04-16 15:34:03,336 - semo.validator - INFO - Tag Exists 'tag1': True
2026-04-16 15:34:03,337 - semo.validator - INFO - Approval for list for tag operation for tag (tag1): True
2026-04-16 15:34:03,337 - semo.backend - INFO - Approved - List direct subtags operation (tag1) : True
2026-04-16 15:34:03,339 - semo.validator - INFO - Tag Exists 'tag1': True
2026-04-16 15:34:03,339 - semo.validator - INFO - Approval for list for tag operation for tag (tag1): True
2026-04-16 15:34:03,340 - semo.backend - INFO - Approved - List files for tag direct operation (tag1) : True
2026-04-16 15:34:03,341 - semo.validator - INFO - Tag Exists 'tag1': True
2026-04-16 15:34:03,341 - semo.validator - INFO - Approval for list for tag operation for tag (tag1): True
2026-04-16 15:34:03,341 - semo.backend - INFO - Approved - List files for tag direct operation (tag1) : True
2026-04-16 15:34:04,466 - semo.validator - INFO - Tag Exists 'tag2': True
2026-04-16 15:34:04,466 - semo.validator - INFO - Approval for list for tag operation for tag (tag2): True
2026-04-16 15:34:04,466 - semo.backend - INFO - Approved - List files for tag direct operation (tag2) : True
2026-04-16 15:34:04,467 - semo.validator - INFO - Tag Exists 'tag2': True
2026-04-16 15:34:04,467 - semo.validator - INFO - Approval for list for tag operation for tag (tag2): True
2026-04-16 15:34:04,467 - semo.backend - INFO - Approved - List files for tag direct operation (tag2) : True
2026-04-16 15:34:04,468 - semo.validator - INFO - Tag Exists 'tag2': True
2026-04-16 15:34:04,468 - semo.validator - INFO - Approval for list for tag operation for tag (tag2): True
2026-04-16 15:34:04,468 - semo.backend - INFO - Approved - List direct subtags operation (tag2) : True
2026-04-16 15:34:04,469 - semo.validator - INFO - Tag Exists 'tag2': True
2026-04-16 15:34:04,469 - semo.validator - INFO - Approval for list for tag operation for tag (tag2): True
2026-04-16 15:34:04,469 - semo.backend - INFO - Approved - List files for tag direct operation (tag2) : True
2026-04-16 15:34:04,470 - semo.validator - INFO - Tag Exists 'tag2': True
2026-04-16 15:34:04,470 - semo.validator - INFO - Approval for list for tag operation for tag (tag2): True
2026-04-16 15:34:04,470 - semo.backend - INFO - Approved - List files for tag direct operation (tag2) : True
2026-04-16 15:34:04,471 - semo.validator - INFO - Tag Exists 'tag2': True
2026-04-16 15:34:04,471 - semo.validator - INFO - Approval for list for tag operation for tag (tag2): True
2026-04-16 15:34:04,471 - semo.backend - INFO - Approved - List files for tag direct operation (tag2) : True
2026-04-16 15:34:04,473 - semo.validator - INFO - Tag Exists 'tag1': True
2026-04-16 15:34:04,473 - semo.validator - INFO - Approval for list for tag operation for tag (tag1): True
2026-04-16 15:34:04,473 - semo.backend - INFO - Approved - List files for tag direct operation (tag1) : True
2026-04-16 15:34:04,474 - semo.validator - INFO - Tag Exists 'tag1': True
2026-04-16 15:34:04,474 - semo.validator - INFO - Approval for list for tag operation for tag (tag1): True
2026-04-16 15:34:04,474 - semo.backend - INFO - Approved - List files for tag direct operation (tag1) : True
2026-04-16 15:34:04,474 - semo.validator - INFO - Tag Exists 'tag1': True
2026-04-16 15:34:04,475 - semo.validator - INFO - Approval for list for tag operation for tag (tag1): True
2026-04-16 15:34:04,475 - semo.backend - INFO - Approved - List direct subtags operation (tag1) : True
2026-04-16 15:34:04,476 - semo.validator - INFO - Tag Exists 'tag1': True
2026-04-16 15:34:04,476 - semo.validator - INFO - Approval for list for tag operation for tag (tag1): True
2026-04-16 15:34:04,476 - semo.backend - INFO - Approved - List files for tag direct operation (tag1) : True
2026-04-16 15:34:04,478 - semo.validator - INFO - Tag Exists 'tag1': True
2026-04-16 15:34:04,478 - semo.validator - INFO - Approval for list for tag operation for tag (tag1): True
2026-04-16 15:34:04,478 - semo.backend - INFO - Approved - List files for tag direct operation (tag1) : True
2026-04-16 15:34:04,479 - semo.validator - INFO - Tag Exists 'tag3': True
2026-04-16 15:34:04,479 - semo.validator - INFO - Approval for list for tag operation for tag (tag3): True
2026-04-16 15:34:04,479 - semo.backend - INFO - Approved - List files for tag direct operation (tag3) : True
2026-04-16 15:34:04,481 - semo.validator - INFO - Tag Exists 'tag3': True
2026-04-16 15:34:04,481 - semo.validator - INFO - Approval for list for tag operation for tag (tag3): True
2026-04-16 15:34:04,481 - semo.backend - INFO - Approved - List files for tag direct operation (tag3) : True
2026-04-16 15:34:04,481 - semo.validator - INFO - Tag Exists 'tag3': True
2026-04-16 15:34:04,482 - semo.validator - INFO - Approval for list for tag operation for tag (tag3): True
2026-04-16 15:34:04,482 - semo.backend - INFO - Approved - List direct subtags operation (tag3) : True
2026-04-16 15:34:04,482 - semo.validator - INFO - Tag Exists 'tag3': True
2026-04-16 15:34:04,482 - semo.validator - INFO - Approval for list for tag operation for tag (tag3): True
2026-04-16 15:34:04,482 - semo.backend - INFO - Approved - List files for tag direct operation (tag3) : True
2026-04-16 15:34:04,483 - semo.validator - INFO - Tag Exists 'tag3': True
2026-04-16 15:34:04,483 - semo.validator - INFO - Approval for list for tag operation for tag (tag3): True
2026-04-16 15:34:04,483 - semo.backend - INFO - Approved - List files for tag direct operation (tag3) : True
2026-04-16 15:34:04,484 - semo.validator - INFO - Tag Exists 'tag3': True
2026-04-16 15:34:04,484 - semo.validator - INFO - Approval for list for tag operation for tag (tag3): True
2026-04-16 15:34:04,484 - semo.backend - INFO - Approved - List files for tag direct operation (tag3) : True
2026-04-16 15:34:04,486 - semo.validator - INFO - Tag Exists 'tag1': True
2026-04-16 15:34:04,486 - semo.validator - INFO - Approval for list for tag operation for tag (tag1): True
2026-04-16 15:34:04,486 - semo.backend - INFO - Approved - List files for tag direct operation (tag1) : True
2026-04-16 15:35:04,021 - semo.validator - INFO - Tag Exists 'tag1': True
2026-04-16 15:35:04,021 - semo.validator - INFO - Approval for list for tag operation for tag (tag1): True
2026-04-16 15:35:04,021 - semo.backend - INFO - Approved - List direct subtags operation (tag1) : True
2026-04-16 15:35:04,022 - semo.validator - INFO - Tag Exists 'tag1': True
2026-04-16 15:35:04,022 - semo.validator - INFO - Approval for list for tag operation for tag (tag1): True
2026-04-16 15:35:04,022 - semo.backend - INFO - Approved - List files for tag direct operation (tag1) : True
2026-04-16 15:35:04,023 - semo.validator - INFO - Tag Exists 'tag1': True
2026-04-16 15:35:04,024 - semo.validator - INFO - Approval for list for tag operation for tag (tag1): True
2026-04-16 15:35:04,024 - semo.backend - INFO - Approved - List files for tag direct operation (tag1) : True
2026-04-16 15:35:05,139 - semo.validator - INFO - Tag Exists 'tag1': True
2026-04-16 15:35:05,139 - semo.validator - INFO - Approval for list for tag operation for tag (tag1): True
2026-04-16 15:35:05,139 - semo.backend - INFO - Approved - List files for tag direct operation (tag1) : True
2026-04-16 15:35:05,140 - semo.validator - INFO - Tag Exists 'tag1': True
2026-04-16 15:35:05,140 - semo.validator - INFO - Approval for list for tag operation for tag (tag1): True
2026-04-16 15:35:05,140 - semo.backend - INFO - Approved - List files for tag direct operation (tag1) : True
2026-04-16 15:35:05,141 - semo.validator - INFO - Tag Exists 'tag1': True
2026-04-16 15:35:05,141 - semo.validator - INFO - Approval for list for tag operation for tag (tag1): True
2026-04-16 15:35:05,142 - semo.backend - INFO - Approved - List direct subtags operation (tag1) : True
2026-04-16 15:35:05,143 - semo.validator - INFO - Tag Exists 'tag1': True
2026-04-16 15:35:05,143 - semo.validator - INFO - Approval for list for tag operation for tag (tag1): True
2026-04-16 15:35:05,143 - semo.backend - INFO - Approved - List files for tag direct operation (tag1) : True
2026-04-16 15:35:05,144 - semo.validator - INFO - Tag Exists 'tag1': True
2026-04-16 15:35:05,144 - semo.validator - INFO - Approval for list for tag operation for tag (tag1): True
2026-04-16 15:35:05,144 - semo.backend - INFO - Approved - List files for tag direct operation (tag1) : True
2026-04-16 15:35:05,146 - semo.validator - INFO - Tag Exists 'tag3': True
2026-04-16 15:35:05,146 - semo.validator - INFO - Approval for list for tag operation for tag (tag3): True
2026-04-16 15:35:05,146 - semo.backend - INFO - Approved - List files for tag direct operation (tag3) : True
2026-04-16 15:35:05,147 - semo.validator - INFO - Tag Exists 'tag3': True
2026-04-16 15:35:05,147 - semo.validator - INFO - Approval for list for tag operation for tag (tag3): True
2026-04-16 15:35:05,147 - semo.backend - INFO - Approved - List files for tag direct operation (tag3) : True
2026-04-16 15:35:05,147 - semo.validator - INFO - Tag Exists 'tag3': True
2026-04-16 15:35:05,148 - semo.validator - INFO - Approval for list for tag operation for tag (tag3): True
2026-04-16 15:35:05,148 - semo.backend - INFO - Approved - List direct subtags operation (tag3) : True
2026-04-16 15:35:05,148 - semo.validator - INFO - Tag Exists 'tag3': True
2026-04-16 15:35:05,148 - semo.validator - INFO - Approval for list for tag operation for tag (tag3): True
2026-04-16 15:35:05,148 - semo.backend - INFO - Approved - List files for tag direct operation (tag3) : True
2026-04-16 15:35:05,150 - semo.validator - INFO - Tag Exists 'tag3': True
2026-04-16 15:35:05,150 - semo.validator - INFO - Approval for list for tag operation for tag (tag3): True
2026-04-16 15:35:05,150 - semo.backend - INFO - Approved - List files for tag direct operation (tag3) : True
2026-04-16 15:35:05,151 - semo.validator - INFO - Tag Exists 'tag3': True
2026-04-16 15:35:05,151 - semo.validator - INFO - Approval for list for tag operation for tag (tag3): True
2026-04-16 15:35:05,151 - semo.backend - INFO - Approved - List files for tag direct operation (tag3) : True
2026-04-16 15:35:05,152 - semo.validator - INFO - Tag Exists 'tag1': True
2026-04-16 15:35:05,152 - semo.validator - INFO - Approval for list for tag operation for tag (tag1): True
2026-04-16 15:35:05,152 - semo.backend - INFO - Approved - List files for tag direct operation (tag1) : True
2026-04-16 15:35:05,154 - semo.validator - INFO - Tag Exists 'tag2': True
2026-04-16 15:35:05,154 - semo.validator - INFO - Approval for list for tag operation for tag (tag2): True
2026-04-16 15:35:05,154 - semo.backend - INFO - Approved - List files for tag direct operation (tag2) : True
2026-04-16 15:35:05,155 - semo.validator - INFO - Tag Exists 'tag2': True
2026-04-16 15:35:05,155 - semo.validator - INFO - Approval for list for tag operation for tag (tag2): True
2026-04-16 15:35:05,155 - semo.backend - INFO - Approved - List files for tag direct operation (tag2) : True
2026-04-16 15:35:05,155 - semo.validator - INFO - Tag Exists 'tag2': True
2026-04-16 15:35:05,155 - semo.validator - INFO - Approval for list for tag operation for tag (tag2): True
2026-04-16 15:35:05,155 - semo.backend - INFO - Approved - List direct subtags operation (tag2) : True
2026-04-16 15:35:05,156 - semo.validator - INFO - Tag Exists 'tag2': True
2026-04-16 15:35:05,156 - semo.validator - INFO - Approval for list for tag operation for tag (tag2): True
2026-04-16 15:35:05,156 - semo.backend - INFO - Approved - List files for tag direct operation (tag2) : True
2026-04-16 15:35:05,157 - semo.validator - INFO - Tag Exists 'tag2': True
2026-04-16 15:35:05,157 - semo.validator - INFO - Approval for list for tag operation for tag (tag2): True
2026-04-16 15:35:05,157 - semo.backend - INFO - Approved - List files for tag direct operation (tag2) : True
2026-04-16 15:35:05,158 - semo.validator - INFO - Tag Exists 'tag2': True
2026-04-16 15:35:05,158 - semo.validator - INFO - Approval for list for tag operation for tag (tag2): True
2026-04-16 15:35:05,158 - semo.backend - INFO - Approved - List files for tag direct operation (tag2) : True
2026-04-16 15:35:10,212 - semo.validator - INFO - Tag Exists 'tag1': True
2026-04-16 15:35:10,212 - semo.validator - INFO - Approval for list for tag operation for tag (tag1): True
2026-04-16 15:35:10,212 - semo.backend - INFO - Approved - List files for tag direct operation (tag1) : True
2026-04-16 15:35:10,213 - semo.validator - INFO - Tag Exists 'tag1': True
2026-04-16 15:35:10,213 - semo.validator - INFO - Approval for list for tag operation for tag (tag1): True
2026-04-16 15:35:10,213 - semo.backend - INFO - Approved - List files for tag direct operation (tag1) : True
2026-04-16 15:35:10,213 - semo.validator - INFO - Tag Exists 'tag1': True
2026-04-16 15:35:10,213 - semo.validator - INFO - Approval for list for tag operation for tag (tag1): True
2026-04-16 15:35:10,213 - semo.backend - INFO - Approved - List direct subtags operation (tag1) : True
2026-04-16 15:35:10,214 - semo.validator - INFO - Tag Exists 'tag1': True
2026-04-16 15:35:10,214 - semo.validator - INFO - Approval for list for tag operation for tag (tag1): True
2026-04-16 15:35:10,214 - semo.backend - INFO - Approved - List files for tag direct operation (tag1) : True
2026-04-16 15:35:10,216 - semo.validator - INFO - Tag Exists 'tag1': True
2026-04-16 15:35:10,216 - semo.validator - INFO - Approval for list for tag operation for tag (tag1): True
2026-04-16 15:35:10,216 - semo.backend - INFO - Approved - List files for tag direct operation (tag1) : True
2026-04-16 15:35:10,217 - semo.validator - INFO - Tag Exists 'tag3': True
2026-04-16 15:35:10,217 - semo.validator - INFO - Approval for list for tag operation for tag (tag3): True
2026-04-16 15:35:10,217 - semo.backend - INFO - Approved - List files for tag direct operation (tag3) : True
2026-04-16 15:35:10,218 - semo.validator - INFO - Tag Exists 'tag3': True
2026-04-16 15:35:10,218 - semo.validator - INFO - Approval for list for tag operation for tag (tag3): True
2026-04-16 15:35:10,218 - semo.backend - INFO - Approved - List files for tag direct operation (tag3) : True
2026-04-16 15:35:10,219 - semo.validator - INFO - Tag Exists 'tag3': True
2026-04-16 15:35:10,219 - semo.validator - INFO - Approval for list for tag operation for tag (tag3): True
2026-04-16 15:35:10,219 - semo.backend - INFO - Approved - List direct subtags operation (tag3) : True
2026-04-16 15:35:10,219 - semo.validator - INFO - Tag Exists 'tag3': True
2026-04-16 15:35:10,219 - semo.validator - INFO - Approval for list for tag operation for tag (tag3): True
2026-04-16 15:35:10,219 - semo.backend - INFO - Approved - List files for tag direct operation (tag3) : True
2026-04-16 15:35:10,220 - semo.validator - INFO - Tag Exists 'tag3': True
2026-04-16 15:35:10,220 - semo.validator - INFO - Approval for list for tag operation for tag (tag3): True
2026-04-16 15:35:10,220 - semo.backend - INFO - Approved - List files for tag direct operation (tag3) : True
2026-04-16 15:35:10,221 - semo.validator - INFO - Tag Exists 'tag3': True
2026-04-16 15:35:10,221 - semo.validator - INFO - Approval for list for tag operation for tag (tag3): True
2026-04-16 15:35:10,221 - semo.backend - INFO - Approved - List files for tag direct operation (tag3) : True
2026-04-16 15:35:10,223 - semo.validator - INFO - Tag Exists 'tag1': True
2026-04-16 15:35:10,223 - semo.validator - INFO - Approval for list for tag operation for tag (tag1): True
2026-04-16 15:35:10,223 - semo.backend - INFO - Approved - List files for tag direct operation (tag1) : True
2026-04-16 15:35:10,225 - semo.validator - INFO - Tag Exists 'tag2': True
2026-04-16 15:35:10,225 - semo.validator - INFO - Approval for list for tag operation for tag (tag2): True
2026-04-16 15:35:10,225 - semo.backend - INFO - Approved - List files for tag direct operation (tag2) : True
2026-04-16 15:35:10,226 - semo.validator - INFO - Tag Exists 'tag2': True
2026-04-16 15:35:10,226 - semo.validator - INFO - Approval for list for tag operation for tag (tag2): True
2026-04-16 15:35:10,226 - semo.backend - INFO - Approved - List files for tag direct operation (tag2) : True
2026-04-16 15:35:10,226 - semo.validator - INFO - Tag Exists 'tag2': True
2026-04-16 15:35:10,226 - semo.validator - INFO - Approval for list for tag operation for tag (tag2): True
2026-04-16 15:35:10,226 - semo.backend - INFO - Approved - List direct subtags operation (tag2) : True
2026-04-16 15:35:10,227 - semo.validator - INFO - Tag Exists 'tag2': True
2026-04-16 15:35:10,227 - semo.validator - INFO - Approval for list for tag operation for tag (tag2): True
2026-04-16 15:35:10,227 - semo.backend - INFO - Approved - List files for tag direct operation (tag2) : True
2026-04-16 15:35:10,228 - semo.validator - INFO - Tag Exists 'tag2': True
2026-04-16 15:35:10,228 - semo.validator - INFO - Approval for list for tag operation for tag (tag2): True
2026-04-16 15:35:10,228 - semo.backend - INFO - Approved - List files for tag direct operation (tag2) : True
2026-04-16 15:35:10,229 - semo.validator - INFO - Tag Exists 'tag2': True
2026-04-16 15:35:10,229 - semo.validator - INFO - Approval for list for tag operation for tag (tag2): True
2026-04-16 15:35:10,229 - semo.backend - INFO - Approved - List files for tag direct operation (tag2) : True
2026-04-16 15:35:41,844 - semo.validator - INFO - Tag Exists 'tag1': True
2026-04-16 15:35:41,844 - semo.validator - INFO - Approval for list for tag operation for tag (tag1): True
2026-04-16 15:35:41,844 - semo.backend - INFO - Approved - List direct subtags operation (tag1) : True
2026-04-16 15:35:41,846 - semo.validator - INFO - Tag Exists 'tag1': True
2026-04-16 15:35:41,846 - semo.validator - INFO - Approval for list for tag operation for tag (tag1): True
2026-04-16 15:35:41,846 - semo.backend - INFO - Approved - List files for tag direct operation (tag1) : True
2026-04-16 15:35:41,848 - semo.validator - INFO - Tag Exists 'tag1': True
2026-04-16 15:35:41,848 - semo.validator - INFO - Approval for list for tag operation for tag (tag1): True
2026-04-16 15:35:41,848 - semo.backend - INFO - Approved - List files for tag direct operation (tag1) : True
2026-04-16 15:35:41,851 - semo.validator - INFO - Tag Exists 'tag1': True
2026-04-16 15:35:41,851 - semo.validator - INFO - Approval for list for tag operation for tag (tag1): True
2026-04-16 15:35:41,851 - semo.backend - INFO - Approved - List files for tag direct operation (tag1) : True
2026-04-16 15:35:41,853 - semo.validator - INFO - Tag Exists 'tag1': True
2026-04-16 15:35:41,853 - semo.validator - INFO - Approval for list for tag operation for tag (tag1): True
2026-04-16 15:35:41,853 - semo.backend - INFO - Approved - List files for tag direct operation (tag1) : True
2026-04-16 15:35:42,971 - semo.validator - INFO - Tag Exists 'tag1': True
2026-04-16 15:35:42,971 - semo.validator - INFO - Approval for list for tag operation for tag (tag1): True
2026-04-16 15:35:42,971 - semo.backend - INFO - Approved - List files for tag direct operation (tag1) : True
2026-04-16 15:35:42,973 - semo.validator - INFO - Tag Exists 'tag1': True
2026-04-16 15:35:42,973 - semo.validator - INFO - Approval for list for tag operation for tag (tag1): True
2026-04-16 15:35:42,973 - semo.backend - INFO - Approved - List files for tag direct operation (tag1) : True
2026-04-16 15:35:42,974 - semo.validator - INFO - Tag Exists 'tag1': True
2026-04-16 15:35:42,974 - semo.validator - INFO - Approval for list for tag operation for tag (tag1): True
2026-04-16 15:35:42,974 - semo.backend - INFO - Approved - List direct subtags operation (tag1) : True
2026-04-16 15:35:42,975 - semo.validator - INFO - Tag Exists 'tag1': True
2026-04-16 15:35:42,975 - semo.validator - INFO - Approval for list for tag operation for tag (tag1): True
2026-04-16 15:35:42,975 - semo.backend - INFO - Approved - List files for tag direct operation (tag1) : True
2026-04-16 15:35:42,977 - semo.validator - INFO - Tag Exists 'tag1': True
2026-04-16 15:35:42,977 - semo.validator - INFO - Approval for list for tag operation for tag (tag1): True
2026-04-16 15:35:42,977 - semo.backend - INFO - Approved - List files for tag direct operation (tag1) : True
2026-04-16 15:35:42,978 - semo.validator - INFO - Tag Exists 'tag3': True
2026-04-16 15:35:42,978 - semo.validator - INFO - Approval for list for tag operation for tag (tag3): True
2026-04-16 15:35:42,978 - semo.backend - INFO - Approved - List files for tag direct operation (tag3) : True
2026-04-16 15:35:42,980 - semo.validator - INFO - Tag Exists 'tag3': True
2026-04-16 15:35:42,980 - semo.validator - INFO - Approval for list for tag operation for tag (tag3): True
2026-04-16 15:35:42,980 - semo.backend - INFO - Approved - List files for tag direct operation (tag3) : True
2026-04-16 15:35:42,981 - semo.validator - INFO - Tag Exists 'tag3': True
2026-04-16 15:35:42,981 - semo.validator - INFO - Approval for list for tag operation for tag (tag3): True
2026-04-16 15:35:42,981 - semo.backend - INFO - Approved - List direct subtags operation (tag3) : True
2026-04-16 15:35:42,982 - semo.validator - INFO - Tag Exists 'tag3': True
2026-04-16 15:35:42,982 - semo.validator - INFO - Approval for list for tag operation for tag (tag3): True
2026-04-16 15:35:42,982 - semo.backend - INFO - Approved - List files for tag direct operation (tag3) : True
2026-04-16 15:35:42,982 - semo.validator - INFO - Tag Exists 'tag3': True
2026-04-16 15:35:42,983 - semo.validator - INFO - Approval for list for tag operation for tag (tag3): True
2026-04-16 15:35:42,983 - semo.backend - INFO - Approved - List files for tag direct operation (tag3) : True
2026-04-16 15:35:42,984 - semo.validator - INFO - Tag Exists 'tag3': True
2026-04-16 15:35:42,984 - semo.validator - INFO - Approval for list for tag operation for tag (tag3): True
2026-04-16 15:35:42,984 - semo.backend - INFO - Approved - List files for tag direct operation (tag3) : True
2026-04-16 15:35:42,985 - semo.validator - INFO - Tag Exists 'tag1': True
2026-04-16 15:35:42,985 - semo.validator - INFO - Approval for list for tag operation for tag (tag1): True
2026-04-16 15:35:42,985 - semo.backend - INFO - Approved - List files for tag direct operation (tag1) : True
2026-04-16 15:35:42,986 - semo.validator - INFO - Tag Exists 'tag2': True
2026-04-16 15:35:42,986 - semo.validator - INFO - Approval for list for tag operation for tag (tag2): True
2026-04-16 15:35:42,986 - semo.backend - INFO - Approved - List files for tag direct operation (tag2) : True
2026-04-16 15:35:42,987 - semo.validator - INFO - Tag Exists 'tag2': True
2026-04-16 15:35:42,987 - semo.validator - INFO - Approval for list for tag operation for tag (tag2): True
2026-04-16 15:35:42,987 - semo.backend - INFO - Approved - List files for tag direct operation (tag2) : True
2026-04-16 15:35:42,988 - semo.validator - INFO - Tag Exists 'tag2': True
2026-04-16 15:35:42,988 - semo.validator - INFO - Approval for list for tag operation for tag (tag2): True
2026-04-16 15:35:42,988 - semo.backend - INFO - Approved - List direct subtags operation (tag2) : True
2026-04-16 15:35:42,989 - semo.validator - INFO - Tag Exists 'tag2': True
2026-04-16 15:35:42,989 - semo.validator - INFO - Approval for list for tag operation for tag (tag2): True
2026-04-16 15:35:42,989 - semo.backend - INFO - Approved - List files for tag direct operation (tag2) : True
2026-04-16 15:35:42,990 - semo.validator - INFO - Tag Exists 'tag2': True
2026-04-16 15:35:42,990 - semo.validator - INFO - Approval for list for tag operation for tag (tag2): True
2026-04-16 15:35:42,990 - semo.backend - INFO - Approved - List files for tag direct operation (tag2) : True
2026-04-16 15:35:42,993 - semo.validator - INFO - Tag Exists 'tag2': True
2026-04-16 15:35:42,993 - semo.validator - INFO - Approval for list for tag operation for tag (tag2): True
2026-04-16 15:35:42,993 - semo.backend - INFO - Approved - List files for tag direct operation (tag2) : True
2026-04-16 15:35:48,050 - semo.validator - INFO - Tag Exists 'tag1': True
2026-04-16 15:35:48,050 - semo.validator - INFO - Approval for list for tag operation for tag (tag1): True
2026-04-16 15:35:48,050 - semo.backend - INFO - Approved - List files for tag direct operation (tag1) : True
2026-04-16 15:35:48,052 - semo.validator - INFO - Tag Exists 'tag1': True
2026-04-16 15:35:48,052 - semo.validator - INFO - Approval for list for tag operation for tag (tag1): True
2026-04-16 15:35:48,052 - semo.backend - INFO - Approved - List files for tag direct operation (tag1) : True
2026-04-16 15:35:48,054 - semo.validator - INFO - Tag Exists 'tag1': True
2026-04-16 15:35:48,054 - semo.validator - INFO - Approval for list for tag operation for tag (tag1): True
2026-04-16 15:35:48,054 - semo.backend - INFO - Approved - List direct subtags operation (tag1) : True
2026-04-16 15:35:48,055 - semo.validator - INFO - Tag Exists 'tag1': True
2026-04-16 15:35:48,056 - semo.validator - INFO - Approval for list for tag operation for tag (tag1): True
2026-04-16 15:35:48,056 - semo.backend - INFO - Approved - List files for tag direct operation (tag1) : True
2026-04-16 15:35:48,057 - semo.validator - INFO - Tag Exists 'tag1': True
2026-04-16 15:35:48,057 - semo.validator - INFO - Approval for list for tag operation for tag (tag1): True
2026-04-16 15:35:48,057 - semo.backend - INFO - Approved - List files for tag direct operation (tag1) : True
2026-04-16 15:35:48,058 - semo.validator - INFO - Tag Exists 'tag3': True
2026-04-16 15:35:48,058 - semo.validator - INFO - Approval for list for tag operation for tag (tag3): True
2026-04-16 15:35:48,058 - semo.backend - INFO - Approved - List files for tag direct operation (tag3) : True
2026-04-16 15:35:48,059 - semo.validator - INFO - Tag Exists 'tag3': True
2026-04-16 15:35:48,059 - semo.validator - INFO - Approval for list for tag operation for tag (tag3): True
2026-04-16 15:35:48,059 - semo.backend - INFO - Approved - List files for tag direct operation (tag3) : True
2026-04-16 15:35:48,060 - semo.validator - INFO - Tag Exists 'tag3': True
2026-04-16 15:35:48,060 - semo.validator - INFO - Approval for list for tag operation for tag (tag3): True
2026-04-16 15:35:48,060 - semo.backend - INFO - Approved - List direct subtags operation (tag3) : True
2026-04-16 15:35:48,061 - semo.validator - INFO - Tag Exists 'tag3': True
2026-04-16 15:35:48,061 - semo.validator - INFO - Approval for list for tag operation for tag (tag3): True
2026-04-16 15:35:48,061 - semo.backend - INFO - Approved - List files for tag direct operation (tag3) : True
2026-04-16 15:35:48,062 - semo.validator - INFO - Tag Exists 'tag3': True
2026-04-16 15:35:48,062 - semo.validator - INFO - Approval for list for tag operation for tag (tag3): True
2026-04-16 15:35:48,062 - semo.backend - INFO - Approved - List files for tag direct operation (tag3) : True
2026-04-16 15:35:48,063 - semo.validator - INFO - Tag Exists 'tag3': True
2026-04-16 15:35:48,063 - semo.validator - INFO - Approval for list for tag operation for tag (tag3): True
2026-04-16 15:35:48,063 - semo.backend - INFO - Approved - List files for tag direct operation (tag3) : True
2026-04-16 15:35:48,064 - semo.validator - INFO - Tag Exists 'tag1': True
2026-04-16 15:35:48,065 - semo.validator - INFO - Approval for list for tag operation for tag (tag1): True
2026-04-16 15:35:48,065 - semo.backend - INFO - Approved - List files for tag direct operation (tag1) : True
2026-04-16 15:35:48,066 - semo.validator - INFO - Tag Exists 'tag2': True
2026-04-16 15:35:48,066 - semo.validator - INFO - Approval for list for tag operation for tag (tag2): True
2026-04-16 15:35:48,066 - semo.backend - INFO - Approved - List files for tag direct operation (tag2) : True
2026-04-16 15:35:48,067 - semo.validator - INFO - Tag Exists 'tag2': True
2026-04-16 15:35:48,067 - semo.validator - INFO - Approval for list for tag operation for tag (tag2): True
2026-04-16 15:35:48,067 - semo.backend - INFO - Approved - List files for tag direct operation (tag2) : True
2026-04-16 15:35:48,068 - semo.validator - INFO - Tag Exists 'tag2': True
2026-04-16 15:35:48,068 - semo.validator - INFO - Approval for list for tag operation for tag (tag2): True
2026-04-16 15:35:48,068 - semo.backend - INFO - Approved - List direct subtags operation (tag2) : True
2026-04-16 15:35:48,068 - semo.validator - INFO - Tag Exists 'tag2': True
2026-04-16 15:35:48,068 - semo.validator - INFO - Approval for list for tag operation for tag (tag2): True
2026-04-16 15:35:48,068 - semo.backend - INFO - Approved - List files for tag direct operation (tag2) : True
2026-04-16 15:35:48,069 - semo.validator - INFO - Tag Exists 'tag2': True
2026-04-16 15:35:48,069 - semo.validator - INFO - Approval for list for tag operation for tag (tag2): True
2026-04-16 15:35:48,069 - semo.backend - INFO - Approved - List files for tag direct operation (tag2) : True
2026-04-16 15:35:48,070 - semo.validator - INFO - Tag Exists 'tag2': True
2026-04-16 15:35:48,070 - semo.validator - INFO - Approval for list for tag operation for tag (tag2): True
2026-04-16 15:35:48,070 - semo.backend - INFO - Approved - List files for tag direct operation (tag2) : True
2026-04-16 15:36:10,134 - semo.validator - INFO - Tag Exists 'tag1': True
2026-04-16 15:36:10,135 - semo.validator - INFO - Approval for list for tag operation for tag (tag1): True
2026-04-16 15:36:10,135 - semo.backend - INFO - Approved - List direct subtags operation (tag1) : True
2026-04-16 15:36:10,137 - semo.validator - INFO - Tag Exists 'tag1': True
2026-04-16 15:36:10,137 - semo.validator - INFO - Approval for list for tag operation for tag (tag1): True
2026-04-16 15:36:10,138 - semo.backend - INFO - Approved - List files for tag direct operation (tag1) : True
2026-04-16 15:36:10,143 - semo.validator - INFO - Tag Exists 'tag1': True
2026-04-16 15:36:10,143 - semo.validator - INFO - Approval for list for tag operation for tag (tag1): True
2026-04-16 15:36:10,143 - semo.backend - INFO - Approved - List files for tag direct operation (tag1) : True
2026-04-16 15:36:10,148 - semo.validator - INFO - Tag Exists 'tag1': True
2026-04-16 15:36:10,148 - semo.validator - INFO - Approval for list for tag operation for tag (tag1): True
2026-04-16 15:36:10,148 - semo.backend - INFO - Approved - List files for tag direct operation (tag1) : True
2026-04-16 15:36:10,150 - semo.validator - INFO - Tag Exists 'tag1': True
2026-04-16 15:36:10,150 - semo.validator - INFO - Approval for list for tag operation for tag (tag1): True
2026-04-16 15:36:10,150 - semo.backend - INFO - Approved - List files for tag direct operation (tag1) : True
2026-04-16 15:36:11,259 - semo.validator - INFO - Tag Exists 'tag1': True
2026-04-16 15:36:11,259 - semo.validator - INFO - Approval for list for tag operation for tag (tag1): True
2026-04-16 15:36:11,259 - semo.backend - INFO - Approved - List files for tag direct operation (tag1) : True
2026-04-16 15:36:11,261 - semo.validator - INFO - Tag Exists 'tag1': True
2026-04-16 15:36:11,261 - semo.validator - INFO - Approval for list for tag operation for tag (tag1): True
2026-04-16 15:36:11,261 - semo.backend - INFO - Approved - List files for tag direct operation (tag1) : True
2026-04-16 15:36:11,262 - semo.validator - INFO - Tag Exists 'tag1': True
2026-04-16 15:36:11,262 - semo.validator - INFO - Approval for list for tag operation for tag (tag1): True
2026-04-16 15:36:11,262 - semo.backend - INFO - Approved - List direct subtags operation (tag1) : True
2026-04-16 15:36:11,263 - semo.validator - INFO - Tag Exists 'tag1': True
2026-04-16 15:36:11,263 - semo.validator - INFO - Approval for list for tag operation for tag (tag1): True
2026-04-16 15:36:11,263 - semo.backend - INFO - Approved - List files for tag direct operation (tag1) : True
2026-04-16 15:36:11,265 - semo.validator - INFO - Tag Exists 'tag1': True
2026-04-16 15:36:11,265 - semo.validator - INFO - Approval for list for tag operation for tag (tag1): True
2026-04-16 15:36:11,265 - semo.backend - INFO - Approved - List files for tag direct operation (tag1) : True
2026-04-16 15:36:11,266 - semo.validator - INFO - Tag Exists 'tag3': True
2026-04-16 15:36:11,267 - semo.validator - INFO - Approval for list for tag operation for tag (tag3): True
2026-04-16 15:36:11,267 - semo.backend - INFO - Approved - List files for tag direct operation (tag3) : True
2026-04-16 15:36:11,269 - semo.validator - INFO - Tag Exists 'tag3': True
2026-04-16 15:36:11,269 - semo.validator - INFO - Approval for list for tag operation for tag (tag3): True
2026-04-16 15:36:11,269 - semo.backend - INFO - Approved - List files for tag direct operation (tag3) : True
2026-04-16 15:36:11,269 - semo.validator - INFO - Tag Exists 'tag3': True
2026-04-16 15:36:11,269 - semo.validator - INFO - Approval for list for tag operation for tag (tag3): True
2026-04-16 15:36:11,269 - semo.backend - INFO - Approved - List direct subtags operation (tag3) : True
2026-04-16 15:36:11,270 - semo.validator - INFO - Tag Exists 'tag3': True
2026-04-16 15:36:11,270 - semo.validator - INFO - Approval for list for tag operation for tag (tag3): True
2026-04-16 15:36:11,270 - semo.backend - INFO - Approved - List files for tag direct operation (tag3) : True
2026-04-16 15:36:11,271 - semo.validator - INFO - Tag Exists 'tag3': True
2026-04-16 15:36:11,271 - semo.validator - INFO - Approval for list for tag operation for tag (tag3): True
2026-04-16 15:36:11,271 - semo.backend - INFO - Approved - List files for tag direct operation (tag3) : True
2026-04-16 15:36:11,273 - semo.validator - INFO - Tag Exists 'tag3': True
2026-04-16 15:36:11,273 - semo.validator - INFO - Approval for list for tag operation for tag (tag3): True
2026-04-16 15:36:11,273 - semo.backend - INFO - Approved - List files for tag direct operation (tag3) : True
2026-04-16 15:36:11,274 - semo.validator - INFO - Tag Exists 'tag1': True
2026-04-16 15:36:11,274 - semo.validator - INFO - Approval for list for tag operation for tag (tag1): True
2026-04-16 15:36:11,274 - semo.backend - INFO - Approved - List files for tag direct operation (tag1) : True
2026-04-16 15:36:11,275 - semo.validator - INFO - Tag Exists 'tag2': True
2026-04-16 15:36:11,275 - semo.validator - INFO - Approval for list for tag operation for tag (tag2): True
2026-04-16 15:36:11,275 - semo.backend - INFO - Approved - List files for tag direct operation (tag2) : True
2026-04-16 15:36:11,276 - semo.validator - INFO - Tag Exists 'tag2': True
2026-04-16 15:36:11,276 - semo.validator - INFO - Approval for list for tag operation for tag (tag2): True
2026-04-16 15:36:11,276 - semo.backend - INFO - Approved - List files for tag direct operation (tag2) : True
2026-04-16 15:36:11,277 - semo.validator - INFO - Tag Exists 'tag2': True
2026-04-16 15:36:11,277 - semo.validator - INFO - Approval for list for tag operation for tag (tag2): True
2026-04-16 15:36:11,277 - semo.backend - INFO - Approved - List direct subtags operation (tag2) : True
2026-04-16 15:36:11,277 - semo.validator - INFO - Tag Exists 'tag2': True
2026-04-16 15:36:11,278 - semo.validator - INFO - Approval for list for tag operation for tag (tag2): True
2026-04-16 15:36:11,278 - semo.backend - INFO - Approved - List files for tag direct operation (tag2) : True
2026-04-16 15:36:11,278 - semo.validator - INFO - Tag Exists 'tag2': True
2026-04-16 15:36:11,278 - semo.validator - INFO - Approval for list for tag operation for tag (tag2): True
2026-04-16 15:36:11,278 - semo.backend - INFO - Approved - List files for tag direct operation (tag2) : True
2026-04-16 15:36:11,281 - semo.validator - INFO - Tag Exists 'tag2': True
2026-04-16 15:36:11,281 - semo.validator - INFO - Approval for list for tag operation for tag (tag2): True
2026-04-16 15:36:11,281 - semo.backend - INFO - Approved - List files for tag direct operation (tag2) : True
2026-04-16 16:19:14,394 - semo.validator - INFO - Tag Exists 'tag2': True
2026-04-16 16:19:14,394 - semo.validator - INFO - Approval for list for tag operation for tag (tag2): True
2026-04-16 16:19:14,394 - semo.backend - INFO - Approved - List files for tag direct operation (tag2) : True
2026-04-16 16:19:14,396 - semo.validator - INFO - Tag Exists 'tag2': True
2026-04-16 16:19:14,397 - semo.validator - INFO - Approval for list for tag operation for tag (tag2): True
2026-04-16 16:19:14,397 - semo.backend - INFO - Approved - List files for tag direct operation (tag2) : True
2026-04-16 16:19:14,398 - semo.validator - INFO - Tag Exists 'tag2': True
2026-04-16 16:19:14,398 - semo.validator - INFO - Approval for list for tag operation for tag (tag2): True
2026-04-16 16:19:14,398 - semo.backend - INFO - Approved - List direct subtags operation (tag2) : True
2026-04-16 16:19:14,399 - semo.validator - INFO - Tag Exists 'tag2': True
2026-04-16 16:19:14,399 - semo.validator - INFO - Approval for list for tag operation for tag (tag2): True
2026-04-16 16:19:14,399 - semo.backend - INFO - Approved - List files for tag direct operation (tag2) : True
2026-04-16 16:19:14,400 - semo.validator - INFO - Tag Exists 'tag2': True
2026-04-16 16:19:14,400 - semo.validator - INFO - Approval for list for tag operation for tag (tag2): True
2026-04-16 16:19:14,400 - semo.backend - INFO - Approved - List files for tag direct operation (tag2) : True
2026-04-16 16:19:14,401 - semo.validator - INFO - Tag Exists 'tag2': True
2026-04-16 16:19:14,401 - semo.validator - INFO - Approval for list for tag operation for tag (tag2): True
2026-04-16 16:19:14,401 - semo.backend - INFO - Approved - List files for tag direct operation (tag2) : True
2026-04-16 16:19:14,403 - semo.validator - INFO - Tag Exists 'tag1': True
2026-04-16 16:19:14,403 - semo.validator - INFO - Approval for list for tag operation for tag (tag1): True
2026-04-16 16:19:14,403 - semo.backend - INFO - Approved - List files for tag direct operation (tag1) : True
2026-04-16 16:19:14,404 - semo.validator - INFO - Tag Exists 'tag1': True
2026-04-16 16:19:14,404 - semo.validator - INFO - Approval for list for tag operation for tag (tag1): True
2026-04-16 16:19:14,404 - semo.backend - INFO - Approved - List files for tag direct operation (tag1) : True
2026-04-16 16:19:14,405 - semo.validator - INFO - Tag Exists 'tag1': True
2026-04-16 16:19:14,405 - semo.validator - INFO - Approval for list for tag operation for tag (tag1): True
2026-04-16 16:19:14,405 - semo.backend - INFO - Approved - List direct subtags operation (tag1) : True
2026-04-16 16:19:14,406 - semo.validator - INFO - Tag Exists 'tag1': True
2026-04-16 16:19:14,406 - semo.validator - INFO - Approval for list for tag operation for tag (tag1): True
2026-04-16 16:19:14,406 - semo.backend - INFO - Approved - List files for tag direct operation (tag1) : True
2026-04-16 16:19:14,408 - semo.validator - INFO - Tag Exists 'tag1': True
2026-04-16 16:19:14,408 - semo.validator - INFO - Approval for list for tag operation for tag (tag1): True
2026-04-16 16:19:14,408 - semo.backend - INFO - Approved - List files for tag direct operation (tag1) : True
2026-04-16 16:19:14,409 - semo.validator - INFO - Tag Exists 'tag3': True
2026-04-16 16:19:14,409 - semo.validator - INFO - Approval for list for tag operation for tag (tag3): True
2026-04-16 16:19:14,409 - semo.backend - INFO - Approved - List files for tag direct operation (tag3) : True
2026-04-16 16:19:14,411 - semo.validator - INFO - Tag Exists 'tag3': True
2026-04-16 16:19:14,411 - semo.validator - INFO - Approval for list for tag operation for tag (tag3): True
2026-04-16 16:19:14,411 - semo.backend - INFO - Approved - List files for tag direct operation (tag3) : True
2026-04-16 16:19:14,412 - semo.validator - INFO - Tag Exists 'tag3': True
2026-04-16 16:19:14,412 - semo.validator - INFO - Approval for list for tag operation for tag (tag3): True
2026-04-16 16:19:14,412 - semo.backend - INFO - Approved - List direct subtags operation (tag3) : True
2026-04-16 16:19:14,413 - semo.validator - INFO - Tag Exists 'tag3': True
2026-04-16 16:19:14,413 - semo.validator - INFO - Approval for list for tag operation for tag (tag3): True
2026-04-16 16:19:14,413 - semo.backend - INFO - Approved - List files for tag direct operation (tag3) : True
2026-04-16 16:19:14,414 - semo.validator - INFO - Tag Exists 'tag3': True
2026-04-16 16:19:14,414 - semo.validator - INFO - Approval for list for tag operation for tag (tag3): True
2026-04-16 16:19:14,414 - semo.backend - INFO - Approved - List files for tag direct operation (tag3) : True
2026-04-16 16:19:14,415 - semo.validator - INFO - Tag Exists 'tag3': True
2026-04-16 16:19:14,415 - semo.validator - INFO - Approval for list for tag operation for tag (tag3): True
2026-04-16 16:19:14,415 - semo.backend - INFO - Approved - List files for tag direct operation (tag3) : True
2026-04-16 16:19:14,417 - semo.validator - INFO - Tag Exists 'tag1': True
2026-04-16 16:19:14,417 - semo.validator - INFO - Approval for list for tag operation for tag (tag1): True
2026-04-16 16:19:14,417 - semo.backend - INFO - Approved - List files for tag direct operation (tag1) : True
2026-04-16 16:19:16,429 - semo.validator - INFO - Tag Exists 'tag1': True
2026-04-16 16:19:16,429 - semo.validator - INFO - Approval for list for tag operation for tag (tag1): True
2026-04-16 16:19:16,429 - semo.backend - INFO - Approved - List direct subtags operation (tag1) : True
2026-04-16 16:19:16,431 - semo.validator - INFO - Tag Exists 'tag1': True
2026-04-16 16:19:16,431 - semo.validator - INFO - Approval for list for tag operation for tag (tag1): True
2026-04-16 16:19:16,431 - semo.backend - INFO - Approved - List files for tag direct operation (tag1) : True
2026-04-16 16:19:16,434 - semo.validator - INFO - Tag Exists 'tag1': True
2026-04-16 16:19:16,434 - semo.validator - INFO - Approval for list for tag operation for tag (tag1): True
2026-04-16 16:19:16,434 - semo.backend - INFO - Approved - List files for tag direct operation (tag1) : True
2026-04-16 16:19:19,472 - semo.validator - INFO - Tag Exists 'tag2': True
2026-04-16 16:19:19,472 - semo.validator - INFO - Approval for list for tag operation for tag (tag2): True
2026-04-16 16:19:19,472 - semo.backend - INFO - Approved - List files for tag direct operation (tag2) : True
2026-04-16 16:19:19,474 - semo.validator - INFO - Tag Exists 'tag2': True
2026-04-16 16:19:19,474 - semo.validator - INFO - Approval for list for tag operation for tag (tag2): True
2026-04-16 16:19:19,474 - semo.backend - INFO - Approved - List files for tag direct operation (tag2) : True
2026-04-16 16:19:19,475 - semo.validator - INFO - Tag Exists 'tag2': True
2026-04-16 16:19:19,475 - semo.validator - INFO - Approval for list for tag operation for tag (tag2): True
2026-04-16 16:19:19,475 - semo.backend - INFO - Approved - List direct subtags operation (tag2) : True
2026-04-16 16:19:19,476 - semo.validator - INFO - Tag Exists 'tag2': True
2026-04-16 16:19:19,476 - semo.validator - INFO - Approval for list for tag operation for tag (tag2): True
2026-04-16 16:19:19,476 - semo.backend - INFO - Approved - List files for tag direct operation (tag2) : True
2026-04-16 16:19:19,477 - semo.validator - INFO - Tag Exists 'tag2': True
2026-04-16 16:19:19,477 - semo.validator - INFO - Approval for list for tag operation for tag (tag2): True
2026-04-16 16:19:19,477 - semo.backend - INFO - Approved - List files for tag direct operation (tag2) : True
2026-04-16 16:19:19,478 - semo.validator - INFO - Tag Exists 'tag2': True
2026-04-16 16:19:19,478 - semo.validator - INFO - Approval for list for tag operation for tag (tag2): True
2026-04-16 16:19:19,478 - semo.backend - INFO - Approved - List files for tag direct operation (tag2) : True
2026-04-16 16:19:19,480 - semo.validator - INFO - Tag Exists 'tag1': True
2026-04-16 16:19:19,480 - semo.validator - INFO - Approval for list for tag operation for tag (tag1): True
2026-04-16 16:19:19,480 - semo.backend - INFO - Approved - List files for tag direct operation (tag1) : True
2026-04-16 16:19:19,481 - semo.validator - INFO - Tag Exists 'tag1': True
2026-04-16 16:19:19,481 - semo.validator - INFO - Approval for list for tag operation for tag (tag1): True
2026-04-16 16:19:19,481 - semo.backend - INFO - Approved - List files for tag direct operation (tag1) : True
2026-04-16 16:19:19,482 - semo.validator - INFO - Tag Exists 'tag1': True
2026-04-16 16:19:19,482 - semo.validator - INFO - Approval for list for tag operation for tag (tag1): True
2026-04-16 16:19:19,482 - semo.backend - INFO - Approved - List direct subtags operation (tag1) : True
2026-04-16 16:19:19,483 - semo.validator - INFO - Tag Exists 'tag1': True
2026-04-16 16:19:19,483 - semo.validator - INFO - Approval for list for tag operation for tag (tag1): True
2026-04-16 16:19:19,483 - semo.backend - INFO - Approved - List files for tag direct operation (tag1) : True
2026-04-16 16:19:19,486 - semo.validator - INFO - Tag Exists 'tag1': True
2026-04-16 16:19:19,486 - semo.validator - INFO - Approval for list for tag operation for tag (tag1): True
2026-04-16 16:19:19,486 - semo.backend - INFO - Approved - List files for tag direct operation (tag1) : True
2026-04-16 16:19:19,487 - semo.validator - INFO - Tag Exists 'tag3': True
2026-04-16 16:19:19,487 - semo.validator - INFO - Approval for list for tag operation for tag (tag3): True
2026-04-16 16:19:19,487 - semo.backend - INFO - Approved - List files for tag direct operation (tag3) : True
2026-04-16 16:19:19,488 - semo.validator - INFO - Tag Exists 'tag3': True
2026-04-16 16:19:19,488 - semo.validator - INFO - Approval for list for tag operation for tag (tag3): True
2026-04-16 16:19:19,488 - semo.backend - INFO - Approved - List files for tag direct operation (tag3) : True
2026-04-16 16:19:19,489 - semo.validator - INFO - Tag Exists 'tag3': True
2026-04-16 16:19:19,489 - semo.validator - INFO - Approval for list for tag operation for tag (tag3): True
2026-04-16 16:19:19,489 - semo.backend - INFO - Approved - List direct subtags operation (tag3) : True
2026-04-16 16:19:19,490 - semo.validator - INFO - Tag Exists 'tag3': True
2026-04-16 16:19:19,490 - semo.validator - INFO - Approval for list for tag operation for tag (tag3): True
2026-04-16 16:19:19,490 - semo.backend - INFO - Approved - List files for tag direct operation (tag3) : True
2026-04-16 16:19:19,491 - semo.validator - INFO - Tag Exists 'tag3': True
2026-04-16 16:19:19,491 - semo.validator - INFO - Approval for list for tag operation for tag (tag3): True
2026-04-16 16:19:19,491 - semo.backend - INFO - Approved - List files for tag direct operation (tag3) : True
2026-04-16 16:19:19,492 - semo.validator - INFO - Tag Exists 'tag3': True
2026-04-16 16:19:19,492 - semo.validator - INFO - Approval for list for tag operation for tag (tag3): True
2026-04-16 16:19:19,492 - semo.backend - INFO - Approved - List files for tag direct operation (tag3) : True
2026-04-16 16:19:19,493 - semo.validator - INFO - Tag Exists 'tag1': True
2026-04-16 16:19:19,493 - semo.validator - INFO - Approval for list for tag operation for tag (tag1): True
2026-04-16 16:19:19,493 - semo.backend - INFO - Approved - List files for tag direct operation (tag1) : True
2026-04-16 16:19:24,540 - semo.validator - INFO - Tag Exists 'tag2': True
2026-04-16 16:19:24,541 - semo.validator - INFO - Approval for list for tag operation for tag (tag2): True
2026-04-16 16:19:24,541 - semo.backend - INFO - Approved - List files for tag direct operation (tag2) : True
2026-04-16 16:19:24,544 - semo.validator - INFO - Tag Exists 'tag2': True
2026-04-16 16:19:24,544 - semo.validator - INFO - Approval for list for tag operation for tag (tag2): True
2026-04-16 16:19:24,544 - semo.backend - INFO - Approved - List files for tag direct operation (tag2) : True
2026-04-16 16:19:24,545 - semo.validator - INFO - Tag Exists 'tag2': True
2026-04-16 16:19:24,545 - semo.validator - INFO - Approval for list for tag operation for tag (tag2): True
2026-04-16 16:19:24,545 - semo.backend - INFO - Approved - List direct subtags operation (tag2) : True
2026-04-16 16:19:24,545 - semo.validator - INFO - Tag Exists 'tag2': True
2026-04-16 16:19:24,545 - semo.validator - INFO - Approval for list for tag operation for tag (tag2): True
2026-04-16 16:19:24,545 - semo.backend - INFO - Approved - List files for tag direct operation (tag2) : True
2026-04-16 16:19:24,546 - semo.validator - INFO - Tag Exists 'tag2': True
2026-04-16 16:19:24,546 - semo.validator - INFO - Approval for list for tag operation for tag (tag2): True
2026-04-16 16:19:24,546 - semo.backend - INFO - Approved - List files for tag direct operation (tag2) : True
2026-04-16 16:19:24,547 - semo.validator - INFO - Tag Exists 'tag2': True
2026-04-16 16:19:24,547 - semo.validator - INFO - Approval for list for tag operation for tag (tag2): True
2026-04-16 16:19:24,547 - semo.backend - INFO - Approved - List files for tag direct operation (tag2) : True
2026-04-16 16:19:24,549 - semo.validator - INFO - Tag Exists 'tag1': True
2026-04-16 16:19:24,549 - semo.validator - INFO - Approval for list for tag operation for tag (tag1): True
2026-04-16 16:19:24,549 - semo.backend - INFO - Approved - List files for tag direct operation (tag1) : True
2026-04-16 16:19:24,550 - semo.validator - INFO - Tag Exists 'tag1': True
2026-04-16 16:19:24,550 - semo.validator - INFO - Approval for list for tag operation for tag (tag1): True
2026-04-16 16:19:24,550 - semo.backend - INFO - Approved - List files for tag direct operation (tag1) : True
2026-04-16 16:19:24,551 - semo.validator - INFO - Tag Exists 'tag1': True
2026-04-16 16:19:24,551 - semo.validator - INFO - Approval for list for tag operation for tag (tag1): True
2026-04-16 16:19:24,551 - semo.backend - INFO - Approved - List direct subtags operation (tag1) : True
2026-04-16 16:19:24,552 - semo.validator - INFO - Tag Exists 'tag1': True
2026-04-16 16:19:24,552 - semo.validator - INFO - Approval for list for tag operation for tag (tag1): True
2026-04-16 16:19:24,552 - semo.backend - INFO - Approved - List files for tag direct operation (tag1) : True
2026-04-16 16:19:24,553 - semo.validator - INFO - Tag Exists 'tag1': True
2026-04-16 16:19:24,553 - semo.validator - INFO - Approval for list for tag operation for tag (tag1): True
2026-04-16 16:19:24,553 - semo.backend - INFO - Approved - List files for tag direct operation (tag1) : True
2026-04-16 16:19:24,555 - semo.validator - INFO - Tag Exists 'tag3': True
2026-04-16 16:19:24,555 - semo.validator - INFO - Approval for list for tag operation for tag (tag3): True
2026-04-16 16:19:24,555 - semo.backend - INFO - Approved - List files for tag direct operation (tag3) : True
2026-04-16 16:19:24,557 - semo.validator - INFO - Tag Exists 'tag3': True
2026-04-16 16:19:24,557 - semo.validator - INFO - Approval for list for tag operation for tag (tag3): True
2026-04-16 16:19:24,557 - semo.backend - INFO - Approved - List files for tag direct operation (tag3) : True
2026-04-16 16:19:24,558 - semo.validator - INFO - Tag Exists 'tag3': True
2026-04-16 16:19:24,558 - semo.validator - INFO - Approval for list for tag operation for tag (tag3): True
2026-04-16 16:19:24,558 - semo.backend - INFO - Approved - List direct subtags operation (tag3) : True
2026-04-16 16:19:24,559 - semo.validator - INFO - Tag Exists 'tag3': True
2026-04-16 16:19:24,559 - semo.validator - INFO - Approval for list for tag operation for tag (tag3): True
2026-04-16 16:19:24,559 - semo.backend - INFO - Approved - List files for tag direct operation (tag3) : True
2026-04-16 16:19:24,560 - semo.validator - INFO - Tag Exists 'tag3': True
2026-04-16 16:19:24,560 - semo.validator - INFO - Approval for list for tag operation for tag (tag3): True
2026-04-16 16:19:24,560 - semo.backend - INFO - Approved - List files for tag direct operation (tag3) : True
2026-04-16 16:19:24,561 - semo.validator - INFO - Tag Exists 'tag3': True
2026-04-16 16:19:24,561 - semo.validator - INFO - Approval for list for tag operation for tag (tag3): True
2026-04-16 16:19:24,561 - semo.backend - INFO - Approved - List files for tag direct operation (tag3) : True
2026-04-16 16:19:24,562 - semo.validator - INFO - Tag Exists 'tag1': True
2026-04-16 16:19:24,562 - semo.validator - INFO - Approval for list for tag operation for tag (tag1): True
2026-04-16 16:19:24,562 - semo.backend - INFO - Approved - List files for tag direct operation (tag1) : True
2026-04-16 16:19:54,873 - semo.validator - INFO - Tag Exists 'tag1': True
2026-04-16 16:19:54,873 - semo.validator - INFO - Approval for list for tag operation for tag (tag1): True
2026-04-16 16:19:54,873 - semo.backend - INFO - Approved - List direct subtags operation (tag1) : True
2026-04-16 16:19:54,874 - semo.validator - INFO - Tag Exists 'tag1': True
2026-04-16 16:19:54,874 - semo.validator - INFO - Approval for list for tag operation for tag (tag1): True
2026-04-16 16:19:54,874 - semo.backend - INFO - Approved - List files for tag direct operation (tag1) : True
2026-04-16 16:19:54,876 - semo.validator - INFO - Tag Exists 'tag1': True
2026-04-16 16:19:54,876 - semo.validator - INFO - Approval for list for tag operation for tag (tag1): True
2026-04-16 16:19:54,876 - semo.backend - INFO - Approved - List files for tag direct operation (tag1) : True
2026-04-16 16:19:54,879 - semo.validator - INFO - Tag Exists 'tag1': True
2026-04-16 16:19:54,879 - semo.validator - INFO - Approval for list for tag operation for tag (tag1): True
2026-04-16 16:19:54,879 - semo.backend - INFO - Approved - List files for tag direct operation (tag1) : True
2026-04-16 16:19:56,926 - semo.validator - INFO - Tag Exists 'tag2': True
2026-04-16 16:19:56,926 - semo.validator - INFO - Approval for list for tag operation for tag (tag2): True
2026-04-16 16:19:56,926 - semo.backend - INFO - Approved - List files for tag direct operation (tag2) : True
2026-04-16 16:19:56,928 - semo.validator - INFO - Tag Exists 'tag2': True
2026-04-16 16:19:56,928 - semo.validator - INFO - Approval for list for tag operation for tag (tag2): True
2026-04-16 16:19:56,928 - semo.backend - INFO - Approved - List files for tag direct operation (tag2) : True
2026-04-16 16:19:56,930 - semo.validator - INFO - Tag Exists 'tag2': True
2026-04-16 16:19:56,930 - semo.validator - INFO - Approval for list for tag operation for tag (tag2): True
2026-04-16 16:19:56,930 - semo.backend - INFO - Approved - List direct subtags operation (tag2) : True
2026-04-16 16:19:56,930 - semo.validator - INFO - Tag Exists 'tag2': True
2026-04-16 16:19:56,930 - semo.validator - INFO - Approval for list for tag operation for tag (tag2): True
2026-04-16 16:19:56,930 - semo.backend - INFO - Approved - List files for tag direct operation (tag2) : True
2026-04-16 16:19:56,931 - semo.validator - INFO - Tag Exists 'tag2': True
2026-04-16 16:19:56,931 - semo.validator - INFO - Approval for list for tag operation for tag (tag2): True
2026-04-16 16:19:56,931 - semo.backend - INFO - Approved - List files for tag direct operation (tag2) : True
2026-04-16 16:19:56,933 - semo.validator - INFO - Tag Exists 'tag2': True
2026-04-16 16:19:56,933 - semo.validator - INFO - Approval for list for tag operation for tag (tag2): True
2026-04-16 16:19:56,933 - semo.backend - INFO - Approved - List files for tag direct operation (tag2) : True
2026-04-16 16:19:56,934 - semo.validator - INFO - Tag Exists 'tag1': True
2026-04-16 16:19:56,934 - semo.validator - INFO - Approval for list for tag operation for tag (tag1): True
2026-04-16 16:19:56,934 - semo.backend - INFO - Approved - List files for tag direct operation (tag1) : True
2026-04-16 16:19:56,936 - semo.validator - INFO - Tag Exists 'tag1': True
2026-04-16 16:19:56,936 - semo.validator - INFO - Approval for list for tag operation for tag (tag1): True
2026-04-16 16:19:56,936 - semo.backend - INFO - Approved - List files for tag direct operation (tag1) : True
2026-04-16 16:19:56,937 - semo.validator - INFO - Tag Exists 'tag1': True
2026-04-16 16:19:56,937 - semo.validator - INFO - Approval for list for tag operation for tag (tag1): True
2026-04-16 16:19:56,937 - semo.backend - INFO - Approved - List direct subtags operation (tag1) : True
2026-04-16 16:19:56,938 - semo.validator - INFO - Tag Exists 'tag1': True
2026-04-16 16:19:56,938 - semo.validator - INFO - Approval for list for tag operation for tag (tag1): True
2026-04-16 16:19:56,938 - semo.backend - INFO - Approved - List files for tag direct operation (tag1) : True
2026-04-16 16:19:56,939 - semo.validator - INFO - Tag Exists 'tag1': True
2026-04-16 16:19:56,939 - semo.validator - INFO - Approval for list for tag operation for tag (tag1): True
2026-04-16 16:19:56,939 - semo.backend - INFO - Approved - List files for tag direct operation (tag1) : True
2026-04-16 16:19:56,940 - semo.validator - INFO - Tag Exists 'tag3': True
2026-04-16 16:19:56,940 - semo.validator - INFO - Approval for list for tag operation for tag (tag3): True
2026-04-16 16:19:56,940 - semo.backend - INFO - Approved - List files for tag direct operation (tag3) : True
2026-04-16 16:19:56,941 - semo.validator - INFO - Tag Exists 'tag3': True
2026-04-16 16:19:56,941 - semo.validator - INFO - Approval for list for tag operation for tag (tag3): True
2026-04-16 16:19:56,941 - semo.backend - INFO - Approved - List files for tag direct operation (tag3) : True
2026-04-16 16:19:56,942 - semo.validator - INFO - Tag Exists 'tag3': True
2026-04-16 16:19:56,942 - semo.validator - INFO - Approval for list for tag operation for tag (tag3): True
2026-04-16 16:19:56,942 - semo.backend - INFO - Approved - List direct subtags operation (tag3) : True
2026-04-16 16:19:56,943 - semo.validator - INFO - Tag Exists 'tag3': True
2026-04-16 16:19:56,943 - semo.validator - INFO - Approval for list for tag operation for tag (tag3): True
2026-04-16 16:19:56,943 - semo.backend - INFO - Approved - List files for tag direct operation (tag3) : True
2026-04-16 16:19:56,944 - semo.validator - INFO - Tag Exists 'tag3': True
2026-04-16 16:19:56,944 - semo.validator - INFO - Approval for list for tag operation for tag (tag3): True
2026-04-16 16:19:56,944 - semo.backend - INFO - Approved - List files for tag direct operation (tag3) : True
2026-04-16 16:19:56,945 - semo.validator - INFO - Tag Exists 'tag3': True
2026-04-16 16:19:56,945 - semo.validator - INFO - Approval for list for tag operation for tag (tag3): True
2026-04-16 16:19:56,945 - semo.backend - INFO - Approved - List files for tag direct operation (tag3) : True
2026-04-16 16:19:56,947 - semo.validator - INFO - Tag Exists 'tag1': True
2026-04-16 16:19:56,947 - semo.validator - INFO - Approval for list for tag operation for tag (tag1): True
2026-04-16 16:19:56,947 - semo.backend - INFO - Approved - List files for tag direct operation (tag1) : True
2026-04-16 16:19:56,950 - semo.validator - INFO - Tag Exists 'tag1': True
2026-04-16 16:19:56,950 - semo.validator - INFO - Approval for list for tag operation for tag (tag1): True
2026-04-16 16:19:56,950 - semo.backend - INFO - Approved - List files for tag direct operation (tag1) : True
2026-04-16 16:20:02,002 - semo.validator - INFO - Tag Exists 'tag2': True
2026-04-16 16:20:02,002 - semo.validator - INFO - Approval for list for tag operation for tag (tag2): True
2026-04-16 16:20:02,002 - semo.backend - INFO - Approved - List files for tag direct operation (tag2) : True
2026-04-16 16:20:02,003 - semo.validator - INFO - Tag Exists 'tag2': True
2026-04-16 16:20:02,003 - semo.validator - INFO - Approval for list for tag operation for tag (tag2): True
2026-04-16 16:20:02,003 - semo.backend - INFO - Approved - List files for tag direct operation (tag2) : True
2026-04-16 16:20:02,005 - semo.validator - INFO - Tag Exists 'tag2': True
2026-04-16 16:20:02,005 - semo.validator - INFO - Approval for list for tag operation for tag (tag2): True
2026-04-16 16:20:02,005 - semo.backend - INFO - Approved - List direct subtags operation (tag2) : True
2026-04-16 16:20:02,006 - semo.validator - INFO - Tag Exists 'tag2': True
2026-04-16 16:20:02,006 - semo.validator - INFO - Approval for list for tag operation for tag (tag2): True
2026-04-16 16:20:02,006 - semo.backend - INFO - Approved - List files for tag direct operation (tag2) : True
2026-04-16 16:20:02,008 - semo.validator - INFO - Tag Exists 'tag2': True
2026-04-16 16:20:02,008 - semo.validator - INFO - Approval for list for tag operation for tag (tag2): True
2026-04-16 16:20:02,008 - semo.backend - INFO - Approved - List files for tag direct operation (tag2) : True
2026-04-16 16:20:02,010 - semo.validator - INFO - Tag Exists 'tag2': True
2026-04-16 16:20:02,010 - semo.validator - INFO - Approval for list for tag operation for tag (tag2): True
2026-04-16 16:20:02,010 - semo.backend - INFO - Approved - List files for tag direct operation (tag2) : True
2026-04-16 16:20:02,012 - semo.validator - INFO - Tag Exists 'tag1': True
2026-04-16 16:20:02,013 - semo.validator - INFO - Approval for list for tag operation for tag (tag1): True
2026-04-16 16:20:02,013 - semo.backend - INFO - Approved - List files for tag direct operation (tag1) : True
2026-04-16 16:20:02,014 - semo.validator - INFO - Tag Exists 'tag1': True
2026-04-16 16:20:02,014 - semo.validator - INFO - Approval for list for tag operation for tag (tag1): True
2026-04-16 16:20:02,014 - semo.backend - INFO - Approved - List files for tag direct operation (tag1) : True
2026-04-16 16:20:02,016 - semo.validator - INFO - Tag Exists 'tag1': True
2026-04-16 16:20:02,016 - semo.validator - INFO - Approval for list for tag operation for tag (tag1): True
2026-04-16 16:20:02,016 - semo.backend - INFO - Approved - List direct subtags operation (tag1) : True
2026-04-16 16:20:02,016 - semo.validator - INFO - Tag Exists 'tag1': True
2026-04-16 16:20:02,016 - semo.validator - INFO - Approval for list for tag operation for tag (tag1): True
2026-04-16 16:20:02,016 - semo.backend - INFO - Approved - List files for tag direct operation (tag1) : True
2026-04-16 16:20:02,018 - semo.validator - INFO - Tag Exists 'tag1': True
2026-04-16 16:20:02,018 - semo.validator - INFO - Approval for list for tag operation for tag (tag1): True
2026-04-16 16:20:02,018 - semo.backend - INFO - Approved - List files for tag direct operation (tag1) : True
2026-04-16 16:20:02,019 - semo.validator - INFO - Tag Exists 'tag3': True
2026-04-16 16:20:02,019 - semo.validator - INFO - Approval for list for tag operation for tag (tag3): True
2026-04-16 16:20:02,019 - semo.backend - INFO - Approved - List files for tag direct operation (tag3) : True
2026-04-16 16:20:02,020 - semo.validator - INFO - Tag Exists 'tag3': True
2026-04-16 16:20:02,020 - semo.validator - INFO - Approval for list for tag operation for tag (tag3): True
2026-04-16 16:20:02,020 - semo.backend - INFO - Approved - List files for tag direct operation (tag3) : True
2026-04-16 16:20:02,021 - semo.validator - INFO - Tag Exists 'tag3': True
2026-04-16 16:20:02,021 - semo.validator - INFO - Approval for list for tag operation for tag (tag3): True
2026-04-16 16:20:02,021 - semo.backend - INFO - Approved - List direct subtags operation (tag3) : True
2026-04-16 16:20:02,021 - semo.validator - INFO - Tag Exists 'tag3': True
2026-04-16 16:20:02,021 - semo.validator - INFO - Approval for list for tag operation for tag (tag3): True
2026-04-16 16:20:02,021 - semo.backend - INFO - Approved - List files for tag direct operation (tag3) : True
2026-04-16 16:20:02,022 - semo.validator - INFO - Tag Exists 'tag3': True
2026-04-16 16:20:02,022 - semo.validator - INFO - Approval for list for tag operation for tag (tag3): True
2026-04-16 16:20:02,022 - semo.backend - INFO - Approved - List files for tag direct operation (tag3) : True
2026-04-16 16:20:02,023 - semo.validator - INFO - Tag Exists 'tag3': True
2026-04-16 16:20:02,023 - semo.validator - INFO - Approval for list for tag operation for tag (tag3): True
2026-04-16 16:20:02,023 - semo.backend - INFO - Approved - List files for tag direct operation (tag3) : True
2026-04-16 16:20:02,025 - semo.validator - INFO - Tag Exists 'tag1': True
2026-04-16 16:20:02,025 - semo.validator - INFO - Approval for list for tag operation for tag (tag1): True
2026-04-16 16:20:02,025 - semo.backend - INFO - Approved - List files for tag direct operation (tag1) : True
2026-04-16 16:20:02,026 - semo.validator - INFO - Tag Exists 'tag1': True
2026-04-16 16:20:02,026 - semo.validator - INFO - Approval for list for tag operation for tag (tag1): True
2026-04-16 16:20:02,026 - semo.backend - INFO - Approved - List files for tag direct operation (tag1) : True
2026-04-16 16:31:43,403 - semo.validator - INFO - Tag Exists 'tag1': True
2026-04-16 16:31:43,404 - semo.validator - INFO - Approval for list for tag operation for tag (tag1): True
2026-04-16 16:31:43,404 - semo.backend - INFO - Approved - List direct subtags operation (tag1) : True
2026-04-16 16:31:43,406 - semo.validator - INFO - Tag Exists 'tag1': True
2026-04-16 16:31:43,406 - semo.validator - INFO - Approval for list for tag operation for tag (tag1): True
2026-04-16 16:31:43,406 - semo.backend - INFO - Approved - List files for tag direct operation (tag1) : True
2026-04-16 16:31:44,517 - semo.validator - INFO - Tag Exists 'tag2': True
2026-04-16 16:31:44,517 - semo.validator - INFO - Approval for list for tag operation for tag (tag2): True
2026-04-16 16:31:44,517 - semo.backend - INFO - Approved - List direct subtags operation (tag2) : True
2026-04-16 16:31:44,517 - semo.validator - INFO - Tag Exists 'tag2': True
2026-04-16 16:31:44,517 - semo.validator - INFO - Approval for list for tag operation for tag (tag2): True
2026-04-16 16:31:44,517 - semo.backend - INFO - Approved - List files for tag direct operation (tag2) : True
2026-04-16 16:31:44,521 - semo.validator - INFO - Tag Exists 'tag1': True
2026-04-16 16:31:44,521 - semo.validator - INFO - Approval for list for tag operation for tag (tag1): True
2026-04-16 16:31:44,521 - semo.backend - INFO - Approved - List direct subtags operation (tag1) : True
2026-04-16 16:31:44,521 - semo.validator - INFO - Tag Exists 'tag1': True
2026-04-16 16:31:44,522 - semo.validator - INFO - Approval for list for tag operation for tag (tag1): True
2026-04-16 16:31:44,522 - semo.backend - INFO - Approved - List files for tag direct operation (tag1) : True
2026-04-16 16:31:44,524 - semo.validator - INFO - Tag Exists 'tag3': True
2026-04-16 16:31:44,524 - semo.validator - INFO - Approval for list for tag operation for tag (tag3): True
2026-04-16 16:31:44,524 - semo.backend - INFO - Approved - List direct subtags operation (tag3) : True
2026-04-16 16:31:44,526 - semo.validator - INFO - Tag Exists 'tag3': True
2026-04-16 16:31:44,526 - semo.validator - INFO - Approval for list for tag operation for tag (tag3): True
2026-04-16 16:31:44,526 - semo.backend - INFO - Approved - List files for tag direct operation (tag3) : True
2026-04-16 16:33:35,154 - semo.validator - INFO - Tag Exists 'tag1': True
2026-04-16 16:33:35,154 - semo.validator - INFO - Approval for list for tag operation for tag (tag1): True
2026-04-16 16:33:35,154 - semo.backend - INFO - Approved - List direct subtags operation (tag1) : True
2026-04-16 16:33:35,155 - semo.validator - INFO - Tag Exists 'tag1': True
2026-04-16 16:33:35,156 - semo.validator - INFO - Approval for list for tag operation for tag (tag1): True
2026-04-16 16:33:35,156 - semo.backend - INFO - Approved - List files for tag direct operation (tag1) : True
2026-04-16 16:33:35,161 - semo.validator - INFO - Tag Exists 'tag3': True
2026-04-16 16:33:35,161 - semo.validator - INFO - Approval for list for tag operation for tag (tag3): True
2026-04-16 16:33:35,161 - semo.backend - INFO - Approved - List direct subtags operation (tag3) : True
2026-04-16 16:33:35,161 - semo.validator - INFO - Tag Exists 'tag3': True
2026-04-16 16:33:35,161 - semo.validator - INFO - Approval for list for tag operation for tag (tag3): True
2026-04-16 16:33:35,161 - semo.backend - INFO - Approved - List files for tag direct operation (tag3) : True
2026-04-16 16:33:35,166 - semo.validator - INFO - Tag Exists 'tag2': True
2026-04-16 16:33:35,166 - semo.validator - INFO - Approval for list for tag operation for tag (tag2): True
2026-04-16 16:33:35,166 - semo.backend - INFO - Approved - List direct subtags operation (tag2) : True
2026-04-16 16:33:35,166 - semo.validator - INFO - Tag Exists 'tag2': True
2026-04-16 16:33:35,166 - semo.validator - INFO - Approval for list for tag operation for tag (tag2): True
2026-04-16 16:33:35,166 - semo.backend - INFO - Approved - List files for tag direct operation (tag2) : True
2026-04-16 16:33:39,029 - semo.validator - INFO - Tag Exists 'tag1': True
2026-04-16 16:33:39,029 - semo.validator - INFO - Approval for list for tag operation for tag (tag1): True
2026-04-16 16:33:39,029 - semo.backend - INFO - Approved - List direct subtags operation (tag1) : True
2026-04-16 16:33:39,029 - semo.validator - INFO - Tag Exists 'tag1': True
2026-04-16 16:33:39,029 - semo.validator - INFO - Approval for list for tag operation for tag (tag1): True
2026-04-16 16:33:39,029 - semo.backend - INFO - Approved - List files for tag direct operation (tag1) : True
2026-04-16 16:33:40,224 - semo.validator - INFO - Tag Exists 'tag1': True
2026-04-16 16:33:40,224 - semo.validator - INFO - Approval for list for tag operation for tag (tag1): True
2026-04-16 16:33:40,224 - semo.backend - INFO - Approved - List direct subtags operation (tag1) : True
2026-04-16 16:33:40,226 - semo.validator - INFO - Tag Exists 'tag1': True
2026-04-16 16:33:40,226 - semo.validator - INFO - Approval for list for tag operation for tag (tag1): True
2026-04-16 16:33:40,226 - semo.backend - INFO - Approved - List files for tag direct operation (tag1) : True
2026-04-16 16:33:40,231 - semo.validator - INFO - Tag Exists 'tag3': True
2026-04-16 16:33:40,231 - semo.validator - INFO - Approval for list for tag operation for tag (tag3): True
2026-04-16 16:33:40,231 - semo.backend - INFO - Approved - List direct subtags operation (tag3) : True
2026-04-16 16:33:40,231 - semo.validator - INFO - Tag Exists 'tag3': True
2026-04-16 16:33:40,231 - semo.validator - INFO - Approval for list for tag operation for tag (tag3): True
2026-04-16 16:33:40,231 - semo.backend - INFO - Approved - List files for tag direct operation (tag3) : True
2026-04-16 16:33:40,236 - semo.validator - INFO - Tag Exists 'tag2': True
2026-04-16 16:33:40,236 - semo.validator - INFO - Approval for list for tag operation for tag (tag2): True
2026-04-16 16:33:40,237 - semo.backend - INFO - Approved - List direct subtags operation (tag2) : True
2026-04-16 16:33:40,237 - semo.validator - INFO - Tag Exists 'tag2': True
2026-04-16 16:33:40,237 - semo.validator - INFO - Approval for list for tag operation for tag (tag2): True
2026-04-16 16:33:40,237 - semo.backend - INFO - Approved - List files for tag direct operation (tag2) : True
2026-04-16 16:34:34,786 - semo.validator - INFO - Tag Exists 'tag1': True
2026-04-16 16:34:34,787 - semo.validator - INFO - Approval for list for tag operation for tag (tag1): True
2026-04-16 16:34:34,787 - semo.backend - INFO - Approved - List direct subtags operation (tag1) : True
2026-04-16 16:34:34,788 - semo.validator - INFO - Tag Exists 'tag1': True
2026-04-16 16:34:34,788 - semo.validator - INFO - Approval for list for tag operation for tag (tag1): True
2026-04-16 16:34:34,788 - semo.backend - INFO - Approved - List files for tag direct operation (tag1) : True
2026-04-16 16:34:35,915 - semo.validator - INFO - Tag Exists 'tag1': True
2026-04-16 16:34:35,915 - semo.validator - INFO - Approval for list for tag operation for tag (tag1): True
2026-04-16 16:34:35,915 - semo.backend - INFO - Approved - List direct subtags operation (tag1) : True
2026-04-16 16:34:35,916 - semo.validator - INFO - Tag Exists 'tag1': True
2026-04-16 16:34:35,916 - semo.validator - INFO - Approval for list for tag operation for tag (tag1): True
2026-04-16 16:34:35,916 - semo.backend - INFO - Approved - List files for tag direct operation (tag1) : True
2026-04-16 16:34:35,919 - semo.validator - INFO - Tag Exists 'tag3': True
2026-04-16 16:34:35,919 - semo.validator - INFO - Approval for list for tag operation for tag (tag3): True
2026-04-16 16:34:35,919 - semo.backend - INFO - Approved - List direct subtags operation (tag3) : True
2026-04-16 16:34:35,919 - semo.validator - INFO - Tag Exists 'tag3': True
2026-04-16 16:34:35,919 - semo.validator - INFO - Approval for list for tag operation for tag (tag3): True
2026-04-16 16:34:35,920 - semo.backend - INFO - Approved - List files for tag direct operation (tag3) : True
2026-04-16 16:34:35,927 - semo.validator - INFO - Tag Exists 'tag2': True
2026-04-16 16:34:35,927 - semo.validator - INFO - Approval for list for tag operation for tag (tag2): True
2026-04-16 16:34:35,927 - semo.backend - INFO - Approved - List direct subtags operation (tag2) : True
2026-04-16 16:34:35,927 - semo.validator - INFO - Tag Exists 'tag2': True
2026-04-16 16:34:35,928 - semo.validator - INFO - Approval for list for tag operation for tag (tag2): True
2026-04-16 16:34:35,928 - semo.backend - INFO - Approved - List files for tag direct operation (tag2) : True
2026-04-16 16:34:40,987 - semo.validator - INFO - Tag Exists 'tag1': True
2026-04-16 16:34:40,987 - semo.validator - INFO - Approval for list for tag operation for tag (tag1): True
2026-04-16 16:34:40,987 - semo.backend - INFO - Approved - List direct subtags operation (tag1) : True
2026-04-16 16:34:40,988 - semo.validator - INFO - Tag Exists 'tag1': True
2026-04-16 16:34:40,988 - semo.validator - INFO - Approval for list for tag operation for tag (tag1): True
2026-04-16 16:34:40,988 - semo.backend - INFO - Approved - List files for tag direct operation (tag1) : True
2026-04-16 16:34:40,990 - semo.validator - INFO - Tag Exists 'tag3': True
2026-04-16 16:34:40,990 - semo.validator - INFO - Approval for list for tag operation for tag (tag3): True
2026-04-16 16:34:40,990 - semo.backend - INFO - Approved - List direct subtags operation (tag3) : True
2026-04-16 16:34:40,991 - semo.validator - INFO - Tag Exists 'tag3': True
2026-04-16 16:34:40,991 - semo.validator - INFO - Approval for list for tag operation for tag (tag3): True
2026-04-16 16:34:40,991 - semo.backend - INFO - Approved - List files for tag direct operation (tag3) : True
2026-04-16 16:34:40,998 - semo.validator - INFO - Tag Exists 'tag2': True
2026-04-16 16:34:40,998 - semo.validator - INFO - Approval for list for tag operation for tag (tag2): True
2026-04-16 16:34:40,998 - semo.backend - INFO - Approved - List direct subtags operation (tag2) : True
2026-04-16 16:34:40,998 - semo.validator - INFO - Tag Exists 'tag2': True
2026-04-16 16:34:40,998 - semo.validator - INFO - Approval for list for tag operation for tag (tag2): True
2026-04-16 16:34:40,998 - semo.backend - INFO - Approved - List files for tag direct operation (tag2) : True
2026-04-16 16:34:46,057 - semo.validator - INFO - Tag Exists 'tag1': True
2026-04-16 16:34:46,057 - semo.validator - INFO - Approval for list for tag operation for tag (tag1): True
2026-04-16 16:34:46,057 - semo.backend - INFO - Approved - List direct subtags operation (tag1) : True
2026-04-16 16:34:46,057 - semo.validator - INFO - Tag Exists 'tag1': True
2026-04-16 16:34:46,058 - semo.validator - INFO - Approval for list for tag operation for tag (tag1): True
2026-04-16 16:34:46,058 - semo.backend - INFO - Approved - List files for tag direct operation (tag1) : True
2026-04-16 16:34:46,061 - semo.validator - INFO - Tag Exists 'tag3': True
2026-04-16 16:34:46,061 - semo.validator - INFO - Approval for list for tag operation for tag (tag3): True
2026-04-16 16:34:46,061 - semo.backend - INFO - Approved - List direct subtags operation (tag3) : True
2026-04-16 16:34:46,062 - semo.validator - INFO - Tag Exists 'tag3': True
2026-04-16 16:34:46,062 - semo.validator - INFO - Approval for list for tag operation for tag (tag3): True
2026-04-16 16:34:46,062 - semo.backend - INFO - Approved - List files for tag direct operation (tag3) : True
2026-04-16 16:34:46,068 - semo.validator - INFO - Tag Exists 'tag2': True
2026-04-16 16:34:46,068 - semo.validator - INFO - Approval for list for tag operation for tag (tag2): True
2026-04-16 16:34:46,068 - semo.backend - INFO - Approved - List direct subtags operation (tag2) : True
2026-04-16 16:34:46,068 - semo.validator - INFO - Tag Exists 'tag2': True
2026-04-16 16:34:46,068 - semo.validator - INFO - Approval for list for tag operation for tag (tag2): True
2026-04-16 16:34:46,068 - semo.backend - INFO - Approved - List files for tag direct operation (tag2) : True
